year;pollutant;metric;parameter;concentration;population;population_cum;population_cum_rel;source
2010;NO2;Jahresmittel;NO2;6.5;16;16;1.1793244240865578e-5;BAFU & BFS
2010;NO2;Jahresmittel;NO2;7.5;53;69;5.022474119836633e-5;BAFU & BFS
2010;NO2;Jahresmittel;NO2;8.5;266;336;2.4361535764007872e-4;BAFU & BFS
2010;NO2;Jahresmittel;NO2;9.5;886;1221;8.868727575686538e-4;BAFU & BFS
2010;NO2;Jahresmittel;NO2;10.5;1528;2749;0.0019961102710633984;BAFU & BFS
2010;NO2;Jahresmittel;NO2;11.5;2424;5173;0.0037561016777697795;BAFU & BFS
2010;NO2;Jahresmittel;NO2;12.5;3580;8753;0.006355786616118407;BAFU & BFS
2010;NO2;Jahresmittel;NO2;13.5;6607;15360;0.01115309043524209;BAFU & BFS
2010;NO2;Jahresmittel;NO2;14.5;12483;27843;0.020217129369816664;BAFU & BFS
2010;NO2;Jahresmittel;NO2;15.5;19868;47712;0.03464337702352918;BAFU & BFS
2010;NO2;Jahresmittel;NO2;16.5;35208;82920;0.06020808273889871;BAFU & BFS
2010;NO2;Jahresmittel;NO2;17.5;50140;133060;0.0966148258283278;BAFU & BFS
2010;NO2;Jahresmittel;NO2;18.5;68103;201163;0.1460646953938737;BAFU & BFS
2010;NO2;Jahresmittel;NO2;19.5;82985;284148;0.20632031256013625;BAFU & BFS
2010;NO2;Jahresmittel;NO2;20.5;100329;384477;0.2791691084633964;BAFU & BFS
2010;NO2;Jahresmittel;NO2;21.5;108121;492598;0.35767564973323446;BAFU & BFS
2010;NO2;Jahresmittel;NO2;22.5;107315;599913;0.4355973240441715;BAFU & BFS
2010;NO2;Jahresmittel;NO2;23.5;90509;690422;0.5013162620841533;BAFU & BFS
2010;NO2;Jahresmittel;NO2;24.5;78669;769091;0.5584377577133688;BAFU & BFS
2010;NO2;Jahresmittel;NO2;25.5;65874;834965;0.6062689318908072;BAFU & BFS
2010;NO2;Jahresmittel;NO2;26.5;63982;898947;0.6527264856253079;BAFU & BFS
2010;NO2;Jahresmittel;NO2;27.5;56939;955887;0.6940701900930621;BAFU & BFS
2010;NO2;Jahresmittel;NO2;28.5;59308;1015195;0.7371339884515701;BAFU & BFS
2010;NO2;Jahresmittel;NO2;29.5;53373;1068568;0.7758884076967952;BAFU & BFS
2010;NO2;Jahresmittel;NO2;30.5;54258;1122826;0.8152850581176259;BAFU & BFS
2010;NO2;Jahresmittel;NO2;31.5;55784;1178610;0.8557901620666252;BAFU & BFS
2010;NO2;Jahresmittel;NO2;32.5;40341;1218951;0.8850814860855178;BAFU & BFS
2010;NO2;Jahresmittel;NO2;33.5;38557;1257508;0.9130776479777858;BAFU & BFS
2010;NO2;Jahresmittel;NO2;34.5;33374;1290882;0.9373106661217265;BAFU & BFS
2010;NO2;Jahresmittel;NO2;35.5;30340;1321222;0.9593408148596166;BAFU & BFS
2010;NO2;Jahresmittel;NO2;36.5;22117;1343339;0.9753999628872824;BAFU & BFS
2010;NO2;Jahresmittel;NO2;37.5;11064;1354403;0.9834332177468817;BAFU & BFS
2010;NO2;Jahresmittel;NO2;38.5;8718;1363121;0.989763183212531;BAFU & BFS
2010;NO2;Jahresmittel;NO2;39.5;6279;1369400;0.9943225418769235;BAFU & BFS
2010;NO2;Jahresmittel;NO2;40.5;1752;1371151;0.995594341252658;BAFU & BFS
2010;NO2;Jahresmittel;NO2;41.5;1840;1372991;0.9969301927354259;BAFU & BFS
2010;NO2;Jahresmittel;NO2;42.5;218;1373209;0.9970886240260993;BAFU & BFS
2010;NO2;Jahresmittel;NO2;43.5;679;1373888;0.9975816849812661;BAFU & BFS
2010;NO2;Jahresmittel;NO2;44.5;757;1374646;0.99813165494215506;BAFU & BFS
2010;NO2;Jahresmittel;NO2;45.5;741;1375386;0.9986693842402853;BAFU & BFS
2010;NO2;Jahresmittel;NO2;46.5;786;1376172;0.9992399027133524;BAFU & BFS
2010;NO2;Jahresmittel;NO2;47.5;109;1376281;0.9993188351631986;BAFU & BFS
2010;NO2;Jahresmittel;NO2;48.5;436;1376717;0.9996356390024413;BAFU & BFS
2010;NO2;Jahresmittel;NO2;51.5;502;1377219;1;BAFU & BFS
2010;O3;mittlere Sommertagbelastung;O3_peakseason_mean_d1_max_mean_h8gl;69;502;502;3.6436099755862955e-4;BAFU & BFS
2010;O3;mittlere Sommertagbelastung;O3_peakseason_mean_d1_max_mean_h8gl;71;524;1026;7.447946612958263e-4;BAFU & BFS
2010;O3;mittlere Sommertagbelastung;O3_peakseason_mean_d1_max_mean_h8gl;73;1580;2605;0.0018917431509585692;BAFU & BFS
2010;O3;mittlere Sommertagbelastung;O3_peakseason_mean_d1_max_mean_h8gl;75;2598;5204;0.0037784631855953335;BAFU & BFS
2010;O3;mittlere Sommertagbelastung;O3_peakseason_mean_d1_max_mean_h8gl;77;12486;17690;0.012844753968969823;BAFU & BFS
2010;O3;mittlere Sommertagbelastung;O3_peakseason_mean_d1_max_mean_h8gl;79;48529;66219;0.04808158368269968;BAFU & BFS
2010;O3;mittlere Sommertagbelastung;O3_peakseason_mean_d1_max_mean_h8gl;81;102867;169086;0.12277359967470086;BAFU & BFS
2010;O3;mittlere Sommertagbelastung;O3_peakseason_mean_d1_max_mean_h8gl;83;159426;328512;0.23853288236735742;BAFU & BFS
2010;O3;mittlere Sommertagbelastung;O3_peakseason_mean_d1_max_mean_h8gl;85;177382;505894;0.36733016340442287;BAFU & BFS
2010;O3;mittlere Sommertagbelastung;O3_peakseason_mean_d1_max_mean_h8gl;87;226760;732654;0.5319807922814516;BAFU & BFS
2010;O3;mittlere Sommertagbelastung;O3_peakseason_mean_d1_max_mean_h8gl;89;312643;1045297;0.7589915143283937;BAFU & BFS
2010;O3;mittlere Sommertagbelastung;O3_peakseason_mean_d1_max_mean_h8gl;91;225606;1270903;0.9228039742914713;BAFU & BFS
2010;O3;mittlere Sommertagbelastung;O3_peakseason_mean_d1_max_mean_h8gl;93;86155;1357058;0.9853614366504153;BAFU & BFS
2010;O3;mittlere Sommertagbelastung;O3_peakseason_mean_d1_max_mean_h8gl;95;16532;1373590;0.9973649788939382;BAFU & BFS
2010;O3;mittlere Sommertagbelastung;O3_peakseason_mean_d1_max_mean_h8gl;97;3507;1377097;0.9999113725697819;BAFU & BFS
2010;O3;mittlere Sommertagbelastung;O3_peakseason_mean_d1_max_mean_h8gl;99;122;1377219;1;BAFU & BFS
2010;O3;typische Spitzenbelastung;O3_max_98p_m1;157;18;18;1.3273096570376907e-5;BAFU & BFS
2010;O3;typische Spitzenbelastung;O3_max_98p_m1;159;66;84;6.110740494741135e-5;BAFU & BFS
2010;O3;typische Spitzenbelastung;O3_max_98p_m1;161;482;566;4.110006875193525e-4;BAFU & BFS
2010;O3;typische Spitzenbelastung;O3_max_98p_m1;163;1632;2198;0.0015957443976895478;BAFU & BFS
2010;O3;typische Spitzenbelastung;O3_max_98p_m1;165;8930;11128;0.008080296331390253;BAFU & BFS
2010;O3;typische Spitzenbelastung;O3_max_98p_m1;167;105673;116801;0.08481269113318227;BAFU & BFS
2010;O3;typische Spitzenbelastung;O3_max_98p_m1;169;211419;328220;0.23833045741843437;BAFU & BFS
2010;O3;typische Spitzenbelastung;O3_max_98p_m1;171;632278;960499;0.697446468108966;BAFU & BFS
2010;O3;typische Spitzenbelastung;O3_max_98p_m1;173;369781;1330279;0.9659553034906083;BAFU & BFS
2010;O3;typische Spitzenbelastung;O3_max_98p_m1;175;46885;1377165;1;BAFU & BFS
2010;PM10;Jahresmittel;PM10;9.75;28;28;2.063817742151476e-5;BAFU & BFS
2010;PM10;Jahresmittel;PM10;10.25;30;58;4.2088436159732145e-5;BAFU & BFS
2010;PM10;Jahresmittel;PM10;10.75;11;69;5.018335992849128e-5;BAFU & BFS
2010;PM10;Jahresmittel;PM10;11.25;86;155;1.1246612107731711e-4;BAFU & BFS
2010;PM10;Jahresmittel;PM10;11.75;191;346;2.510265476477833e-4;BAFU & BFS
2010;PM10;Jahresmittel;PM10;12.25;345;690;5.012319257331405e-4;BAFU & BFS
2010;PM10;Jahresmittel;PM10;12.75;424;1115;8.093651585322623e-4;BAFU & BFS
2010;PM10;Jahresmittel;PM10;13.25;584;1699;0.0012334530461122885;BAFU & BFS
2010;PM10;Jahresmittel;PM10;13.75;905;2604;0.001890932327681258;BAFU & BFS
2010;PM10;Jahresmittel;PM10;14.25;1658;4262;0.0030944865385963186;BAFU & BFS
2010;PM10;Jahresmittel;PM10;14.75;1893;6155;0.00446895916349157;BAFU & BFS
2010;PM10;Jahresmittel;PM10;15.25;2962;9117;0.006619502678198325;BAFU & BFS
2010;PM10;Jahresmittel;PM10;15.75;5752;14869;0.010796157858247925;BAFU & BFS
2010;PM10;Jahresmittel;PM10;16.25;4804;19673;0.014284612060140388;BAFU & BFS
2010;PM10;Jahresmittel;PM10;16.75;11207;30880;0.022422253486579478;BAFU & BFS
2010;PM10;Jahresmittel;PM10;17.25;12363;43243;0.03139902356764828;BAFU & BFS
2010;PM10;Jahresmittel;PM10;17.75;16943;60186;0.04370104400186477;BAFU & BFS
2010;PM10;Jahresmittel;PM10;18.25;36884;97070;0.07048238247114681;BAFU & BFS
2010;PM10;Jahresmittel;PM10;18.75;147817;244887;0.17781266047036698;BAFU & BFS
2010;PM10;Jahresmittel;PM10;19.25;230094;474981;0.34488423461241424;BAFU & BFS
2010;PM10;Jahresmittel;PM10;19.75;295971;770952;0.5597892240550508;BAFU & BFS
2010;PM10;Jahresmittel;PM10;20.25;265631;1036583;0.7526641313276393;BAFU & BFS
2010;PM10;Jahresmittel;PM10;20.75;195276;1231859;0.8944540522863992;BAFU & BFS
2010;PM10;Jahresmittel;PM10;21.25;108678;1340537;0.9733650005326365;BAFU & BFS
2010;PM10;Jahresmittel;PM10;21.75;26909;1367445;0.9929034836900019;BAFU & BFS
2010;PM10;Jahresmittel;PM10;22.25;7090;1374535;0.9980514437833041;BAFU & BFS
2010;PM10;Jahresmittel;PM10;22.75;1836;1376372;0.999384862602871;BAFU & BFS
2010;PM10;Jahresmittel;PM10;23.25;386;1376757;0.9996648656532555;BAFU & BFS
2010;PM10;Jahresmittel;PM10;23.75;434;1377192;0.999980168678429;BAFU & BFS
2010;PM10;Jahresmittel;PM10;24.25;27;1377219;1;BAFU & BFS
2010;PM2.5;Jahresmittel;PM2.5;7.25;28;28;2.063817742151476e-5;BAFU & BFS
2010;PM2.5;Jahresmittel;PM2.5;7.75;30;58;4.2088436159732145e-5;BAFU & BFS
2010;PM2.5;Jahresmittel;PM2.5;8.25;61;119;8.608164777320765e-5;BAFU & BFS
2010;PM2.5;Jahresmittel;PM2.5;8.75;227;346;2.510265476477833e-4;BAFU & BFS
2010;PM2.5;Jahresmittel;PM2.5;9.25;513;859;6.233607364863571e-4;BAFU & BFS
2010;PM2.5;Jahresmittel;PM2.5;9.75;671;1530;0.0011108991260060047;BAFU & BFS
2010;PM2.5;Jahresmittel;PM2.5;10.25;1074;2604;0.001890932327681258;BAFU & BFS
2010;PM2.5;Jahresmittel;PM2.5;10.75;2487;5092;0.0036969992475678094;BAFU & BFS
2010;PM2.5;Jahresmittel;PM2.5;11.25;3615;8707;0.006321831190096767;BAFU & BFS
2010;PM2.5;Jahresmittel;PM2.5;11.75;6162;14869;0.010796157858247925;BAFU & BFS
2010;PM2.5;Jahresmittel;PM2.5;12.25;8372;23241;0.016875083180345047;BAFU & BFS
2010;PM2.5;Jahresmittel;PM2.5;12.75;17033;40273;0.029242477531111748;BAFU & BFS
2010;PM2.5;Jahresmittel;PM2.5;13.25;19913;60186;0.043701044001864774;BAFU & BFS
2010;PM2.5;Jahresmittel;PM2.5;13.75;73273;133459;0.09690472436601827;BAFU & BFS
2010;PM2.5;Jahresmittel;PM2.5;14.25;287395;420854;0.3055827526849944;BAFU & BFS
2010;PM2.5;Jahresmittel;PM2.5;14.75;350098;770952;0.5597892240550508;BAFU & BFS
2010;PM2.5;Jahresmittel;PM2.5;15.25;357454;1128406;0.819336966545257;BAFU & BFS
2010;PM2.5;Jahresmittel;PM2.5;15.75;194130;1322536;0.9602947387702937;BAFU & BFS
2010;PM2.5;Jahresmittel;PM2.5;16.25;44909;1367445;0.9929034836900019;BAFU & BFS
2010;PM2.5;Jahresmittel;PM2.5;16.75;7972;1375418;0.9986922287164626;BAFU & BFS
2010;PM2.5;Jahresmittel;PM2.5;17.25;1025;1376443;0.9994365912933393;BAFU & BFS
2010;PM2.5;Jahresmittel;PM2.5;17.75;749;1377192;0.999980168678429;BAFU & BFS
2010;PM2.5;Jahresmittel;PM2.5;18.25;27;1377219;1;BAFU & BFS
2011;NO2;Jahresmittel;NO2;5.5;5;5;3.619513434773893e-6;BAFU & BFS
2011;NO2;Jahresmittel;NO2;6.5;49;54;3.855531252996491e-5;BAFU & BFS
2011;NO2;Jahresmittel;NO2;7.5;211;265;1.89483467828168e-4;BAFU & BFS
2011;NO2;Jahresmittel;NO2;8.5;693;958;6.858741674539645e-4;BAFU & BFS
2011;NO2;Jahresmittel;NO2;9.5;1257;2215;0.0015859899292399188;BAFU & BFS
2011;NO2;Jahresmittel;NO2;10.5;2462;4677;0.0033486507554479714;BAFU & BFS
2011;NO2;Jahresmittel;NO2;11.5;3520;8197;0.005869267905247638;BAFU & BFS
2011;NO2;Jahresmittel;NO2;12.5;6684;14880;0.010654918045335256;BAFU & BFS
2011;NO2;Jahresmittel;NO2;13.5;12717;27598;0.019761115230767394;BAFU & BFS
2011;NO2;Jahresmittel;NO2;14.5;21005;48603;0.03480141852779552;BAFU & BFS
2011;NO2;Jahresmittel;NO2;15.5;36781;85384;0.061138247068436374;BAFU & BFS
2011;NO2;Jahresmittel;NO2;16.5;49238;134622;0.09639415055317825;BAFU & BFS
2011;NO2;Jahresmittel;NO2;17.5;71858;206480;0.14784751864684015;BAFU & BFS
2011;NO2;Jahresmittel;NO2;18.5;85479;291959;0.20905362755000073;BAFU & BFS
2011;NO2;Jahresmittel;NO2;19.5;109642;401601;0.28756143602855616;BAFU & BFS
2011;NO2;Jahresmittel;NO2;20.5;121297;522898;0.37441462090245964;BAFU & BFS
2011;NO2;Jahresmittel;NO2;21.5;108499;631397;0.45210392684634865;BAFU & BFS
2011;NO2;Jahresmittel;NO2;22.5;94433;725830;0.519721737925477;BAFU & BFS
2011;NO2;Jahresmittel;NO2;23.5;84913;810743;0.5805225243151874;BAFU & BFS
2011;NO2;Jahresmittel;NO2;24.5;70842;881585;0.6312480079629542;BAFU & BFS
2011;NO2;Jahresmittel;NO2;25.5;59594;941179;0.673919566527588;BAFU & BFS
2011;NO2;Jahresmittel;NO2;26.5;61902;1003081;0.7182435648244637;BAFU & BFS
2011;NO2;Jahresmittel;NO2;27.5;61874;1064955;0.7625478436073829;BAFU & BFS
2011;NO2;Jahresmittel;NO2;28.5;55225;1120181;0.8020912870289943;BAFU & BFS
2011;NO2;Jahresmittel;NO2;29.5;64463;1184643;0.8482489821649417;BAFU & BFS
2011;NO2;Jahresmittel;NO2;30.5;48010;1232654;0.8826261518308498;BAFU & BFS
2011;NO2;Jahresmittel;NO2;31.5;39753;1272406;0.9110904535386635;BAFU & BFS
2011;NO2;Jahresmittel;NO2;32.5;34368;1306774;0.9356990173841421;BAFU & BFS
2011;NO2;Jahresmittel;NO2;33.5;30262;1337035;0.9573675046352473;BAFU & BFS
2011;NO2;Jahresmittel;NO2;34.5;21437;1358473;0.9727173507088385;BAFU & BFS
2011;NO2;Jahresmittel;NO2;35.5;15323;1373796;0.9836892201433557;BAFU & BFS
2011;NO2;Jahresmittel;NO2;36.5;9614;1383409;0.9905729053971142;BAFU & BFS
2011;NO2;Jahresmittel;NO2;37.5;5058;1388467;0.9941943003611347;BAFU & BFS
2011;NO2;Jahresmittel;NO2;38.5;2771;1391238;0.9961782750606052;BAFU & BFS
2011;NO2;Jahresmittel;NO2;39.5;1152;1392390;0.9970030711996898;BAFU & BFS
2011;NO2;Jahresmittel;NO2;40.5;737;1393126;0.997530757180123;BAFU & BFS
2011;NO2;Jahresmittel;NO2;41.5;794;1393920;0.9980989524026469;BAFU & BFS
2011;NO2;Jahresmittel;NO2;42.5;294;1394214;0.9983095039763944;BAFU & BFS
2011;NO2;Jahresmittel;NO2;43.5;1028;1395243;0.999045941495802;BAFU & BFS
2011;NO2;Jahresmittel;NO2;44.5;359;1395602;0.999303267625074;BAFU & BFS
2011;NO2;Jahresmittel;NO2;45.5;462;1396064;0.999634326868414;BAFU & BFS
2011;NO2;Jahresmittel;NO2;48.5;511;1396575;1;BAFU & BFS
2011;O3;mittlere Sommertagbelastung;O3_peakseason_mean_d1_max_mean_h8gl;75;511;511;3.656731315861045e-4;BAFU & BFS
2011;O3;mittlere Sommertagbelastung;O3_peakseason_mean_d1_max_mean_h8gl;77;1861;2372;0.0016983801683355007;BAFU & BFS
2011;O3;mittlere Sommertagbelastung;O3_peakseason_mean_d1_max_mean_h8gl;79;1874;4246;0.0030402045183939488;BAFU & BFS
2011;O3;mittlere Sommertagbelastung;O3_peakseason_mean_d1_max_mean_h8gl;81;11442;15688;0.01123296107681787;BAFU & BFS
2011;O3;mittlere Sommertagbelastung;O3_peakseason_mean_d1_max_mean_h8gl;83;51776;67464;0.04830660327808162;BAFU & BFS
2011;O3;mittlere Sommertagbelastung;O3_peakseason_mean_d1_max_mean_h8gl;85;108271;175735;0.12583288024346412;BAFU & BFS
2011;O3;mittlere Sommertagbelastung;O3_peakseason_mean_d1_max_mean_h8gl;87;174123;349858;0.25051149436749104;BAFU & BFS
2011;O3;mittlere Sommertagbelastung;O3_peakseason_mean_d1_max_mean_h8gl;89;187060;536918;0.38445325398477614;BAFU & BFS
2011;O3;mittlere Sommertagbelastung;O3_peakseason_mean_d1_max_mean_h8gl;91;258745;795662;0.5697240515049817;BAFU & BFS
2011;O3;mittlere Sommertagbelastung;O3_peakseason_mean_d1_max_mean_h8gl;93;346215;1141878;0.8176272641146132;BAFU & BFS
2011;O3;mittlere Sommertagbelastung;O3_peakseason_mean_d1_max_mean_h8gl;95;184671;1326549;0.9498589168928271;BAFU & BFS
2011;O3;mittlere Sommertagbelastung;O3_peakseason_mean_d1_max_mean_h8gl;97;58874;1385423;0.9920148674601381;BAFU & BFS
2011;O3;mittlere Sommertagbelastung;O3_peakseason_mean_d1_max_mean_h8gl;99;9485;1394908;0.9988065083309486;BAFU & BFS
2011;O3;mittlere Sommertagbelastung;O3_peakseason_mean_d1_max_mean_h8gl;101;1639;1396548;0.99998034693024;BAFU & BFS
2011;O3;mittlere Sommertagbelastung;O3_peakseason_mean_d1_max_mean_h8gl;103;27;1396575;1;BAFU & BFS
2011;O3;typische Spitzenbelastung;O3_max_98p_m1;143;1323;1323;9.470712665035984e-4;BAFU & BFS
2011;O3;typische Spitzenbelastung;O3_max_98p_m1;145;10023;11346;0.00812431270752487;BAFU & BFS
2011;O3;typische Spitzenbelastung;O3_max_98p_m1;147;34445;45791;0.032789207754011694;BAFU & BFS
2011;O3;typische Spitzenbelastung;O3_max_98p_m1;149;65235;111026;0.079500974401136;BAFU & BFS
2011;O3;typische Spitzenbelastung;O3_max_98p_m1;151;313032;424058;0.3036502137206988;BAFU & BFS
2011;O3;typische Spitzenbelastung;O3_max_98p_m1;153;648970;1073029;0.7683508302324565;BAFU & BFS
2011;O3;typische Spitzenbelastung;O3_max_98p_m1;155;300687;1373716;0.983660339944629;BAFU & BFS
2011;O3;typische Spitzenbelastung;O3_max_98p_m1;157;22819;1396535;1;BAFU & BFS
2011;PM10;Jahresmittel;PM10;9.75;8;8;5.871994404793219e-6;BAFU & BFS
2011;PM10;Jahresmittel;PM10;10.25;46;54;3.855531252996491e-5;BAFU & BFS
2011;PM10;Jahresmittel;PM10;10.75;10;64;4.5875112308667686e-5;BAFU & BFS
2011;PM10;Jahresmittel;PM10;11.25;52;116;8.275838548262074e-5;BAFU & BFS
2011;PM10;Jahresmittel;PM10;11.75;196;312;2.2334697834343442e-4;BAFU & BFS
2011;PM10;Jahresmittel;PM10;12.25;344;656;4.6996650599587817e-4;BAFU & BFS
2011;PM10;Jahresmittel;PM10;12.75;354;1011;7.237996104193716e-4;BAFU & BFS
2011;PM10;Jahresmittel;PM10;13.25;514;1525;0.0010920965533215232;BAFU & BFS
2011;PM10;Jahresmittel;PM10;13.75;753;2279;0.0016315243400914095;BAFU & BFS
2011;PM10;Jahresmittel;PM10;14.25;1699;3978;0.0028481381179482636;BAFU & BFS
2011;PM10;Jahresmittel;PM10;14.75;1751;5729;0.004102095228898072;BAFU & BFS
2011;PM10;Jahresmittel;PM10;15.25;2954;8683;0.006217198973485908;BAFU & BFS
2011;PM10;Jahresmittel;PM10;15.75;4739;13422;0.009610302071474345;BAFU & BFS
2011;PM10;Jahresmittel;PM10;16.25;5326;18748;0.01342422158058084;BAFU & BFS
2011;PM10;Jahresmittel;PM10;16.75;10615;29363;0.021025127323611375;BAFU & BFS
2011;PM10;Jahresmittel;PM10;17.25;13279;42643;0.03053372461813527;BAFU & BFS
2011;PM10;Jahresmittel;PM10;17.75;17041;59683;0.04273554105714653;BAFU & BFS
2011;PM10;Jahresmittel;PM10;18.25;36872;96555;0.0691373099895775;BAFU & BFS
2011;PM10;Jahresmittel;PM10;18.75;118482;215038;0.15397505504531026;BAFU & BFS
2011;PM10;Jahresmittel;PM10;19.25;251694;466731;0.3341971173954704;BAFU & BFS
2011;PM10;Jahresmittel;PM10;19.75;312757;779488;0.5581427169069179;BAFU & BFS
2011;PM10;Jahresmittel;PM10;20.25;272901;1052389;0.7535501218291244;BAFU & BFS
2011;PM10;Jahresmittel;PM10;20.75;193913;1246302;0.8923991058876778;BAFU & BFS
2011;PM10;Jahresmittel;PM10;21.25;102014;1348317;0.965445164374379;BAFU & BFS
2011;PM10;Jahresmittel;PM10;21.75;37444;1385761;0.9922564551132215;BAFU & BFS
2011;PM10;Jahresmittel;PM10;22.25;8028;1393788;0.9980046505076883;BAFU & BFS
2011;PM10;Jahresmittel;PM10;22.75;1860;1395649;0.9993367286054314;BAFU & BFS
2011;PM10;Jahresmittel;PM10;23.25;147;1395796;0.9994418929333968;BAFU & BFS
2011;PM10;Jahresmittel;PM10;23.75;758;1396554;0.999984864746684;BAFU & BFS
2011;PM10;Jahresmittel;PM10;24.25;21;1396575;1;BAFU & BFS
2011;PM2.5;Jahresmittel;PM2.5;7.25;27;27;1.9009939982185886e-5;BAFU & BFS
2011;PM2.5;Jahresmittel;PM2.5;7.75;27;54;3.855531252996491e-5;BAFU & BFS
2011;PM2.5;Jahresmittel;PM2.5;8.25;52;106;7.554873838742076e-5;BAFU & BFS
2011;PM2.5;Jahresmittel;PM2.5;8.75;246;352;2.5173606695721046e-4;BAFU & BFS
2011;PM2.5;Jahresmittel;PM2.5;9.25;452;804;5.754320470011188e-4;BAFU & BFS
2011;PM2.5;Jahresmittel;PM2.5;9.75;559;1363;9.758199319330025e-4;BAFU & BFS
2011;PM2.5;Jahresmittel;PM2.5;10.25;1181;2544;0.0018217400131770654;BAFU & BFS
2011;PM2.5;Jahresmittel;PM2.5;10.75;2486;5030;0.003601700798556217;BAFU & BFS
2011;PM2.5;Jahresmittel;PM2.5;11.25;2910;7940;0.005685415347300066;BAFU & BFS
2011;PM2.5;Jahresmittel;PM2.5;11.75;6993;14934;0.0106930094129228;BAFU & BFS
2011;PM2.5;Jahresmittel;PM2.5;12.25;8805;23738;0.01699753737234994;BAFU & BFS
2011;PM2.5;Jahresmittel;PM2.5;12.75;15924;39662;0.028399567651338158;BAFU & BFS
2011;PM2.5;Jahresmittel;PM2.5;13.25;24487;64150;0.045933466704126694;BAFU & BFS
2011;PM2.5;Jahresmittel;PM2.5;13.75;86622;150772;0.10795834850149713;BAFU & BFS
2011;PM2.5;Jahresmittel;PM2.5;14.25;249027;399799;0.2862713089161922;BAFU & BFS
2011;PM2.5;Jahresmittel;PM2.5;14.75;441891;841690;0.6026817023246158;BAFU & BFS
2011;PM2.5;Jahresmittel;PM2.5;15.25;335090;1176780;0.8426186533403648;BAFU & BFS
2011;PM2.5;Jahresmittel;PM2.5;15.75;154571;1331351;0.9532970474854757;BAFU & BFS
2011;PM2.5;Jahresmittel;PM2.5;16.25;56885;1388236;0.994028940088354;BAFU & BFS
2011;PM2.5;Jahresmittel;PM2.5;16.75;6831;1395067;0.9989205427185065;BAFU & BFS
2011;PM2.5;Jahresmittel;PM2.5;17.25;728;1395796;0.9994418929333968;BAFU & BFS
2011;PM2.5;Jahresmittel;PM2.5;17.75;779;1396575;1;BAFU & BFS
2012;NO2;Jahresmittel;NO2;5.5;8;8;5.710773173414701e-6;BAFU & BFS
2012;NO2;Jahresmittel;NO2;6.5;45;53;3.780959551592213e-5;BAFU & BFS
2012;NO2;Jahresmittel;NO2;7.5;231;284;2.0106679307313046e-4;BAFU & BFS
2012;NO2;Jahresmittel;NO2;8.5;761;1046;7.401199504709916e-4;BAFU & BFS
2012;NO2;Jahresmittel;NO2;9.5;1486;2532;0.0017923989576694463;BAFU & BFS
2012;NO2;Jahresmittel;NO2;10.5;2758;5290;0.0037444211391191324;BAFU & BFS
2012;NO2;Jahresmittel;NO2;11.5;3863;9153;0.0064792949312800375;BAFU & BFS
2012;NO2;Jahresmittel;NO2;12.5;8062;17215;0.012186201136199244;BAFU & BFS
2012;NO2;Jahresmittel;NO2;13.5;14063;31278;0.022141243543640297;BAFU & BFS
2012;NO2;Jahresmittel;NO2;14.5;25982;57260;0.04053390929950108;BAFU & BFS
2012;NO2;Jahresmittel;NO2;15.5;40642;97903;0.06930431500006269;BAFU & BFS
2012;NO2;Jahresmittel;NO2;16.5;56177;154080;0.10907155982826008;BAFU & BFS
2012;NO2;Jahresmittel;NO2;17.5;80064;234144;0.16574841652376737;BAFU & BFS
2012;NO2;Jahresmittel;NO2;18.5;98847;332991;0.23572146946727626;BAFU & BFS
2012;NO2;Jahresmittel;NO2;19.5;115890;448882;0.3177591788586;BAFU & BFS
2012;NO2;Jahresmittel;NO2;20.5;128503;577385;0.4087252397492558;BAFU & BFS
2012;NO2;Jahresmittel;NO2;21.5;105678;683063;0.48353387555474187;BAFU & BFS
2012;NO2;Jahresmittel;NO2;22.5;94548;777611;0.5504633139848467;BAFU & BFS
2012;NO2;Jahresmittel;NO2;23.5;79055;856666;0.6064258681377538;BAFU & BFS
2012;NO2;Jahresmittel;NO2;24.5;69071;925738;0.6553208156387659;BAFU & BFS
2012;NO2;Jahresmittel;NO2;25.5;65178;990915;0.701459486901351;BAFU & BFS
2012;NO2;Jahresmittel;NO2;26.5;64237;1055152;0.7469323335721265;BAFU & BFS
2012;NO2;Jahresmittel;NO2;27.5;57449;1112601;0.7875997009181389;BAFU & BFS
2012;NO2;Jahresmittel;NO2;28.5;63549;1176150;0.8325854774804414;BAFU & BFS
2012;NO2;Jahresmittel;NO2;29.5;58927;1235077;0.8742991203905028;BAFU & BFS
2012;NO2;Jahresmittel;NO2;30.5;43526;1278603;0.9051107272296115;BAFU & BFS
2012;NO2;Jahresmittel;NO2;31.5;33570;1312173;0.9288745276887946;BAFU & BFS
2012;NO2;Jahresmittel;NO2;32.5;31909;1344081;0.9514623237293592;BAFU & BFS
2012;NO2;Jahresmittel;NO2;33.5;26124;1370206;0.9699555464184041;BAFU & BFS
2012;NO2;Jahresmittel;NO2;34.5;18771;1388977;0.9832435363022893;BAFU & BFS
2012;NO2;Jahresmittel;NO2;35.5;9226;1398203;0.9897747889608632;BAFU & BFS
2012;NO2;Jahresmittel;NO2;36.5;5987;1404191;0.9940132720653312;BAFU & BFS
2012;NO2;Jahresmittel;NO2;37.5;3186;1407377;0.9962688797320365;BAFU & BFS
2012;NO2;Jahresmittel;NO2;38.5;1146;1408523;0.9970798125817119;BAFU & BFS
2012;NO2;Jahresmittel;NO2;39.5;492;1409015;0.9974281822130444;BAFU & BFS
2012;NO2;Jahresmittel;NO2;40.5;1040;1410055;0.9981644958359417;BAFU & BFS
2012;NO2;Jahresmittel;NO2;41.5;286;1410341;0.9983672526257157;BAFU & BFS
2012;NO2;Jahresmittel;NO2;42.5;1007;1411349;0.999080192842574;BAFU & BFS
2012;NO2;Jahresmittel;NO2;43.5;349;1411697;0.9993269567215581;BAFU & BFS
2012;NO2;Jahresmittel;NO2;44.5;434;1412131;0.9996342466082195;BAFU & BFS
2012;NO2;Jahresmittel;NO2;47.5;517;1412648;1;BAFU & BFS
2012;O3;mittlere Sommertagbelastung;O3_peakseason_mean_d1_max_mean_h8gl;71;517;517;3.6575339178044155e-4;BAFU & BFS
2012;O3;mittlere Sommertagbelastung;O3_peakseason_mean_d1_max_mean_h8gl;73;753;1270;8.99119428400739e-4;BAFU & BFS
2012;O3;mittlere Sommertagbelastung;O3_peakseason_mean_d1_max_mean_h8gl;75;2132;3402;0.002408547754367388;BAFU & BFS
2012;O3;mittlere Sommertagbelastung;O3_peakseason_mean_d1_max_mean_h8gl;77;4130;7533;0.005332237779165531;BAFU & BFS
2012;O3;mittlere Sommertagbelastung;O3_peakseason_mean_d1_max_mean_h8gl;79;32430;39963;0.02828912248887971;BAFU & BFS
2012;O3;mittlere Sommertagbelastung;O3_peakseason_mean_d1_max_mean_h8gl;81;92800;132763;0.09398166250189634;BAFU & BFS
2012;O3;mittlere Sommertagbelastung;O3_peakseason_mean_d1_max_mean_h8gl;83;159327;292090;0.20676738976887454;BAFU & BFS
2012;O3;mittlere Sommertagbelastung;O3_peakseason_mean_d1_max_mean_h8gl;85;187447;479537;0.33945939130148944;BAFU & BFS
2012;O3;mittlere Sommertagbelastung;O3_peakseason_mean_d1_max_mean_h8gl;87;238376;717913;0.5082036798570316;BAFU & BFS
2012;O3;mittlere Sommertagbelastung;O3_peakseason_mean_d1_max_mean_h8gl;89;361744;1079656;0.7642785305327237;BAFU & BFS
2012;O3;mittlere Sommertagbelastung;O3_peakseason_mean_d1_max_mean_h8gl;91;235089;1314745;0.9306956849999374;BAFU & BFS
2012;O3;mittlere Sommertagbelastung;O3_peakseason_mean_d1_max_mean_h8gl;93;80688;1395433;0.9878137988638008;BAFU & BFS
2012;O3;mittlere Sommertagbelastung;O3_peakseason_mean_d1_max_mean_h8gl;95;14683;1410116;0.9982076010423305;BAFU & BFS
2012;O3;mittlere Sommertagbelastung;O3_peakseason_mean_d1_max_mean_h8gl;97;2479;1412594;0.9999621904044841;BAFU & BFS
2012;O3;mittlere Sommertagbelastung;O3_peakseason_mean_d1_max_mean_h8gl;99;53;1412648;1;BAFU & BFS
2012;O3;typische Spitzenbelastung;O3_max_98p_m1;129;3;3;2.1416014189146976e-6;BAFU & BFS
2012;O3;typische Spitzenbelastung;O3_max_98p_m1;131;158;161;1.1398417205597191e-4;BAFU & BFS
2012;O3;typische Spitzenbelastung;O3_max_98p_m1;133;1568;1729;0.0012238344668249429;BAFU & BFS
2012;O3;typische Spitzenbelastung;O3_max_98p_m1;135;8954;10683;0.007562714145674795;BAFU & BFS
2012;O3;typische Spitzenbelastung;O3_max_98p_m1;137;24624;35307;0.024994536453143507;BAFU & BFS
2012;O3;typische Spitzenbelastung;O3_max_98p_m1;139;162979;198287;0.1403691883680238;BAFU & BFS
2012;O3;typische Spitzenbelastung;O3_max_98p_m1;141;192793;391079;0.27684913818285256;BAFU & BFS
2012;O3;typische Spitzenbelastung;O3_max_98p_m1;143;636720;1027799;0.7275898035220218;BAFU & BFS
2012;O3;typische Spitzenbelastung;O3_max_98p_m1;145;330599;1358398;0.9616243434734031;BAFU & BFS
2012;O3;typische Spitzenbelastung;O3_max_98p_m1;147;54210;1412607;1;BAFU & BFS
2012;PM10;Jahresmittel;PM10;8.75;12;12;8.5418830021717845e-06;BAFU & BFS
2012;PM10;Jahresmittel;PM10;9.25;38;50;3.566805557589162e-5;BAFU & BFS
2012;PM10;Jahresmittel;PM10;9.75;40;91;6.414975600671669e-5;BAFU & BFS
2012;PM10;Jahresmittel;PM10;10.25;212;303;2.1432559995940116e-4;BAFU & BFS
2012;PM10;Jahresmittel;PM10;10.75;398;701;4.963329032564554e-4;BAFU & BFS
2012;PM10;Jahresmittel;PM10;11.25;556;1257;8.898944946234948e-4;BAFU & BFS
2012;PM10;Jahresmittel;PM10;11.75;971;2228;0.0015769314181791059;BAFU & BFS
2012;PM10;Jahresmittel;PM10;12.25;2143;4370;0.003093719691023327;BAFU & BFS
2012;PM10;Jahresmittel;PM10;12.75;2638;7008;0.004960825711416112;BAFU & BFS
2012;PM10;Jahresmittel;PM10;13.25;5415;12423;0.00879388373651922;BAFU & BFS
2012;PM10;Jahresmittel;PM10;13.75;6742;19165;0.013566737490259401;BAFU & BFS
2012;PM10;Jahresmittel;PM10;14.25;14318;33483;0.0237024157636874;BAFU & BFS
2012;PM10;Jahresmittel;PM10;14.75;18877;52360;0.03706491303747209;BAFU & BFS
2012;PM10;Jahresmittel;PM10;15.25;29170;81530;0.05771433457736702;BAFU & BFS
2012;PM10;Jahresmittel;PM10;15.75;167648;249178;0.17639084120600668;BAFU & BFS
2012;PM10;Jahresmittel;PM10;16.25;225820;474998;0.3362466124635428;BAFU & BFS
2012;PM10;Jahresmittel;PM10;16.75;269380;744378;0.526937819601263;BAFU & BFS
2012;PM10;Jahresmittel;PM10;17.25;278924;1023302;0.724385667202637;BAFU & BFS
2012;PM10;Jahresmittel;PM10;17.75;230112;1253413;0.8872794252736633;BAFU & BFS
2012;PM10;Jahresmittel;PM10;18.25;120038;1373451;0.972252881243576;BAFU & BFS
2012;PM10;Jahresmittel;PM10;18.75;31756;1405207;0.9947326606942976;BAFU & BFS
2012;PM10;Jahresmittel;PM10;19.25;5985;1411192;0.9989690647056184;BAFU & BFS
2012;PM10;Jahresmittel;PM10;19.75;685;1411876;0.9994537640067237;BAFU & BFS
2012;PM10;Jahresmittel;PM10;20.25;752;1412629;0.9999864459706387;BAFU & BFS
2012;PM10;Jahresmittel;PM10;20.75;19;1412648;1;BAFU & BFS
2012;PM2.5;Jahresmittel;PM2.5;6.25;12;12;8.5418830021717845e-06;BAFU & BFS
2012;PM2.5;Jahresmittel;PM2.5;6.75;38;50;3.566805557589162e-5;BAFU & BFS
2012;PM2.5;Jahresmittel;PM2.5;7.25;140;190;1.3465454159644445e-4;BAFU & BFS
2012;PM2.5;Jahresmittel;PM2.5;7.75;511;701;4.963329032564554e-4;BAFU & BFS
2012;PM2.5;Jahresmittel;PM2.5;8.25;981;1682;0.0011909806425625129;BAFU & BFS
2012;PM2.5;Jahresmittel;PM2.5;8.75;2350;4032;0.0028542623303483977;BAFU & BFS
2012;PM2.5;Jahresmittel;PM2.5;9.25;3931;7963;0.005636633525805333;BAFU & BFS
2012;PM2.5;Jahresmittel;PM2.5;9.75;7668;15630;0.011064606493437745;BAFU & BFS
2012;PM2.5;Jahresmittel;PM2.5;10.25;14821;30451;0.021556087959849184;BAFU & BFS
2012;PM2.5;Jahresmittel;PM2.5;10.75;25962;56413;0.03993428398248947;BAFU & BFS
2012;PM2.5;Jahresmittel;PM2.5;11.25;93339;149752;0.10600827797777528;BAFU & BFS
2012;PM2.5;Jahresmittel;PM2.5;11.75;325246;474998;0.33624661246354287;BAFU & BFS
2012;PM2.5;Jahresmittel;PM2.5;12.25;384747;859745;0.6086051297206807;BAFU & BFS
2012;PM2.5;Jahresmittel;PM2.5;12.75;348326;1208071;0.855181792733288;BAFU & BFS
2012;PM2.5;Jahresmittel;PM2.5;13.25;165380;1373451;0.972252881243576;BAFU & BFS
2012;PM2.5;Jahresmittel;PM2.5;13.75;36228;1409679;0.9978982412186611;BAFU & BFS
2012;PM2.5;Jahresmittel;PM2.5;14.25;2197;1411876;0.9994537640067237;BAFU & BFS
2012;PM2.5;Jahresmittel;PM2.5;14.75;752;1412629;0.9999864459706387;BAFU & BFS
2012;PM2.5;Jahresmittel;PM2.5;15.25;19;1412648;1;BAFU & BFS
2013;NO2;Jahresmittel;NO2;5.5;5;5;3.529719174844592e-6;BAFU & BFS
2013;NO2;Jahresmittel;NO2;6.5;45;50;3.52706005727539e-5;BAFU & BFS
2013;NO2;Jahresmittel;NO2;7.5;147;198;1.3819036949125774e-4;BAFU & BFS
2013;NO2;Jahresmittel;NO2;8.5;629;826;5.780194461933573e-4;BAFU & BFS
2013;NO2;Jahresmittel;NO2;9.5;1105;1931;0.0013507764904970765;BAFU & BFS
2013;NO2;Jahresmittel;NO2;10.5;1926;3857;0.0026977729591790615;BAFU & BFS
2013;NO2;Jahresmittel;NO2;11.5;3651;7508;0.005251650310594243;BAFU & BFS
2013;NO2;Jahresmittel;NO2;12.5;4394;11902;0.008324804841364927;BAFU & BFS
2013;NO2;Jahresmittel;NO2;13.5;11014;22916;0.016028774877344464;BAFU & BFS
2013;NO2;Jahresmittel;NO2;14.5;16330;39246;0.027451156707504032;BAFU & BFS
2013;NO2;Jahresmittel;NO2;15.5;29838;69084;0.04832155681210337;BAFU & BFS
2013;NO2;Jahresmittel;NO2;16.5;43673;112756;0.07886906767325613;BAFU & BFS
2013;NO2;Jahresmittel;NO2;17.5;65873;178630;0.1249450245941788;BAFU & BFS
2013;NO2;Jahresmittel;NO2;18.5;77036;255666;0.17882901119961978;BAFU & BFS
2013;NO2;Jahresmittel;NO2;19.5;104852;360517;0.252169177795142;BAFU & BFS
2013;NO2;Jahresmittel;NO2;20.5;119611;480128;0.3358328174713197;BAFU & BFS
2013;NO2;Jahresmittel;NO2;21.5;116529;596658;0.4173408105860129;BAFU & BFS
2013;NO2;Jahresmittel;NO2;22.5;107523;704181;0.492549674580266;BAFU & BFS
2013;NO2;Jahresmittel;NO2;23.5;92375;796556;0.5571626102348093;BAFU & BFS
2013;NO2;Jahresmittel;NO2;24.5;76670;873226;0.6107907581259403;BAFU & BFS
2013;NO2;Jahresmittel;NO2;25.5;73929;947155;0.6625016460202882;BAFU & BFS
2013;NO2;Jahresmittel;NO2;26.5;61702;1008857;0.7056600271990844;BAFU & BFS
2013;NO2;Jahresmittel;NO2;27.5;65549;1074407;0.7515095231255617;BAFU & BFS
2013;NO2;Jahresmittel;NO2;28.5;59208;1133615;0.7929234695361318;BAFU & BFS
2013;NO2;Jahresmittel;NO2;29.5;59960;1193575;0.8348637141319097;BAFU & BFS
2013;NO2;Jahresmittel;NO2;30.5;57054;1250629;0.8747706596365236;BAFU & BFS
2013;NO2;Jahresmittel;NO2;31.5;39536;1290164;0.9024243607323056;BAFU & BFS
2013;NO2;Jahresmittel;NO2;32.5;41018;1331182;0.9311149263887387;BAFU & BFS
2013;NO2;Jahresmittel;NO2;33.5;33740;1364923;0.9547149549088281;BAFU & BFS
2013;NO2;Jahresmittel;NO2;34.5;24330;1389252;0.9717328507424283;BAFU & BFS
2013;NO2;Jahresmittel;NO2;35.5;16172;1405424;0.9830445258861448;BAFU & BFS
2013;NO2;Jahresmittel;NO2;36.5;10035;1415459;0.9900633797532274;BAFU & BFS
2013;NO2;Jahresmittel;NO2;37.5;5244;1420703;0.993731530008648;BAFU & BFS
2013;NO2;Jahresmittel;NO2;38.5;2689;1423392;0.9956123956060864;BAFU & BFS
2013;NO2;Jahresmittel;NO2;39.5;1626;1425018;0.9967494489135882;BAFU & BFS
2013;NO2;Jahresmittel;NO2;40.5;599;1425617;0.9971684645760543;BAFU & BFS
2013;NO2;Jahresmittel;NO2;41.5;1131;1426747;0.9979592795683195;BAFU & BFS
2013;NO2;Jahresmittel;NO2;42.5;370;1427118;0.9982183296541154;BAFU & BFS
2013;NO2;Jahresmittel;NO2;43.5;906;1428024;0.9988518996497144;BAFU & BFS
2013;NO2;Jahresmittel;NO2;44.5;582;1428606;0.9992590940414567;BAFU & BFS
2013;NO2;Jahresmittel;NO2;45.5;113;1428718;0.9993379661047933;BAFU & BFS
2013;NO2;Jahresmittel;NO2;46.5;452;1429171;0.9996541929334612;BAFU & BFS
2013;NO2;Jahresmittel;NO2;48.5;317;1429488;0.9998760447174931;BAFU & BFS
2013;NO2;Jahresmittel;NO2;49.5;177;1429665;1;BAFU & BFS
2013;O3;mittlere Sommertagbelastung;O3_peakseason_mean_d1_max_mean_h8gl;69;494;494;3.458070665387471e-4;BAFU & BFS
2013;O3;mittlere Sommertagbelastung;O3_peakseason_mean_d1_max_mean_h8gl;71;458;953;6.662452988084683e-4;BAFU & BFS
2013;O3;mittlere Sommertagbelastung;O3_peakseason_mean_d1_max_mean_h8gl;73;1646;2598;0.0018175513273739664;BAFU & BFS
2013;O3;mittlere Sommertagbelastung;O3_peakseason_mean_d1_max_mean_h8gl;75;3217;5816;0.0040678699769358196;BAFU & BFS
2013;O3;mittlere Sommertagbelastung;O3_peakseason_mean_d1_max_mean_h8gl;77;14358;20173;0.014110532888066756;BAFU & BFS
2013;O3;mittlere Sommertagbelastung;O3_peakseason_mean_d1_max_mean_h8gl;79;67862;88035;0.06157732617957287;BAFU & BFS
2013;O3;mittlere Sommertagbelastung;O3_peakseason_mean_d1_max_mean_h8gl;81;131499;219534;0.1535564788881076;BAFU & BFS
2013;O3;mittlere Sommertagbelastung;O3_peakseason_mean_d1_max_mean_h8gl;83;179975;399509;0.2794423277976698;BAFU & BFS
2013;O3;mittlere Sommertagbelastung;O3_peakseason_mean_d1_max_mean_h8gl;85;210058;609567;0.42637035513383054;BAFU & BFS
2013;O3;mittlere Sommertagbelastung;O3_peakseason_mean_d1_max_mean_h8gl;87;307386;916952;0.641375691128959;BAFU & BFS
2013;O3;mittlere Sommertagbelastung;O3_peakseason_mean_d1_max_mean_h8gl;89;316594;1233546;0.862821640169792;BAFU & BFS
2013;O3;mittlere Sommertagbelastung;O3_peakseason_mean_d1_max_mean_h8gl;91;152361;1385907;0.9693930977507474;BAFU & BFS
2013;O3;mittlere Sommertagbelastung;O3_peakseason_mean_d1_max_mean_h8gl;93;35715;1421623;0.9943746969274782;BAFU & BFS
2013;O3;mittlere Sommertagbelastung;O3_peakseason_mean_d1_max_mean_h8gl;95;7065;1428688;0.9993165202605261;BAFU & BFS
2013;O3;mittlere Sommertagbelastung;O3_peakseason_mean_d1_max_mean_h8gl;97;969;1429657;0.9999943524493202;BAFU & BFS
2013;O3;mittlere Sommertagbelastung;O3_peakseason_mean_d1_max_mean_h8gl;99;8;1429665;1;BAFU & BFS
2013;O3;typische Spitzenbelastung;O3_max_98p_m1;139;10;10;7.033006925240242e-6;BAFU & BFS
2013;O3;typische Spitzenbelastung;O3_max_98p_m1;141;425;436;3.0465295688128773e-4;BAFU & BFS
2013;O3;typische Spitzenbelastung;O3_max_98p_m1;143;1633;2068;0.0014466736805127155;BAFU & BFS
2013;O3;typische Spitzenbelastung;O3_max_98p_m1;145;10652;12721;0.008897823082164392;BAFU & BFS
2013;O3;typische Spitzenbelastung;O3_max_98p_m1;147;18660;31381;0.021950439285471787;BAFU & BFS
2013;O3;typische Spitzenbelastung;O3_max_98p_m1;149;51782;83163;0.05817084587211072;BAFU & BFS
2013;O3;typische Spitzenbelastung;O3_max_98p_m1;151;118572;201735;0.14110951767848373;BAFU & BFS
2013;O3;typische Spitzenbelastung;O3_max_98p_m1;153;194974;396709;0.2774901177624411;BAFU & BFS
2013;O3;typische Spitzenbelastung;O3_max_98p_m1;155;578393;975102;0.6820649011633915;BAFU & BFS
2013;O3;typische Spitzenbelastung;O3_max_98p_m1;157;407169;1382271;0.9668713801939997;BAFU & BFS
2013;O3;typische Spitzenbelastung;O3_max_98p_m1;159;47362;1429632;1;BAFU & BFS
2013;PM10;Jahresmittel;PM10;8.25;23;23;1.6210117028593107e-5;BAFU & BFS
2013;PM10;Jahresmittel;PM10;8.75;27;50;3.52706005727539e-5;BAFU & BFS
2013;PM10;Jahresmittel;PM10;9.25;13;63;4.441070616784409e-5;BAFU & BFS
2013;PM10;Jahresmittel;PM10;9.75;82;146;1.0206351419394047e-4;BAFU & BFS
2013;PM10;Jahresmittel;PM10;10.25;179;325;2.2728799972916318e-4;BAFU & BFS
2013;PM10;Jahresmittel;PM10;10.75;302;627;4.384005297128569e-4;BAFU & BFS
2013;PM10;Jahresmittel;PM10;11.25;378;1005;7.028305242268899e-4;BAFU & BFS
2013;PM10;Jahresmittel;PM10;11.75;502;1506;0.0010536901026230421;BAFU & BFS
2013;PM10;Jahresmittel;PM10;12.25;749;2256;0.0015777993294662435;BAFU & BFS
2013;PM10;Jahresmittel;PM10;12.75;1820;4076;0.002850783475088968;BAFU & BFS
2013;PM10;Jahresmittel;PM10;13.25;1805;5881;0.004113223722507057;BAFU & BFS
2013;PM10;Jahresmittel;PM10;13.75;2855;8736;0.006110285322076993;BAFU & BFS
2013;PM10;Jahresmittel;PM10;14.25;4526;13262;0.009276120002926068;BAFU & BFS
2013;PM10;Jahresmittel;PM10;14.75;5392;18654;0.013047553525762286;BAFU & BFS
2013;PM10;Jahresmittel;PM10;15.25;9183;27836;0.019470390898965566;BAFU & BFS
2013;PM10;Jahresmittel;PM10;15.75;14109;41945;0.029339013439743575;BAFU & BFS
2013;PM10;Jahresmittel;PM10;16.25;16514;58459;0.04089003475725943;BAFU & BFS
2013;PM10;Jahresmittel;PM10;16.75;23601;82060;0.05739821827157744;BAFU & BFS
2013;PM10;Jahresmittel;PM10;17.25;94496;176556;0.12349449700759678;BAFU & BFS
2013;PM10;Jahresmittel;PM10;17.75;247460;424016;0.2965843074385032;BAFU & BFS
2013;PM10;Jahresmittel;PM10;18.25;312413;736429;0.5151058279108541;BAFU & BFS
2013;PM10;Jahresmittel;PM10;18.75;293768;1030197;0.7205862922061989;BAFU & BFS
2013;PM10;Jahresmittel;PM10;19.25;234503;1264700;0.8846130781752776;BAFU & BFS
2013;PM10;Jahresmittel;PM10;19.75;121542;1386242;0.9696274199803674;BAFU & BFS
2013;PM10;Jahresmittel;PM10;20.25;33332;1419574;0.9929417182394734;BAFU & BFS
2013;PM10;Jahresmittel;PM10;20.75;7534;1427108;0.9982111672602408;BAFU & BFS
2013;PM10;Jahresmittel;PM10;21.25;1785;1428892;0.9994596079074686;BAFU & BFS
2013;PM10;Jahresmittel;PM10;21.75;574;1429467;0.9998612393350806;BAFU & BFS
2013;PM10;Jahresmittel;PM10;22.25;198;1429665;1;BAFU & BFS
2013;PM2.5;Jahresmittel;PM2.5;6.25;5;5;3.529719174844592e-6;BAFU & BFS
2013;PM2.5;Jahresmittel;PM2.5;6.75;45;50;3.52706005727539e-5;BAFU & BFS
2013;PM2.5;Jahresmittel;PM2.5;7.25;30;81;5.636593466578955e-5;BAFU & BFS
2013;PM2.5;Jahresmittel;PM2.5;7.75;142;222;1.556178908002298e-4;BAFU & BFS
2013;PM2.5;Jahresmittel;PM2.5;8.25;349;571;3.996352806850499e-4;BAFU & BFS
2013;PM2.5;Jahresmittel;PM2.5;8.75;433;1005;7.028305242268899e-4;BAFU & BFS
2013;PM2.5;Jahresmittel;PM2.5;9.25;744;1749;0.0012231380470310931;BAFU & BFS
2013;PM2.5;Jahresmittel;PM2.5;9.75;1223;2971;0.0020782783225032097;BAFU & BFS
2013;PM2.5;Jahresmittel;PM2.5;10.25;2909;5881;0.004113223722507057;BAFU & BFS
2013;PM2.5;Jahresmittel;PM2.5;10.75;3166;9047;0.00632787374591064;BAFU & BFS
2013;PM2.5;Jahresmittel;PM2.5;11.25;7520;16566;0.01158750421933688;BAFU & BFS
2013;PM2.5;Jahresmittel;PM2.5;11.75;9485;26051;0.018221654875342268;BAFU & BFS
2013;PM2.5;Jahresmittel;PM2.5;12.25;15894;41945;0.029339013439743582;BAFU & BFS
2013;PM2.5;Jahresmittel;PM2.5;12.75;20889;62834;0.04395031205710322;BAFU & BFS
2013;PM2.5;Jahresmittel;PM2.5;13.25;56928;119763;0.08376967507702203;BAFU & BFS
2013;PM2.5;Jahresmittel;PM2.5;13.75;249851;369614;0.2585315563113512;BAFU & BFS
2013;PM2.5;Jahresmittel;PM2.5;14.25;424007;793621;0.5551097632328996;BAFU & BFS
2013;PM2.5;Jahresmittel;PM2.5;14.75;335611;1129232;0.7898577557544598;BAFU & BFS
2013;PM2.5;Jahresmittel;PM2.5;15.25;217930;1347162;0.9422923741319689;BAFU & BFS
2013;PM2.5;Jahresmittel;PM2.5;15.75;72412;1419574;0.9929417182394734;BAFU & BFS
2013;PM2.5;Jahresmittel;PM2.5;16.25;8007;1427581;0.9985421592294081;BAFU & BFS
2013;PM2.5;Jahresmittel;PM2.5;16.75;1312;1428892;0.9994596079074686;BAFU & BFS
2013;PM2.5;Jahresmittel;PM2.5;17.25;773;1429665;1;BAFU & BFS
2014;NO2;Jahresmittel;NO2;5.5;24;24;1.6667442582547527e-5;BAFU & BFS
2014;NO2;Jahresmittel;NO2;6.5;92;116;7.985927526474798e-5;BAFU & BFS
2014;NO2;Jahresmittel;NO2;7.5;561;677;4.6682272293550094e-4;BAFU & BFS
2014;NO2;Jahresmittel;NO2;8.5;1243;1920;0.0013235437051296632;BAFU & BFS
2014;NO2;Jahresmittel;NO2;9.5;2365;4285;0.0029541039838650177;BAFU & BFS
2014;NO2;Jahresmittel;NO2;10.5;3732;8016;0.005526801188624063;BAFU & BFS
2014;NO2;Jahresmittel;NO2;11.5;6911;14927;0.01029132672409923;BAFU & BFS
2014;NO2;Jahresmittel;NO2;12.5;13433;28360;0.01955247820510025;BAFU & BFS
2014;NO2;Jahresmittel;NO2;13.5;22892;51251;0.03533518166818637;BAFU & BFS
2014;NO2;Jahresmittel;NO2;14.5;39656;90908;0.06267611418843076;BAFU & BFS
2014;NO2;Jahresmittel;NO2;15.5;56520;147428;0.10164380306287185;BAFU & BFS
2014;NO2;Jahresmittel;NO2;16.5;78854;226282;0.15600993488657247;BAFU & BFS
2014;NO2;Jahresmittel;NO2;17.5;103624;329906;0.2274534476382328;BAFU & BFS
2014;NO2;Jahresmittel;NO2;18.5;119975;449881;0.31017022148835355;BAFU & BFS
2014;NO2;Jahresmittel;NO2;19.5;131542;581423;0.40086182781209634;BAFU & BFS
2014;NO2;Jahresmittel;NO2;20.5;114535;695958;0.47982806327992733;BAFU & BFS
2014;NO2;Jahresmittel;NO2;21.5;99910;795869;0.5487111988645552;BAFU & BFS
2014;NO2;Jahresmittel;NO2;22.5;80826;876695;0.6044367841491928;BAFU & BFS
2014;NO2;Jahresmittel;NO2;23.5;72049;948744;0.6541107622276077;BAFU & BFS
2014;NO2;Jahresmittel;NO2;24.5;68056;1016800;0.7010319461594722;BAFU & BFS
2014;NO2;Jahresmittel;NO2;25.5;70710;1087510;0.7497831004924592;BAFU & BFS
2014;NO2;Jahresmittel;NO2;26.5;62043;1149553;0.792558712799642;BAFU & BFS
2014;NO2;Jahresmittel;NO2;27.5;68776;1218329;0.8399760220480638;BAFU & BFS
2014;NO2;Jahresmittel;NO2;28.5;55920;1274249;0.8785298165805332;BAFU & BFS
2014;NO2;Jahresmittel;NO2;29.5;46574;1320823;0.9106401752081025;BAFU & BFS
2014;NO2;Jahresmittel;NO2;30.5;41625;1362447;0.9393384460133329;BAFU & BFS
2014;NO2;Jahresmittel;NO2;31.5;30769;1393217;0.9605524436236802;BAFU & BFS
2014;NO2;Jahresmittel;NO2;32.5;24739;1417956;0.9776087831204477;BAFU & BFS
2014;NO2;Jahresmittel;NO2;33.5;11067;1429023;0.9852391804826424;BAFU & BFS
2014;NO2;Jahresmittel;NO2;34.5;10972;1439995;0.9928036613906922;BAFU & BFS
2014;NO2;Jahresmittel;NO2;35.5;3313;1443308;0.9950879252135985;BAFU & BFS
2014;NO2;Jahresmittel;NO2;36.5;2105;1445414;0.9965394313433147;BAFU & BFS
2014;NO2;Jahresmittel;NO2;37.5;842;1446256;0.9971200269506265;BAFU & BFS
2014;NO2;Jahresmittel;NO2;38.5;682;1446938;0.9975905280645153;BAFU & BFS
2014;NO2;Jahresmittel;NO2;39.5;832;1447770;0.9981638708141499;BAFU & BFS
2014;NO2;Jahresmittel;NO2;40.5;928;1448698;0.9988035780869835;BAFU & BFS
2014;NO2;Jahresmittel;NO2;41.5;550;1449248;0.999182997506482;BAFU & BFS
2014;NO2;Jahresmittel;NO2;42.5;617;1449865;0.9996085165196091;BAFU & BFS
2014;NO2;Jahresmittel;NO2;43.5;78;1449943;0.9996619637323575;BAFU & BFS
2014;NO2;Jahresmittel;NO2;45.5;490;1450433;1;BAFU & BFS
2014;O3;mittlere Sommertagbelastung;O3_peakseason_mean_d1_max_mean_h8gl;69;490;490;3.38036267642496e-4;BAFU & BFS
2014;O3;mittlere Sommertagbelastung;O3_peakseason_mean_d1_max_mean_h8gl;71;2173;2663;0.0018361291858499788;BAFU & BFS
2014;O3;mittlere Sommertagbelastung;O3_peakseason_mean_d1_max_mean_h8gl;73;1870;4533;0.003125318511211841;BAFU & BFS
2014;O3;mittlere Sommertagbelastung;O3_peakseason_mean_d1_max_mean_h8gl;75;16877;21410;0.014760819517357552;BAFU & BFS
2014;O3;mittlere Sommertagbelastung;O3_peakseason_mean_d1_max_mean_h8gl;77;66576;87986;0.060661553986667026;BAFU & BFS
2014;O3;mittlere Sommertagbelastung;O3_peakseason_mean_d1_max_mean_h8gl;79;144119;232104;0.16002397795193632;BAFU & BFS
2014;O3;mittlere Sommertagbelastung;O3_peakseason_mean_d1_max_mean_h8gl;81;201529;433633;0.2989680538405278;BAFU & BFS
2014;O3;mittlere Sommertagbelastung;O3_peakseason_mean_d1_max_mean_h8gl;83;220931;654564;0.4512888011354448;BAFU & BFS
2014;O3;mittlere Sommertagbelastung;O3_peakseason_mean_d1_max_mean_h8gl;85;357329;1011893;0.6976488485594098;BAFU & BFS
2014;O3;mittlere Sommertagbelastung;O3_peakseason_mean_d1_max_mean_h8gl;87;296014;1307907;0.9017355347894094;BAFU & BFS
2014;O3;mittlere Sommertagbelastung;O3_peakseason_mean_d1_max_mean_h8gl;89;115597;1423504;0.9814338392204173;BAFU & BFS
2014;O3;mittlere Sommertagbelastung;O3_peakseason_mean_d1_max_mean_h8gl;91;23002;1446506;0.9972927468005677;BAFU & BFS
2014;O3;mittlere Sommertagbelastung;O3_peakseason_mean_d1_max_mean_h8gl;93;3832;1450338;0.9999347140538334;BAFU & BFS
2014;O3;mittlere Sommertagbelastung;O3_peakseason_mean_d1_max_mean_h8gl;95;95;1450433;1;BAFU & BFS
2014;O3;typische Spitzenbelastung;O3_max_98p_m1;127;17;17;1.1808055814234083e-5;BAFU & BFS
2014;O3;typische Spitzenbelastung;O3_max_98p_m1;129;125;142;9.775606073615359e-5;BAFU & BFS
2014;O3;typische Spitzenbelastung;O3_max_98p_m1;131;871;1012;6.98029120363453e-4;BAFU & BFS
2014;O3;typische Spitzenbelastung;O3_max_98p_m1;133;3026;4038;0.0027841915955638757;BAFU & BFS
2014;O3;typische Spitzenbelastung;O3_max_98p_m1;135;11587;15625;0.010772860898771748;BAFU & BFS
2014;O3;typische Spitzenbelastung;O3_max_98p_m1;137;35583;51207;0.03530582299981109;BAFU & BFS
2014;O3;typische Spitzenbelastung;O3_max_98p_m1;139;95000;146208;0.10080533809609514;BAFU & BFS
2014;O3;typische Spitzenbelastung;O3_max_98p_m1;141;246974;393182;0.2710858017433273;BAFU & BFS
2014;O3;typische Spitzenbelastung;O3_max_98p_m1;143;646539;1039721;0.7168528248052644;BAFU & BFS
2014;O3;typische Spitzenbelastung;O3_max_98p_m1;145;378386;1418107;0.9777372803770397;BAFU & BFS
2014;O3;typische Spitzenbelastung;O3_max_98p_m1;147;32283;1450389;0.9999951487004989;BAFU & BFS
2014;O3;typische Spitzenbelastung;O3_max_98p_m1;149;7;1450396;1;BAFU & BFS
2014;PM10;Jahresmittel;PM10;7.25;9;9;6.242583933633159e-6;BAFU & BFS
2014;PM10;Jahresmittel;PM10;7.75;30;39;2.7083052789675302e-5;BAFU & BFS
2014;PM10;Jahresmittel;PM10;8.25;37;76;5.272393913369567e-5;BAFU & BFS
2014;PM10;Jahresmittel;PM10;8.75;230;307;2.1143135797479053e-4;BAFU & BFS
2014;PM10;Jahresmittel;PM10;9.25;441;748;5.15753443157711e-4;BAFU & BFS
2014;PM10;Jahresmittel;PM10;9.75;717;1465;0.0010098808442947614;BAFU & BFS
2014;PM10;Jahresmittel;PM10;10.25;1312;2777;0.001914395022082097;BAFU & BFS
2014;PM10;Jahresmittel;PM10;10.75;2752;5529;0.0038116652342036436;BAFU & BFS
2014;PM10;Jahresmittel;PM10;11.25;4000;9528;0.006569132423425489;BAFU & BFS
2014;PM10;Jahresmittel;PM10;11.75;8018;17546;0.01209696866255086;BAFU & BFS
2014;PM10;Jahresmittel;PM10;12.25;12671;30217;0.020833236483601;BAFU & BFS
2014;PM10;Jahresmittel;PM10;12.75;20904;51121;0.03524528572923913;BAFU & BFS
2014;PM10;Jahresmittel;PM10;13.25;27232;78353;0.054020707224962446;BAFU & BFS
2014;PM10;Jahresmittel;PM10;13.75;181267;259620;0.17899502402839979;BAFU & BFS
2014;PM10;Jahresmittel;PM10;14.25;291016;550636;0.3796357421246875;BAFU & BFS
2014;PM10;Jahresmittel;PM10;14.75;374120;924756;0.6375726117910655;BAFU & BFS
2014;PM10;Jahresmittel;PM10;15.25;329820;1254577;0.8649670115743785;BAFU & BFS
2014;PM10;Jahresmittel;PM10;15.75;160681;1415257;0.975748099506573;BAFU & BFS
2014;PM10;Jahresmittel;PM10;16.25;30380;1445638;0.9966937957321582;BAFU & BFS
2014;PM10;Jahresmittel;PM10;16.75;3588;1449225;0.9991672725512971;BAFU & BFS
2014;PM10;Jahresmittel;PM10;17.25;452;1449677;0.9994789187767923;BAFU & BFS
2014;PM10;Jahresmittel;PM10;17.75;756;1450433;1;BAFU & BFS
2014;PM2.5;Jahresmittel;PM2.5;4.75;24;24;1.665819414076093e-5;BAFU & BFS
2014;PM2.5;Jahresmittel;PM2.5;5.25;46;70;4.856838789793769e-5;BAFU & BFS
2014;PM2.5;Jahresmittel;PM2.5;5.75;404;475;3.272211669034043e-4;BAFU & BFS
2014;PM2.5;Jahresmittel;PM2.5;6.25;990;1465;0.0010098808442947614;BAFU & BFS
2014;PM2.5;Jahresmittel;PM2.5;6.75;2429;3894;0.002684614204177701;BAFU & BFS
2014;PM2.5;Jahresmittel;PM2.5;7.25;5634;9528;0.006569132423425489;BAFU & BFS
2014;PM2.5;Jahresmittel;PM2.5;7.75;13420;22949;0.015821831582701104;BAFU & BFS
2014;PM2.5;Jahresmittel;PM2.5;8.25;28172;51121;0.03524528572923913;BAFU & BFS
2014;PM2.5;Jahresmittel;PM2.5;8.75;93876;144997;0.09996828054766932;BAFU & BFS
2014;PM2.5;Jahresmittel;PM2.5;9.25;405639;550636;0.3796357421246875;BAFU & BFS
2014;PM2.5;Jahresmittel;PM2.5;9.75;580448;1131085;0.7798255288863044;BAFU & BFS
2014;PM2.5;Jahresmittel;PM2.5;10.25;298076;1429161;0.9853340073022997;BAFU & BFS
2014;PM2.5;Jahresmittel;PM2.5;10.75;18877;1448038;0.9983485115479995;BAFU & BFS
2014;PM2.5;Jahresmittel;PM2.5;11.25;2195;1450233;0.9998618253397545;BAFU & BFS
2014;PM2.5;Jahresmittel;PM2.5;11.75;200;1450433;1;BAFU & BFS
2015;NO2;Jahresmittel;NO2;5.5;19;19;1.3004185604624885e-5;BAFU & BFS
2015;NO2;Jahresmittel;NO2;6.5;47;66;4.5174973793147056e-5;BAFU & BFS
2015;NO2;Jahresmittel;NO2;7.5;342;408;2.776204022987396e-4;BAFU & BFS
2015;NO2;Jahresmittel;NO2;8.5;855;1264;8.59235918944479e-4;BAFU & BFS
2015;NO2;Jahresmittel;NO2;9.5;1348;2612;0.0017760876047099232;BAFU & BFS
2015;NO2;Jahresmittel;NO2;10.5;2610;5222;0.003550732515154676;BAFU & BFS
2015;NO2;Jahresmittel;NO2;11.5;3446;8668;0.005893945919519821;BAFU & BFS
2015;NO2;Jahresmittel;NO2;12.5;6276;14944;0.010161506895673607;BAFU & BFS
2015;NO2;Jahresmittel;NO2;13.5;10759;25703;0.017477656061467478;BAFU & BFS
2015;NO2;Jahresmittel;NO2;14.5;15506;41209;0.02802141961651624;BAFU & BFS
2015;NO2;Jahresmittel;NO2;15.5;25692;66901;0.04549182922546559;BAFU & BFS
2015;NO2;Jahresmittel;NO2;16.5;43991;110892;0.0754047261702306;BAFU & BFS
2015;NO2;Jahresmittel;NO2;17.5;59202;170094;0.11566145651748416;BAFU & BFS
2015;NO2;Jahresmittel;NO2;18.5;78645;248740;0.16913909678462744;BAFU & BFS
2015;NO2;Jahresmittel;NO2;19.5;96215;344955;0.2345639849993636;BAFU & BFS
2015;NO2;Jahresmittel;NO2;20.5;119351;464306;0.315720919020632;BAFU & BFS
2015;NO2;Jahresmittel;NO2;21.5;119736;584042;0.39713947958324225;BAFU & BFS
2015;NO2;Jahresmittel;NO2;22.5;101803;685845;0.46636386972768257;BAFU & BFS
2015;NO2;Jahresmittel;NO2;23.5;99518;785364;0.5340346467828677;BAFU & BFS
2015;NO2;Jahresmittel;NO2;24.5;83261;868625;0.5906508368654643;BAFU & BFS
2015;NO2;Jahresmittel;NO2;25.5;72940;941565;0.6402489112990855;BAFU & BFS
2015;NO2;Jahresmittel;NO2;26.5;62075;1003640;0.6824590913376055;BAFU & BFS
2015;NO2;Jahresmittel;NO2;27.5;66784;1070424;0.7278711657168399;BAFU & BFS
2015;NO2;Jahresmittel;NO2;28.5;59829;1130253;0.7685540547881301;BAFU & BFS
2015;NO2;Jahresmittel;NO2;29.5;65655;1195908;0.8131982966538419;BAFU & BFS
2015;NO2;Jahresmittel;NO2;30.5;62395;1258303;0.855625716347564;BAFU & BFS
2015;NO2;Jahresmittel;NO2;31.5;46792;1305095;0.8874434750430209;BAFU & BFS
2015;NO2;Jahresmittel;NO2;32.5;42411;1347506;0.916282231715833;BAFU & BFS
2015;NO2;Jahresmittel;NO2;33.5;38496;1386002;0.9424588791720324;BAFU & BFS
2015;NO2;Jahresmittel;NO2;34.5;32160;1418162;0.9643271061769061;BAFU & BFS
2015;NO2;Jahresmittel;NO2;35.5;20733;1438894;0.9784250313186861;BAFU & BFS
2015;NO2;Jahresmittel;NO2;36.5;10465;1449359;0.9855412078000688;BAFU & BFS
2015;NO2;Jahresmittel;NO2;37.5;9568;1458927;0.9920470629324631;BAFU & BFS
2015;NO2;Jahresmittel;NO2;38.5;4691;1463618;0.9952366137993818;BAFU & BFS
2015;NO2;Jahresmittel;NO2;39.5;1635;1465253;0.9963486624037442;BAFU & BFS
2015;NO2;Jahresmittel;NO2;40.5;1159;1466413;0.997137026391897;BAFU & BFS
2015;NO2;Jahresmittel;NO2;41.5;736;1467148;0.9976371905528819;BAFU & BFS
2015;NO2;Jahresmittel;NO2;42.5;601;1467749;0.9980460193772167;BAFU & BFS
2015;NO2;Jahresmittel;NO2;43.5;488;1468237;0.9983776684715844;BAFU & BFS
2015;NO2;Jahresmittel;NO2;44.5;737;1468974;0.9988787982492382;BAFU & BFS
2015;NO2;Jahresmittel;NO2;45.5;556;1469530;0.9992565905306996;BAFU & BFS
2015;NO2;Jahresmittel;NO2;46.5;645;1470175;0.9996953773611121;BAFU & BFS
2015;NO2;Jahresmittel;NO2;49.5;276;1470451;0.9998829427612363;BAFU & BFS
2015;NO2;Jahresmittel;NO2;50.5;172;1470623;1;BAFU & BFS
2015;O3;mittlere Sommertagbelastung;O3_peakseason_mean_d1_max_mean_h8gl;77;448;448;3.0462263888775655e-4;BAFU & BFS
2015;O3;mittlere Sommertagbelastung;O3_peakseason_mean_d1_max_mean_h8gl;79;670;1118;7.598894737632996e-4;BAFU & BFS
2015;O3;mittlere Sommertagbelastung;O3_peakseason_mean_d1_max_mean_h8gl;81;2295;3412;0.0023203676412505937;BAFU & BFS
2015;O3;mittlere Sommertagbelastung;O3_peakseason_mean_d1_max_mean_h8gl;83;2493;5905;0.0040154899197632704;BAFU & BFS
2015;O3;mittlere Sommertagbelastung;O3_peakseason_mean_d1_max_mean_h8gl;85;20876;26781;0.018210681769677124;BAFU & BFS
2015;O3;mittlere Sommertagbelastung;O3_peakseason_mean_d1_max_mean_h8gl;87;81268;108049;0.07347144296431575;BAFU & BFS
2015;O3;mittlere Sommertagbelastung;O3_peakseason_mean_d1_max_mean_h8gl;89;141668;249717;0.169803620294897;BAFU & BFS
2015;O3;mittlere Sommertagbelastung;O3_peakseason_mean_d1_max_mean_h8gl;91;197831;447548;0.30432556904933006;BAFU & BFS
2015;O3;mittlere Sommertagbelastung;O3_peakseason_mean_d1_max_mean_h8gl;93;209667;657215;0.44689595958364864;BAFU & BFS
2015;O3;mittlere Sommertagbelastung;O3_peakseason_mean_d1_max_mean_h8gl;95;314674;971889;0.660869226409348;BAFU & BFS
2015;O3;mittlere Sommertagbelastung;O3_peakseason_mean_d1_max_mean_h8gl;97;304172;1276062;0.8677015834595334;BAFU & BFS
2015;O3;mittlere Sommertagbelastung;O3_peakseason_mean_d1_max_mean_h8gl;99;147568;1423630;0.9680455405227978;BAFU & BFS
2015;O3;mittlere Sommertagbelastung;O3_peakseason_mean_d1_max_mean_h8gl;101;37547;1461177;0.9935771256195007;BAFU & BFS
2015;O3;mittlere Sommertagbelastung;O3_peakseason_mean_d1_max_mean_h8gl;103;7975;1469152;0.9989999334030457;BAFU & BFS
2015;O3;mittlere Sommertagbelastung;O3_peakseason_mean_d1_max_mean_h8gl;105;1441;1470593;0.9999794689106201;BAFU & BFS
2015;O3;mittlere Sommertagbelastung;O3_peakseason_mean_d1_max_mean_h8gl;107;30;1470623;1;BAFU & BFS
2015;O3;typische Spitzenbelastung;O3_max_98p_m1;155;17;17;1.1636224004792625e-5;BAFU & BFS
2015;O3;typische Spitzenbelastung;O3_max_98p_m1;157;297;314;2.1344329048233852e-4;BAFU & BFS
2015;O3;typische Spitzenbelastung;O3_max_98p_m1;159;1260;1574;0.001070289452966011;BAFU & BFS
2015;O3;typische Spitzenbelastung;O3_max_98p_m1;161;4375;5949;0.004045275976663275;BAFU & BFS
2015;O3;typische Spitzenbelastung;O3_max_98p_m1;163;17474;23423;0.015927811547174285;BAFU & BFS
2015;O3;typische Spitzenbelastung;O3_max_98p_m1;165;25492;48915;0.03326214684879567;BAFU & BFS
2015;O3;typische Spitzenbelastung;O3_max_98p_m1;167;62176;111091;0.0755418184124387;BAFU & BFS
2015;O3;typische Spitzenbelastung;O3_max_98p_m1;169;152141;263232;0.17899793400650965;BAFU & BFS
2015;O3;typische Spitzenbelastung;O3_max_98p_m1;171;778916;1042147;0.7086618922763898;BAFU & BFS
2015;O3;typische Spitzenbelastung;O3_max_98p_m1;173;413770;1455917;0.9900258951573235;BAFU & BFS
2015;O3;typische Spitzenbelastung;O3_max_98p_m1;175;14668;1470584;1;BAFU & BFS
2015;PM10;Jahresmittel;PM10;7.75;4;4;2.7386409146688645e-6;BAFU & BFS
2015;PM10;Jahresmittel;PM10;8.25;32;36;2.4639050751915344e-5;BAFU & BFS
2015;PM10;Jahresmittel;PM10;8.75;31;67;4.583173243623546e-5;BAFU & BFS
2015;PM10;Jahresmittel;PM10;9.25;149;216;1.4701471184139513e-4;BAFU & BFS
2015;PM10;Jahresmittel;PM10;9.75;452;669;4.5463314367092956e-4;BAFU & BFS
2015;PM10;Jahresmittel;PM10;10.25;592;1261;8.571513569720327e-4;BAFU & BFS
2015;PM10;Jahresmittel;PM10;10.75;1050;2310;0.0015708068150341596;BAFU & BFS
2015;PM10;Jahresmittel;PM10;11.25;2296;4606;0.0031321596304071967;BAFU & BFS
2015;PM10;Jahresmittel;PM10;11.75;2829;7435;0.005055858479287221;BAFU & BFS
2015;PM10;Jahresmittel;PM10;12.25;6434;13869;0.009430914011525633;BAFU & BFS
2015;PM10;Jahresmittel;PM10;12.75;7863;21732;0.014777442819336356;BAFU & BFS
2015;PM10;Jahresmittel;PM10;13.25;18526;40258;0.027374665314076178;BAFU & BFS
2015;PM10;Jahresmittel;PM10;13.75;19681;59938;0.04075721328611677;BAFU & BFS
2015;PM10;Jahresmittel;PM10;14.25;43338;103276;0.07022606621246234;BAFU & BFS
2015;PM10;Jahresmittel;PM10;14.75;158449;261725;0.1779687309530938;BAFU & BFS
2015;PM10;Jahresmittel;PM10;15.25;301576;563301;0.3830358884685275;BAFU & BFS
2015;PM10;Jahresmittel;PM10;15.75;314831;878133;0.5971162280271729;BAFU & BFS
2015;PM10;Jahresmittel;PM10;16.25;295124;1173256;0.7977955660907504;BAFU & BFS
2015;PM10;Jahresmittel;PM10;16.75;194553;1367810;0.9300886939226632;BAFU & BFS
2015;PM10;Jahresmittel;PM10;17.25;82301;1450110;0.9860518444376419;BAFU & BFS
2015;PM10;Jahresmittel;PM10;17.75;17794;1467905;0.998151700808859;BAFU & BFS
2015;PM10;Jahresmittel;PM10;18.25;1971;1469876;0.999492123972736;BAFU & BFS
2015;PM10;Jahresmittel;PM10;18.75;723;1470599;0.999983519995537;BAFU & BFS
2015;PM10;Jahresmittel;PM10;19.25;24;1470623;1;BAFU & BFS
2015;PM2.5;Jahresmittel;PM2.5;6.25;4;4;2.7387293285066585e-6;BAFU & BFS
2015;PM2.5;Jahresmittel;PM2.5;6.75;15;19;1.3004605429637552e-5;BAFU & BFS
2015;PM2.5;Jahresmittel;PM2.5;7.25;209;228;1.552993429761099e-4;BAFU & BFS
2015;PM2.5;Jahresmittel;PM2.5;7.75;941;1169;7.950815744732529e-4;BAFU & BFS
2015;PM2.5;Jahresmittel;PM2.5;8.25;3052;4221;0.0028702066040312084;BAFU & BFS
2015;PM2.5;Jahresmittel;PM2.5;8.75;11475;15696;0.010673279118605392;BAFU & BFS
2015;PM2.5;Jahresmittel;PM2.5;9.25;85183;100879;0.0685983412880615;BAFU & BFS
2015;PM2.5;Jahresmittel;PM2.5;9.75;277561;378440;0.2573412669528954;BAFU & BFS
2015;PM2.5;Jahresmittel;PM2.5;10.25;454505;832945;0.5664076759470547;BAFU & BFS
2015;PM2.5;Jahresmittel;PM2.5;10.75;353381;1186326;0.8067086641647547;BAFU & BFS
2015;PM2.5;Jahresmittel;PM2.5;11.25;196282;1382608;0.9401818417728554;BAFU & BFS
2015;PM2.5;Jahresmittel;PM2.5;11.75;69690;1452298;0.9875713547602;BAFU & BFS
2015;PM2.5;Jahresmittel;PM2.5;12.25;12128;1464426;0.9958182292827439;BAFU & BFS
2015;PM2.5;Jahresmittel;PM2.5;12.75;3630;1468056;0.9982864317628417;BAFU & BFS
2015;PM2.5;Jahresmittel;PM2.5;13.25;1553;1469608;0.9993423851756809;BAFU & BFS
2015;PM2.5;Jahresmittel;PM2.5;13.75;927;1470535;0.9999726483553802;BAFU & BFS
2015;PM2.5;Jahresmittel;PM2.5;14.25;40;1470575;1;BAFU & BFS
2016;NO2;Jahresmittel;NO2;4.5;4;4;2.7041453622418064e-6;BAFU & BFS
2016;NO2;Jahresmittel;NO2;5.5;29;33;2.229112722087458e-5;BAFU & BFS
2016;NO2;Jahresmittel;NO2;6.5;191;225;1.5052264746501817e-4;BAFU & BFS
2016;NO2;Jahresmittel;NO2;7.5;747;972;6.514406226306635e-4;BAFU & BFS
2016;NO2;Jahresmittel;NO2;8.5;1316;2288;0.0015335320809286134;BAFU & BFS
2016;NO2;Jahresmittel;NO2;9.5;2641;4929;0.0033033088018625356;BAFU & BFS
2016;NO2;Jahresmittel;NO2;10.5;3832;8760;0.005871182562479944;BAFU & BFS
2016;NO2;Jahresmittel;NO2;11.5;8109;16869;0.011305694697404337;BAFU & BFS
2016;NO2;Jahresmittel;NO2;12.5;13546;30416;0.020384241203976725;BAFU & BFS
2016;NO2;Jahresmittel;NO2;13.5;23533;53949;0.03615575808437314;BAFU & BFS
2016;NO2;Jahresmittel;NO2;14.5;38938;92887;0.0622517752008599;BAFU & BFS
2016;NO2;Jahresmittel;NO2;15.5;63678;156565;0.1049280112398247;BAFU & BFS
2016;NO2;Jahresmittel;NO2;16.5;87049;243613;0.1632673018252115;BAFU & BFS
2016;NO2;Jahresmittel;NO2;17.5;108814;352428;0.23619363020326878;BAFU & BFS
2016;NO2;Jahresmittel;NO2;18.5;135428;487856;0.326956292343725;BAFU & BFS
2016;NO2;Jahresmittel;NO2;19.5;137872;625728;0.4193565839358581;BAFU & BFS
2016;NO2;Jahresmittel;NO2;20.5;124709;750437;0.5029355163450547;BAFU & BFS
2016;NO2;Jahresmittel;NO2;21.5;94404;844841;0.5662041614526706;BAFU & BFS
2016;NO2;Jahresmittel;NO2;22.5;80165;925006;0.6199296987244575;BAFU & BFS
2016;NO2;Jahresmittel;NO2;23.5;71829;996835;0.6680686380981977;BAFU & BFS
2016;NO2;Jahresmittel;NO2;24.5;72413;1069247;0.7165988010753329;BAFU & BFS
2016;NO2;Jahresmittel;NO2;25.5;70406;1139653;0.7637841739029279;BAFU & BFS
2016;NO2;Jahresmittel;NO2;26.5;67284;1206937;0.8088769666530286;BAFU & BFS
2016;NO2;Jahresmittel;NO2;27.5;73326;1280263;0.8580194299553383;BAFU & BFS
2016;NO2;Jahresmittel;NO2;28.5;49422;1329684;0.8911413411020025;BAFU & BFS
2016;NO2;Jahresmittel;NO2;29.5;46513;1376197;0.9223137792213371;BAFU & BFS
2016;NO2;Jahresmittel;NO2;30.5;43816;1420013;0.9516789986338867;BAFU & BFS
2016;NO2;Jahresmittel;NO2;31.5;29095;1449108;0.9711780343860841;BAFU & BFS
2016;NO2;Jahresmittel;NO2;32.5;17231;1466339;0.982725940635453;BAFU & BFS
2016;NO2;Jahresmittel;NO2;33.5;11130;1477469;0.9901851028273342;BAFU & BFS
2016;NO2;Jahresmittel;NO2;34.5;7093;1484562;0.9949387675814992;BAFU & BFS
2016;NO2;Jahresmittel;NO2;35.5;1726;1486288;0.996095251357468;BAFU & BFS
2016;NO2;Jahresmittel;NO2;36.5;1605;1487892;0.9971706145338447;BAFU & BFS
2016;NO2;Jahresmittel;NO2;37.5;569;1488462;0.9975522179578981;BAFU & BFS
2016;NO2;Jahresmittel;NO2;38.5;900;1489361;0.9981551544768497;BAFU & BFS
2016;NO2;Jahresmittel;NO2;39.5;860;1490221;0.998731422589;BAFU & BFS
2016;NO2;Jahresmittel;NO2;40.5;811;1491032;0.9992749012585835;BAFU & BFS
2016;NO2;Jahresmittel;NO2;41.5;563;1491595;0.9996519741860055;BAFU & BFS
2016;NO2;Jahresmittel;NO2;42.5;89;1491683;0.9997113274256014;BAFU & BFS
2016;NO2;Jahresmittel;NO2;44.5;431;1492114;1;BAFU & BFS
2016;O3;mittlere Sommertagbelastung;O3_peakseason_mean_d1_max_mean_h8gl;69;431;431;2.886725743986159e-4;BAFU & BFS
2016;O3;mittlere Sommertagbelastung;O3_peakseason_mean_d1_max_mean_h8gl;71;2067;2497;0.0016736747293020662;BAFU & BFS
2016;O3;mittlere Sommertagbelastung;O3_peakseason_mean_d1_max_mean_h8gl;73;2444;4942;0.0033119071269145177;BAFU & BFS
2016;O3;mittlere Sommertagbelastung;O3_peakseason_mean_d1_max_mean_h8gl;75;14810;19751;0.013237106143176382;BAFU & BFS
2016;O3;mittlere Sommertagbelastung;O3_peakseason_mean_d1_max_mean_h8gl;77;73735;93486;0.0626536049259721;BAFU & BFS
2016;O3;mittlere Sommertagbelastung;O3_peakseason_mean_d1_max_mean_h8gl;79;162928;256414;0.17184610765191055;BAFU & BFS
2016;O3;mittlere Sommertagbelastung;O3_peakseason_mean_d1_max_mean_h8gl;81;214849;471263;0.3158360838564695;BAFU & BFS
2016;O3;mittlere Sommertagbelastung;O3_peakseason_mean_d1_max_mean_h8gl;83;231870;703134;0.47123312595839806;BAFU & BFS
2016;O3;mittlere Sommertagbelastung;O3_peakseason_mean_d1_max_mean_h8gl;85;382307;1085440;0.7274512308816017;BAFU & BFS
2016;O3;mittlere Sommertagbelastung;O3_peakseason_mean_d1_max_mean_h8gl;87;289515;1374955;0.9214810105243886;BAFU & BFS
2016;O3;mittlere Sommertagbelastung;O3_peakseason_mean_d1_max_mean_h8gl;89;96199;1471154;0.9859529292461368;BAFU & BFS
2016;O3;mittlere Sommertagbelastung;O3_peakseason_mean_d1_max_mean_h8gl;91;18109;1489263;0.9980895899201961;BAFU & BFS
2016;O3;mittlere Sommertagbelastung;O3_peakseason_mean_d1_max_mean_h8gl;93;2809;1492073;0.9999723005820547;BAFU & BFS
2016;O3;mittlere Sommertagbelastung;O3_peakseason_mean_d1_max_mean_h8gl;95;41;1492114;1;BAFU & BFS
2016;O3;typische Spitzenbelastung;O3_max_98p_m1;125;3;3;2.028159887117177e-6;BAFU & BFS
2016;O3;typische Spitzenbelastung;O3_max_98p_m1;127;16;19;1.2816612078129277e-5;BAFU & BFS
2016;O3;typische Spitzenbelastung;O3_max_98p_m1;129;359;378;2.535798828428168e-4;BAFU & BFS
2016;O3;typische Spitzenbelastung;O3_max_98p_m1;131;1434;1812;0.001214480570914162;BAFU & BFS
2016;O3;typische Spitzenbelastung;O3_max_98p_m1;133;7991;9803;0.006570141874266245;BAFU & BFS
2016;O3;typische Spitzenbelastung;O3_max_98p_m1;135;18788;28591;0.0191619191176346;BAFU & BFS
2016;O3;typische Spitzenbelastung;O3_max_98p_m1;137;68320;96911;0.0649502662957162;BAFU & BFS
2016;O3;typische Spitzenbelastung;O3_max_98p_m1;139;160660;257571;0.17262579690747631;BAFU & BFS
2016;O3;typische Spitzenbelastung;O3_max_98p_m1;141;706158;963729;0.6458977611564495;BAFU & BFS
2016;O3;typische Spitzenbelastung;O3_max_98p_m1;143;470357;1434085;0.9611339704251162;BAFU & BFS
2016;O3;typische Spitzenbelastung;O3_max_98p_m1;145;57967;1492052;0.9999838425623078;BAFU & BFS
2016;O3;typische Spitzenbelastung;O3_max_98p_m1;147;24;1492077;1;BAFU & BFS
2016;PM10;Jahresmittel;PM10;6.75;16;16;1.0798509431346902e-5;BAFU & BFS
2016;PM10;Jahresmittel;PM10;7.25;16;32;2.160476306992909e-5;BAFU & BFS
2016;PM10;Jahresmittel;PM10;7.75;147;179;1.2001458326509556e-4;BAFU & BFS
2016;PM10;Jahresmittel;PM10;8.25;363;542;3.63344627098752e-4;BAFU & BFS
2016;PM10;Jahresmittel;PM10;8.75;470;1012;6.780673712100792e-4;BAFU & BFS
2016;PM10;Jahresmittel;PM10;9.25;855;1866;0.0012508720678934063;BAFU & BFS
2016;PM10;Jahresmittel;PM10;9.75;2127;3994;0.0026765457352471915;BAFU & BFS
2016;PM10;Jahresmittel;PM10;10.25;2818;6812;0.004565230506742565;BAFU & BFS
2016;PM10;Jahresmittel;PM10;10.75;6862;13674;0.009163898299024883;BAFU & BFS
2016;PM10;Jahresmittel;PM10;11.25;7573;21247;0.014239503825941024;BAFU & BFS
2016;PM10;Jahresmittel;PM10;11.75;17713;38960;0.02611062201881875;BAFU & BFS
2016;PM10;Jahresmittel;PM10;12.25;23811;62771;0.04206819677618459;BAFU & BFS
2016;PM10;Jahresmittel;PM10;12.75;41970;104741;0.07019619287066114;BAFU & BFS
2016;PM10;Jahresmittel;PM10;13.25;244674;349415;0.2341741491239192;BAFU & BFS
2016;PM10;Jahresmittel;PM10;13.75;329551;678966;0.45503616832470206;BAFU & BFS
2016;PM10;Jahresmittel;PM10;14.25;352321;1031287;0.6911580919563515;BAFU & BFS
2016;PM10;Jahresmittel;PM10;14.75;291489;1322776;0.8865111753856938;BAFU & BFS
2016;PM10;Jahresmittel;PM10;15.25;140526;1463302;0.9806902058975574;BAFU & BFS
2016;PM10;Jahresmittel;PM10;15.75;25115;1488416;0.9975218638170656;BAFU & BFS
2016;PM10;Jahresmittel;PM10;16.25;2902;1491318;0.9994665425926388;BAFU & BFS
2016;PM10;Jahresmittel;PM10;16.75;773;1492091;0.9999844350783847;BAFU & BFS
2016;PM10;Jahresmittel;PM10;17.25;23;1492114;1;BAFU & BFS
2016;PM2.5;Jahresmittel;PM2.5;5.75;4;4;2.7042240600054484e-6;BAFU & BFS
2016;PM2.5;Jahresmittel;PM2.5;6.25;33;37;2.4996000011486684e-5;BAFU & BFS
2016;PM2.5;Jahresmittel;PM2.5;6.75;362;400;2.6787942739168086e-4;BAFU & BFS
2016;PM2.5;Jahresmittel;PM2.5;7.25;1448;1848;0.0012385769053412973;BAFU & BFS
2016;PM2.5;Jahresmittel;PM2.5;7.75;5372;7220;0.0048389479269217;BAFU & BFS
2016;PM2.5;Jahresmittel;PM2.5;8.25;31803;39023;0.02615350482415336;BAFU & BFS
2016;PM2.5;Jahresmittel;PM2.5;8.75;185748;224771;0.15064344999333734;BAFU & BFS
2016;PM2.5;Jahresmittel;PM2.5;9.25;429805;654576;0.43870321518889116;BAFU & BFS
2016;PM2.5;Jahresmittel;PM2.5;9.75;442580;1097156;0.7353246022480349;BAFU & BFS
2016;PM2.5;Jahresmittel;PM2.5;10.25;264709;1361866;0.9127353751309467;BAFU & BFS
2016;PM2.5;Jahresmittel;PM2.5;10.75;104124;1465989;0.9825199714607055;BAFU & BFS
2016;PM2.5;Jahresmittel;PM2.5;11.25;18700;1484689;0.9950529618865226;BAFU & BFS
2016;PM2.5;Jahresmittel;PM2.5;11.75;4901;1489590;0.9983375576581622;BAFU & BFS
2016;PM2.5;Jahresmittel;PM2.5;12.25;1552;1491142;0.9993777486364168;BAFU & BFS
2016;PM2.5;Jahresmittel;PM2.5;12.75;894;1492036;0.9999770957147754;BAFU & BFS
2016;PM2.5;Jahresmittel;PM2.5;13.25;34;1492070;1;BAFU & BFS
2017;NO2;Jahresmittel;NO2;5.5;4;4;2.678790724916664e-6;BAFU & BFS
2017;NO2;Jahresmittel;NO2;6.5;57;61;4.0156126394940676e-5;BAFU & BFS
2017;NO2;Jahresmittel;NO2;7.5;414;474;3.143671431661e-4;BAFU & BFS
2017;NO2;Jahresmittel;NO2;8.5;1169;1643;0.0010894340600469054;BAFU & BFS
2017;NO2;Jahresmittel;NO2;9.5;2402;4045;0.0026817633642981366;BAFU & BFS
2017;NO2;Jahresmittel;NO2;10.5;4246;8291;0.005496235371898625;BAFU & BFS
2017;NO2;Jahresmittel;NO2;11.5;8322;16613;0.01101297426835094;BAFU & BFS
2017;NO2;Jahresmittel;NO2;12.5;15881;32494;0.02154093493093437;BAFU & BFS
2017;NO2;Jahresmittel;NO2;13.5;28961;61454;0.040739806389884975;BAFU & BFS
2017;NO2;Jahresmittel;NO2;14.5;50154;111608;0.07398840256246535;BAFU & BFS
2017;NO2;Jahresmittel;NO2;15.5;77908;189516;0.12563613797554177;BAFU & BFS
2017;NO2;Jahresmittel;NO2;16.5;101011;290527;0.19259930058395458;BAFU & BFS
2017;NO2;Jahresmittel;NO2;17.5;130959;421486;0.27941602745844946;BAFU & BFS
2017;NO2;Jahresmittel;NO2;18.5;144791;566277;0.3754025491362181;BAFU & BFS
2017;NO2;Jahresmittel;NO2;19.5;129514;695791;0.46126125717444905;BAFU & BFS
2017;NO2;Jahresmittel;NO2;20.5;114530;810322;0.5371870024368378;BAFU & BFS
2017;NO2;Jahresmittel;NO2;21.5;89270;899592;0.5963666887900594;BAFU & BFS
2017;NO2;Jahresmittel;NO2;22.5;73213;972805;0.6449021018408374;BAFU & BFS
2017;NO2;Jahresmittel;NO2;23.5;70371;1043176;0.6915534327200223;BAFU & BFS
2017;NO2;Jahresmittel;NO2;24.5;82050;1125227;0.7459470520134058;BAFU & BFS
2017;NO2;Jahresmittel;NO2;25.5;70596;1195822;0.7927469861518484;BAFU & BFS
2017;NO2;Jahresmittel;NO2;26.5;75727;1271549;0.8429487287810539;BAFU & BFS
2017;NO2;Jahresmittel;NO2;27.5;61954;1333504;0.8840202497341404;BAFU & BFS
2017;NO2;Jahresmittel;NO2;28.5;47061;1380565;0.9152185211637911;BAFU & BFS
2017;NO2;Jahresmittel;NO2;29.5;49827;1430392;0.9482501977619645;BAFU & BFS
2017;NO2;Jahresmittel;NO2;30.5;30134;1460526;0.9682268019046095;BAFU & BFS
2017;NO2;Jahresmittel;NO2;31.5;20227;1480753;0.9816359203390512;BAFU & BFS
2017;NO2;Jahresmittel;NO2;32.5;12195;1492948;0.989720525682321;BAFU & BFS
2017;NO2;Jahresmittel;NO2;33.5;7870;1500818;0.9949377813407286;BAFU & BFS
2017;NO2;Jahresmittel;NO2;34.5;2391;1503209;0.9965227471684724;BAFU & BFS
2017;NO2;Jahresmittel;NO2;35.5;1078;1504286;0.9972372758425148;BAFU & BFS
2017;NO2;Jahresmittel;NO2;36.5;620;1504907;0.9976485433485113;BAFU & BFS
2017;NO2;Jahresmittel;NO2;37.5;820;1505727;0.9981919597355291;BAFU & BFS
2017;NO2;Jahresmittel;NO2;38.5;914;1506641;0.9987978577634098;BAFU & BFS
2017;NO2;Jahresmittel;NO2;39.5;577;1507217;0.9991801557615771;BAFU & BFS
2017;NO2;Jahresmittel;NO2;40.5;844;1508062;0.9997399484004915;BAFU & BFS
2017;NO2;Jahresmittel;NO2;43.5;392;1508454;1;BAFU & BFS
2017;O3;mittlere Sommertagbelastung;O3_peakseason_mean_d1_max_mean_h8gl;73;392;392;2.600515995084523e-4;BAFU & BFS
2017;O3;mittlere Sommertagbelastung;O3_peakseason_mean_d1_max_mean_h8gl;75;850;1243;8.23835412389168e-4;BAFU & BFS
2017;O3;mittlere Sommertagbelastung;O3_peakseason_mean_d1_max_mean_h8gl;77;2307;3550;0.0023534535473470476;BAFU & BFS
2017;O3;mittlere Sommertagbelastung;O3_peakseason_mean_d1_max_mean_h8gl;79;5582;9132;0.006053748732268931;BAFU & BFS
2017;O3;mittlere Sommertagbelastung;O3_peakseason_mean_d1_max_mean_h8gl;81;44436;53568;0.03551157507762516;BAFU & BFS
2017;O3;mittlere Sommertagbelastung;O3_peakseason_mean_d1_max_mean_h8gl;83;131016;184584;0.1223660264229051;BAFU & BFS
2017;O3;mittlere Sommertagbelastung;O3_peakseason_mean_d1_max_mean_h8gl;85;212588;397171;0.2632967858063976;BAFU & BFS
2017;O3;mittlere Sommertagbelastung;O3_peakseason_mean_d1_max_mean_h8gl;87;227362;624533;0.4140218064347574;BAFU & BFS
2017;O3;mittlere Sommertagbelastung;O3_peakseason_mean_d1_max_mean_h8gl;89;347384;971917;0.6443135260241104;BAFU & BFS
2017;O3;mittlere Sommertagbelastung;O3_peakseason_mean_d1_max_mean_h8gl;91;374837;1346754;0.8928043011029739;BAFU & BFS
2017;O3;mittlere Sommertagbelastung;O3_peakseason_mean_d1_max_mean_h8gl;93;134489;1481243;0.9819609117084134;BAFU & BFS
2017;O3;mittlere Sommertagbelastung;O3_peakseason_mean_d1_max_mean_h8gl;95;23921;1505163;0.997818610036165;BAFU & BFS
2017;O3;mittlere Sommertagbelastung;O3_peakseason_mean_d1_max_mean_h8gl;97;3253;1508417;0.9999752469202733;BAFU & BFS
2017;O3;mittlere Sommertagbelastung;O3_peakseason_mean_d1_max_mean_h8gl;99;37;1508454;1;BAFU & BFS
2017;O3;typische Spitzenbelastung;O3_max_98p_m1;135;20;20;1.3338884292381763e-5;BAFU & BFS
2017;O3;typische Spitzenbelastung;O3_max_98p_m1;137;149;169;1.1201993080600203e-4;BAFU & BFS
2017;O3;typische Spitzenbelastung;O3_max_98p_m1;139;1098;1267;8.399006488859104e-4;BAFU & BFS
2017;O3;typische Spitzenbelastung;O3_max_98p_m1;141;4584;5851;0.0038786001340769404;BAFU & BFS
2017;O3;typische Spitzenbelastung;O3_max_98p_m1;143;16206;22056;0.014622215607486359;BAFU & BFS
2017;O3;typische Spitzenbelastung;O3_max_98p_m1;145;51732;73788;0.04891755316327656;BAFU & BFS
2017;O3;typische Spitzenbelastung;O3_max_98p_m1;147;117150;190938;0.1265815877921603;BAFU & BFS
2017;O3;typische Spitzenbelastung;O3_max_98p_m1;149;860099;1051036;0.6967808601721146;BAFU & BFS
2017;O3;typische Spitzenbelastung;O3_max_98p_m1;151;435527;1486564;0.985512111378453;BAFU & BFS
2017;O3;typische Spitzenbelastung;O3_max_98p_m1;153;21854;1508418;1;BAFU & BFS
2017;PM10;Jahresmittel;PM10;7.25;11;11;7.340940014711542e-6;BAFU & BFS
2017;PM10;Jahresmittel;PM10;7.75;33;44;2.9411306809580363e-5;BAFU & BFS
2017;PM10;Jahresmittel;PM10;8.25;102;146;9.675010649006567e-5;BAFU & BFS
2017;PM10;Jahresmittel;PM10;8.75;400;546;3.62252998774893e-4;BAFU & BFS
2017;PM10;Jahresmittel;PM10;9.25;551;1097;7.274123791374295e-4;BAFU & BFS
2017;PM10;Jahresmittel;PM10;9.75;1204;2301;0.001525476891615835;BAFU & BFS
2017;PM10;Jahresmittel;PM10;10.25;2932;5233;0.003469173289156174;BAFU & BFS
2017;PM10;Jahresmittel;PM10;10.75;4002;9236;0.006122506738600847;BAFU & BFS
2017;PM10;Jahresmittel;PM10;11.25;8406;17641;0.011694921355921201;BAFU & BFS
2017;PM10;Jahresmittel;PM10;11.75;13197;30838;0.02044348566695192;BAFU & BFS
2017;PM10;Jahresmittel;PM10;12.25;21703;52541;0.03483088986417637;BAFU & BFS
2017;PM10;Jahresmittel;PM10;12.75;41189;93730;0.06213638648620773;BAFU & BFS
2017;PM10;Jahresmittel;PM10;13.25;239011;332741;0.2205840435025938;BAFU & BFS
2017;PM10;Jahresmittel;PM10;13.75;354416;687157;0.4555373407662699;BAFU & BFS
2017;PM10;Jahresmittel;PM10;14.25;340592;1027749;0.6813262681106556;BAFU & BFS
2017;PM10;Jahresmittel;PM10;14.75;294986;1322735;0.8768811381981431;BAFU & BFS
2017;PM10;Jahresmittel;PM10;15.25;150322;1473057;0.976534317630102;BAFU & BFS
2017;PM10;Jahresmittel;PM10;15.75;31233;1504290;0.9972399100456187;BAFU & BFS
2017;PM10;Jahresmittel;PM10;16.25;3426;1507716;0.9995108329351357;BAFU & BFS
2017;PM10;Jahresmittel;PM10;16.75;582;1508298;0.9998966103814618;BAFU & BFS
2017;PM10;Jahresmittel;PM10;17.25;156;1508454;1;BAFU & BFS
2017;PM2.5;Jahresmittel;PM2.5;6.25;14;14;9.361331499042682e-6;BAFU & BFS
2017;PM2.5;Jahresmittel;PM2.5;6.75;138;152;1.0088957469641268e-4;BAFU & BFS
2017;PM2.5;Jahresmittel;PM2.5;7.25;834;986;6.536815253166848e-4;BAFU & BFS
2017;PM2.5;Jahresmittel;PM2.5;7.75;3104;4090;0.0027111681649834045;BAFU & BFS
2017;PM2.5;Jahresmittel;PM2.5;8.25;15421;19511;0.01293475741629403;BAFU & BFS
2017;PM2.5;Jahresmittel;PM2.5;8.75;145538;165049;0.10941902514506127;BAFU & BFS
2017;PM2.5;Jahresmittel;PM2.5;9.25;425423;590472;0.3914531872434655;BAFU & BFS
2017;PM2.5;Jahresmittel;PM2.5;9.75;565931;1156403;0.7666365497864006;BAFU & BFS
2017;PM2.5;Jahresmittel;PM2.5;10.25;276137;1432540;0.9497016603174344;BAFU & BFS
2017;PM2.5;Jahresmittel;PM2.5;10.75;62603;1495143;0.9912044740496526;BAFU & BFS
2017;PM2.5;Jahresmittel;PM2.5;11.25;8504;1503648;0.9968424833619617;BAFU & BFS
2017;PM2.5;Jahresmittel;PM2.5;11.75;3064;1506712;0.9988739082340037;BAFU & BFS
2017;PM2.5;Jahresmittel;PM2.5;12.25;1388;1508100;0.9997940102236514;BAFU & BFS
2017;PM2.5;Jahresmittel;PM2.5;12.75;284;1508383;0.999982003717889;BAFU & BFS
2017;PM2.5;Jahresmittel;PM2.5;13.25;27;1508411;1;BAFU & BFS
2018;NO2;Jahresmittel;NO2;6.5;39;39;2.5761199907919512e-5;BAFU & BFS
2018;NO2;Jahresmittel;NO2;7.5;294;333;2.183451331268596e-4;BAFU & BFS
2018;NO2;Jahresmittel;NO2;8.5;1332;1665;0.0010914513944593619;BAFU & BFS
2018;NO2;Jahresmittel;NO2;9.5;3261;4925;0.003229346604245019;BAFU & BFS
2018;NO2;Jahresmittel;NO2;10.5;5558;10484;0.006873989558787647;BAFU & BFS
2018;NO2;Jahresmittel;NO2;11.5;17015;27499;0.018030797671065607;BAFU & BFS
2018;NO2;Jahresmittel;NO2;12.5;37695;65194;0.04274700543535896;BAFU & BFS
2018;NO2;Jahresmittel;NO2;13.5;62276;127469;0.08358062811206012;BAFU & BFS
2018;NO2;Jahresmittel;NO2;14.5;95862;223331;0.14643622196657025;BAFU & BFS
2018;NO2;Jahresmittel;NO2;15.5;122740;346071;0.2269155820774642;BAFU & BFS
2018;NO2;Jahresmittel;NO2;16.5;155225;501295;0.32869498070010167;BAFU & BFS
2018;NO2;Jahresmittel;NO2;17.5;161359;662654;0.4344967681436137;BAFU & BFS
2018;NO2;Jahresmittel;NO2;18.5;131627;794281;0.5208034432481157;BAFU & BFS
2018;NO2;Jahresmittel;NO2;19.5;108368;902649;0.5918590923512511;BAFU & BFS
2018;NO2;Jahresmittel;NO2;20.5;81933;984582;0.6455815870152612;BAFU & BFS
2018;NO2;Jahresmittel;NO2;21.5;79013;1063595;0.6973900051082885;BAFU & BFS
2018;NO2;Jahresmittel;NO2;22.5;90725;1154320;0.7568778293964211;BAFU & BFS
2018;NO2;Jahresmittel;NO2;23.5;73884;1228205;0.8053230809742977;BAFU & BFS
2018;NO2;Jahresmittel;NO2;24.5;90360;1318564;0.8645712657251315;BAFU & BFS
2018;NO2;Jahresmittel;NO2;25.5;54746;1373310;0.9004674944616108;BAFU & BFS
2018;NO2;Jahresmittel;NO2;26.5;53946;1427256;0.9358393622030641;BAFU & BFS
2018;NO2;Jahresmittel;NO2;27.5;42366;1469622;0.9636185676418709;BAFU & BFS
2018;NO2;Jahresmittel;NO2;28.5;25797;1495419;0.9805332849426516;BAFU & BFS
2018;NO2;Jahresmittel;NO2;29.5;13228;1508647;0.9892069922437967;BAFU & BFS
2018;NO2;Jahresmittel;NO2;30.5;8405;1517052;0.9947179388447401;BAFU & BFS
2018;NO2;Jahresmittel;NO2;31.5;3046;1520098;0.9967149750935795;BAFU & BFS
2018;NO2;Jahresmittel;NO2;32.5;1213;1521310;0.9975101268528807;BAFU & BFS
2018;NO2;Jahresmittel;NO2;33.5;1187;1522497;0.9982882303719364;BAFU & BFS
2018;NO2;Jahresmittel;NO2;34.5;229;1522726;0.9984385017446795;BAFU & BFS
2018;NO2;Jahresmittel;NO2;35.5;791;1523517;0.9989571125386624;BAFU & BFS
2018;NO2;Jahresmittel;NO2;36.5;1007;1524524;0.9996171791061971;BAFU & BFS
2018;NO2;Jahresmittel;NO2;37.5;366;1524890;0.9998570187023146;BAFU & BFS
2018;NO2;Jahresmittel;NO2;39.5;218;1525108;1;BAFU & BFS
2018;O3;mittlere Sommertagbelastung;O3_peakseason_mean_d1_max_mean_h8gl;89;584;584;3.8282089380303427e-4;BAFU & BFS
2018;O3;mittlere Sommertagbelastung;O3_peakseason_mean_d1_max_mean_h8gl;91;2027;2611;0.0017117696280636641;BAFU & BFS
2018;O3;mittlere Sommertagbelastung;O3_peakseason_mean_d1_max_mean_h8gl;93;5541;8151;0.005344647485463103;BAFU & BFS
2018;O3;mittlere Sommertagbelastung;O3_peakseason_mean_d1_max_mean_h8gl;95;51091;59242;0.03884478972856029;BAFU & BFS
2018;O3;mittlere Sommertagbelastung;O3_peakseason_mean_d1_max_mean_h8gl;97;153421;212663;0.1394415354419352;BAFU & BFS
2018;O3;mittlere Sommertagbelastung;O3_peakseason_mean_d1_max_mean_h8gl;99;265193;477856;0.3133260232876064;BAFU & BFS
2018;O3;mittlere Sommertagbelastung;O3_peakseason_mean_d1_max_mean_h8gl;101;278879;756735;0.4961848753115561;BAFU & BFS
2018;O3;mittlere Sommertagbelastung;O3_peakseason_mean_d1_max_mean_h8gl;103;449445;1206180;0.7908818688962109;BAFU & BFS
2018;O3;mittlere Sommertagbelastung;O3_peakseason_mean_d1_max_mean_h8gl;105;263208;1469388;0.9634648240978757;BAFU & BFS
2018;O3;mittlere Sommertagbelastung;O3_peakseason_mean_d1_max_mean_h8gl;107;51581;1520969;0.9972860534915652;BAFU & BFS
2018;O3;mittlere Sommertagbelastung;O3_peakseason_mean_d1_max_mean_h8gl;109;4120;1525089;0.9999874558450171;BAFU & BFS
2018;O3;mittlere Sommertagbelastung;O3_peakseason_mean_d1_max_mean_h8gl;111;19;1525108;1;BAFU & BFS
2018;O3;typische Spitzenbelastung;O3_max_98p_m1;151;3;3;1.982604033720197e-6;BAFU & BFS
2018;O3;typische Spitzenbelastung;O3_max_98p_m1;153;36;39;2.5747368875574847e-5;BAFU & BFS
2018;O3;typische Spitzenbelastung;O3_max_98p_m1;155;290;329;2.1573797536580112e-4;BAFU & BFS
2018;O3;typische Spitzenbelastung;O3_max_98p_m1;157;1093;1422;9.326327620633889e-4;BAFU & BFS
2018;O3;typische Spitzenbelastung;O3_max_98p_m1;159;4179;5602;0.0036730730803788874;BAFU & BFS
2018;O3;typische Spitzenbelastung;O3_max_98p_m1;161;7441;13043;0.008552087523396232;BAFU & BFS
2018;O3;typische Spitzenbelastung;O3_max_98p_m1;163;20259;33302;0.021836232285966102;BAFU & BFS
2018;O3;typische Spitzenbelastung;O3_max_98p_m1;165;44581;77883;0.05106854109369961;BAFU & BFS
2018;O3;typische Spitzenbelastung;O3_max_98p_m1;167;91271;169154;0.110915559383099;BAFU & BFS
2018;O3;typische Spitzenbelastung;O3_max_98p_m1;169;217232;386387;0.2533563720101312;BAFU & BFS
2018;O3;typische Spitzenbelastung;O3_max_98p_m1;171;1010778;1397165;0.9161306808680237;BAFU & BFS
2018;O3;typische Spitzenbelastung;O3_max_98p_m1;173;117645;1514810;0.9932714402751049;BAFU & BFS
2018;O3;typische Spitzenbelastung;O3_max_98p_m1;175;10262;1525071;1;BAFU & BFS
2018;PM10;Jahresmittel;PM10;8.25;4;4;2.643408985009137e-6;BAFU & BFS
2018;PM10;Jahresmittel;PM10;8.75;27;31;2.0467159320349494e-5;BAFU & BFS
2018;PM10;Jahresmittel;PM10;9.25;40;71;4.685580587790754e-5;BAFU & BFS
2018;PM10;Jahresmittel;PM10;9.75;340;411;2.696643282919209e-4;BAFU & BFS
2018;PM10;Jahresmittel;PM10;10.25;618;1029;6.749257096681565e-4;BAFU & BFS
2018;PM10;Jahresmittel;PM10;10.75;1233;2263;0.0014836160645800315;BAFU & BFS
2018;PM10;Jahresmittel;PM10;11.25;3014;5276;0.003459741338199244;BAFU & BFS
2018;PM10;Jahresmittel;PM10;11.75;4179;9455;0.006199686926619576;BAFU & BFS
2018;PM10;Jahresmittel;PM10;12.25;8666;18121;0.011882079060628154;BAFU & BFS
2018;PM10;Jahresmittel;PM10;12.75;16469;34591;0.022680952883510307;BAFU & BFS
2018;PM10;Jahresmittel;PM10;13.25;24825;59416;0.03895881589444404;BAFU & BFS
2018;PM10;Jahresmittel;PM10;13.75;98661;158078;0.10365024140520741;BAFU & BFS
2018;PM10;Jahresmittel;PM10;14.25;300997;459075;0.30101135574517757;BAFU & BFS
2018;PM10;Jahresmittel;PM10;14.75;389039;848114;0.5561009123972193;BAFU & BFS
2018;PM10;Jahresmittel;PM10;15.25;358795;1206909;0.7913595720773204;BAFU & BFS
2018;PM10;Jahresmittel;PM10;15.75;223254;1430163;0.9377454534942994;BAFU & BFS
2018;PM10;Jahresmittel;PM10;16.25;80112;1510275;0.9902741296179843;BAFU & BFS
2018;PM10;Jahresmittel;PM10;16.75;12654;1522929;0.998571544199499;BAFU & BFS
2018;PM10;Jahresmittel;PM10;17.25;1712;1524641;0.9996941130143153;BAFU & BFS
2018;PM10;Jahresmittel;PM10;17.75;445;1525087;0.9999860934168782;BAFU & BFS
2018;PM10;Jahresmittel;PM10;18.25;21;1525108;1;BAFU & BFS
2018;PM2.5;Jahresmittel;PM2.5;6.75;13;13;8.57931458118766e-6;BAFU & BFS
2018;PM2.5;Jahresmittel;PM2.5;7.25;44;57;3.7650516122355615e-5;BAFU & BFS
2018;PM2.5;Jahresmittel;PM2.5;7.75;564;621;4.0749092666913936e-4;BAFU & BFS
2018;PM2.5;Jahresmittel;PM2.5;8.25;1702;2323;0.0015233600512674196;BAFU & BFS
2018;PM2.5;Jahresmittel;PM2.5;8.75;5258;7581;0.004971113624459697;BAFU & BFS
2018;PM2.5;Jahresmittel;PM2.5;9.25;27940;35521;0.02329176445310107;BAFU & BFS
2018;PM2.5;Jahresmittel;PM2.5;9.75;142915;178437;0.11700305650437437;BAFU & BFS
2018;PM2.5;Jahresmittel;PM2.5;10.25;373062;551498;0.36162425232514844;BAFU & BFS
2018;PM2.5;Jahresmittel;PM2.5;10.75;499427;1050925;0.6891046849390365;BAFU & BFS
2018;PM2.5;Jahresmittel;PM2.5;11.25;320160;1371085;0.8990374238063353;BAFU & BFS
2018;PM2.5;Jahresmittel;PM2.5;11.75;122265;1493351;0.979208198144662;BAFU & BFS
2018;PM2.5;Jahresmittel;PM2.5;12.25;23658;1517009;0.9947210685733713;BAFU & BFS
2018;PM2.5;Jahresmittel;PM2.5;12.75;4624;1521633;0.9977531625822053;BAFU & BFS
2018;PM2.5;Jahresmittel;PM2.5;13.25;2218;1523851;0.999207775258135;BAFU & BFS
2018;PM2.5;Jahresmittel;PM2.5;13.75;953;1524804;0.9998326449200301;BAFU & BFS
2018;PM2.5;Jahresmittel;PM2.5;14.25;228;1525032;0.9999821981770733;BAFU & BFS
2018;PM2.5;Jahresmittel;PM2.5;14.75;27;1525059;1;BAFU & BFS
2019;NO2;Jahresmittel;NO2;5.5;33;33;2.1547370983623323e-5;BAFU & BFS
2019;NO2;Jahresmittel;NO2;6.5;222;256;1.6568437875529648e-4;BAFU & BFS
2019;NO2;Jahresmittel;NO2;7.5;1090;1346;8.717847473013373e-4;BAFU & BFS
2019;NO2;Jahresmittel;NO2;8.5;2690;4036;0.002614778025526914;BAFU & BFS
2019;NO2;Jahresmittel;NO2;9.5;5258;9293;0.006021173350983203;BAFU & BFS
2019;NO2;Jahresmittel;NO2;10.5;12634;21927;0.014206604130135338;BAFU & BFS
2019;NO2;Jahresmittel;NO2;11.5;32298;54225;0.03513287343661627;BAFU & BFS
2019;NO2;Jahresmittel;NO2;12.5;61355;115580;0.07488516392917899;BAFU & BFS
2019;NO2;Jahresmittel;NO2;13.5;91996;207576;0.13449003930619738;BAFU & BFS
2019;NO2;Jahresmittel;NO2;14.5;124358;331935;0.21506252012047652;BAFU & BFS
2019;NO2;Jahresmittel;NO2;15.5;163766;495700;0.3211673948100243;BAFU & BFS
2019;NO2;Jahresmittel;NO2;16.5;168340;664041;0.4302361381261174;BAFU & BFS
2019;NO2;Jahresmittel;NO2;17.5;148555;812596;0.5264860379039088;BAFU & BFS
2019;NO2;Jahresmittel;NO2;18.5;111871;924467;0.5989679109964331;BAFU & BFS
2019;NO2;Jahresmittel;NO2;19.5;87894;1012361;0.6559152927073177;BAFU & BFS
2019;NO2;Jahresmittel;NO2;20.5;87060;1099421;0.7123217831944559;BAFU & BFS
2019;NO2;Jahresmittel;NO2;21.5;89808;1189229;0.7705089934149352;BAFU & BFS
2019;NO2;Jahresmittel;NO2;22.5;88990;1278219;0.8281663121149849;BAFU & BFS
2019;NO2;Jahresmittel;NO2;23.5;76880;1355099;0.8779776069781376;BAFU & BFS
2019;NO2;Jahresmittel;NO2;24.5;61569;1416668;0.9178684523295001;BAFU & BFS
2019;NO2;Jahresmittel;NO2;25.5;53835;1470503;0.9527485769884865;BAFU & BFS
2019;NO2;Jahresmittel;NO2;26.5;34894;1505397;0.9753564315082756;BAFU & BFS
2019;NO2;Jahresmittel;NO2;27.5;15155;1520552;0.9851755452184114;BAFU & BFS
2019;NO2;Jahresmittel;NO2;28.5;13143;1533695;0.9936908929568231;BAFU & BFS
2019;NO2;Jahresmittel;NO2;29.5;3657;1537352;0.9960600095034662;BAFU & BFS
2019;NO2;Jahresmittel;NO2;30.5;2093;1539445;0.9974160757149569;BAFU & BFS
2019;NO2;Jahresmittel;NO2;31.5;718;1540163;0.9978813176363032;BAFU & BFS
2019;NO2;Jahresmittel;NO2;32.5;808;1540970;0.9984045320118708;BAFU & BFS
2019;NO2;Jahresmittel;NO2;33.5;1282;1542253;0.9992353590939516;BAFU & BFS
2019;NO2;Jahresmittel;NO2;34.5;28;1542281;0.9992536455575399;BAFU & BFS
2019;NO2;Jahresmittel;NO2;35.5;746;1543027;0.9997370795907358;BAFU & BFS
2019;NO2;Jahresmittel;NO2;36.5;88;1543115;0.9997943493828527;BAFU & BFS
2019;NO2;Jahresmittel;NO2;38.5;317;1543433;1;BAFU & BFS
2019;O3;mittlere Sommertagbelastung;O3_peakseason_mean_d1_max_mean_h8gl;81;599;599;3.878695284513133e-4;BAFU & BFS
2019;O3;mittlere Sommertagbelastung;O3_peakseason_mean_d1_max_mean_h8gl;83;1864;2462;0.0015954679881292982;BAFU & BFS
2019;O3;mittlere Sommertagbelastung;O3_peakseason_mean_d1_max_mean_h8gl;85;3964;6426;0.0041637642866455705;BAFU & BFS
2019;O3;mittlere Sommertagbelastung;O3_peakseason_mean_d1_max_mean_h8gl;87;36254;42681;0.027653085214623806;BAFU & BFS
2019;O3;mittlere Sommertagbelastung;O3_peakseason_mean_d1_max_mean_h8gl;89;154294;196975;0.1276211976545327;BAFU & BFS
2019;O3;mittlere Sommertagbelastung;O3_peakseason_mean_d1_max_mean_h8gl;91;265024;461998;0.29933177485716955;BAFU & BFS
2019;O3;mittlere Sommertagbelastung;O3_peakseason_mean_d1_max_mean_h8gl;93;306707;768706;0.49804935331145733;BAFU & BFS
2019;O3;mittlere Sommertagbelastung;O3_peakseason_mean_d1_max_mean_h8gl;95;483760;1252466;0.8114805226653636;BAFU & BFS
2019;O3;mittlere Sommertagbelastung;O3_peakseason_mean_d1_max_mean_h8gl;97;250351;1502817;0.9736848380590201;BAFU & BFS
2019;O3;mittlere Sommertagbelastung;O3_peakseason_mean_d1_max_mean_h8gl;99;37639;1540456;0.9980714141595607;BAFU & BFS
2019;O3;mittlere Sommertagbelastung;O3_peakseason_mean_d1_max_mean_h8gl;101;2973;1543429;0.999997385980181;BAFU & BFS
2019;O3;mittlere Sommertagbelastung;O3_peakseason_mean_d1_max_mean_h8gl;103;4;1543433;1;BAFU & BFS
2019;O3;typische Spitzenbelastung;O3_max_98p_m1;149;3;3;1.9605634914620113e-6;BAFU & BFS
2019;O3;typische Spitzenbelastung;O3_max_98p_m1;151;152;155;1.003683283443529e-4;BAFU & BFS
2019;O3;typische Spitzenbelastung;O3_max_98p_m1;153;1049;1204;7.799727977214625e-4;BAFU & BFS
2019;O3;typische Spitzenbelastung;O3_max_98p_m1;155;5604;6807;0.004410651773818101;BAFU & BFS
2019;O3;typische Spitzenbelastung;O3_max_98p_m1;157;12619;19426;0.012586624647136183;BAFU & BFS
2019;O3;typische Spitzenbelastung;O3_max_98p_m1;159;25636;45062;0.02919687251028493;BAFU & BFS
2019;O3;typische Spitzenbelastung;O3_max_98p_m1;161;73451;118513;0.07678724688067814;BAFU & BFS
2019;O3;typische Spitzenbelastung;O3_max_98p_m1;163;165890;284403;0.18427116821953715;BAFU & BFS
2019;O3;typische Spitzenbelastung;O3_max_98p_m1;165;911088;1195491;0.7745855247998884;BAFU & BFS
2019;O3;typische Spitzenbelastung;O3_max_98p_m1;167;343198;1538689;0.9969511357999677;BAFU & BFS
2019;O3;typische Spitzenbelastung;O3_max_98p_m1;169;4701;1543390;0.9999967549680109;BAFU & BFS
2019;O3;typische Spitzenbelastung;O3_max_98p_m1;171;5;1543395;1;BAFU & BFS
2019;PM10;Jahresmittel;PM10;7.75;13;13;8.468125626152919e-6;BAFU & BFS
2019;PM10;Jahresmittel;PM10;8.25;48;61;3.978512640212809e-5;BAFU & BFS
2019;PM10;Jahresmittel;PM10;8.75;337;398;2.58063303100034e-4;BAFU & BFS
2019;PM10;Jahresmittel;PM10;9.25;715;1113;7.212415766963215e-4;BAFU & BFS
2019;PM10;Jahresmittel;PM10;9.75;1917;3030;0.001963353175652062;BAFU & BFS
2019;PM10;Jahresmittel;PM10;10.25;3752;6782;0.004394201158873768;BAFU & BFS
2019;PM10;Jahresmittel;PM10;10.75;8262;15044;0.009746901488121998;BAFU & BFS
2019;PM10;Jahresmittel;PM10;11.25;15660;30704;0.019893253660474196;BAFU & BFS
2019;PM10;Jahresmittel;PM10;11.75;25754;56458;0.03657969854286727;BAFU & BFS
2019;PM10;Jahresmittel;PM10;12.25;119429;175888;0.1139587913721349;BAFU & BFS
2019;PM10;Jahresmittel;PM10;12.75;350268;526155;0.340899498244308;BAFU & BFS
2019;PM10;Jahresmittel;PM10;13.25;408323;934478;0.6054544407258898;BAFU & BFS
2019;PM10;Jahresmittel;PM10;13.75;375373;1309851;0.8486610293387075;BAFU & BFS
2019;PM10;Jahresmittel;PM10;14.25;189355;1499206;0.9713452566524827;BAFU & BFS
2019;PM10;Jahresmittel;PM10;14.75;40030;1539236;0.9972811343708025;BAFU & BFS
2019;PM10;Jahresmittel;PM10;15.25;3571;1542808;0.9995951134948979;BAFU & BFS
2019;PM10;Jahresmittel;PM10;15.75;600;1543408;0.9999836627611658;BAFU & BFS
2019;PM10;Jahresmittel;PM10;16.25;25;1543433;1;BAFU & BFS
2019;PM2.5;Jahresmittel;PM2.5;6.25;20;20;1.3052216472825084e-5;BAFU & BFS
2019;PM2.5;Jahresmittel;PM2.5;6.75;345;365;2.367325192847971e-4;BAFU & BFS
2019;PM2.5;Jahresmittel;PM2.5;7.25;1430;1795;0.001163131625816558;BAFU & BFS
2019;PM2.5;Jahresmittel;PM2.5;7.75;6322;8117;0.005259265815943997;BAFU & BFS
2019;PM2.5;Jahresmittel;PM2.5;8.25;58713;66830;0.043301124553355205;BAFU & BFS
2019;PM2.5;Jahresmittel;PM2.5;8.75;294663;361493;0.23422117737171616;BAFU & BFS
2019;PM2.5;Jahresmittel;PM2.5;9.25;595659;957153;0.6201647374927003;BAFU & BFS
2019;PM2.5;Jahresmittel;PM2.5;9.75;434648;1391801;0.9017849015315739;BAFU & BFS
2019;PM2.5;Jahresmittel;PM2.5;10.25;126055;1517856;0.9834592896164919;BAFU & BFS
2019;PM2.5;Jahresmittel;PM2.5;10.75;18822;1536677;0.9956543784724382;BAFU & BFS
2019;PM2.5;Jahresmittel;PM2.5;11.25;4786;1541464;0.998755457073576;BAFU & BFS
2019;PM2.5;Jahresmittel;PM2.5;11.75;1119;1542583;0.9994804945458018;BAFU & BFS
2019;PM2.5;Jahresmittel;PM2.5;12.25;782;1543364;0.9999869473746861;BAFU & BFS
2019;PM2.5;Jahresmittel;PM2.5;12.75;20;1543384;1;BAFU & BFS
2020;NO2;Jahresmittel;NO2;4.5;10;10;6.446985933326771e-6;BAFU & BFS
2020;NO2;Jahresmittel;NO2;5.5;40;50;3.22551533681581e-5;BAFU & BFS
2020;NO2;Jahresmittel;NO2;6.5;386;436;2.800451938783604e-4;BAFU & BFS
2020;NO2;Jahresmittel;NO2;7.5;1548;1985;0.0012741314344445862;BAFU & BFS
2020;NO2;Jahresmittel;NO2;8.5;4575;6560;0.0042115641123238136;BAFU & BFS
2020;NO2;Jahresmittel;NO2;9.5;15395;21955;0.014095124519005272;BAFU & BFS
2020;NO2;Jahresmittel;NO2;10.5;61409;83364;0.05351937631376969;BAFU & BFS
2020;NO2;Jahresmittel;NO2;11.5;80732;164096;0.10534934648826544;BAFU & BFS
2020;NO2;Jahresmittel;NO2;12.5;164590;328687;0.21101593854047787;BAFU & BFS
2020;NO2;Jahresmittel;NO2;13.5;252148;580835;0.37289437647784063;BAFU & BFS
2020;NO2;Jahresmittel;NO2;14.5;224533;805368;0.5170440359883426;BAFU & BFS
2020;NO2;Jahresmittel;NO2;15.5;218987;1024355;0.6576329278373113;BAFU & BFS
2020;NO2;Jahresmittel;NO2;16.5;154649;1179004;0.7569168292758166;BAFU & BFS
2020;NO2;Jahresmittel;NO2;17.5;133576;1312580;0.8426721981598616;BAFU & BFS
2020;NO2;Jahresmittel;NO2;18.5;91376;1403955;0.9013352836435682;BAFU & BFS
2020;NO2;Jahresmittel;NO2;19.5;61032;1464988;0.940517717152446;BAFU & BFS
2020;NO2;Jahresmittel;NO2;20.5;35098;1500086;0.9630506870505434;BAFU & BFS
2020;NO2;Jahresmittel;NO2;21.5;20128;1520213;0.9759725526671191;BAFU & BFS
2020;NO2;Jahresmittel;NO2;22.5;11196;1531410;0.9831604656191729;BAFU & BFS
2020;NO2;Jahresmittel;NO2;23.5;9101;1540510;0.9890031950390733;BAFU & BFS
2020;NO2;Jahresmittel;NO2;24.5;6559;1547070;0.9932141192510701;BAFU & BFS
2020;NO2;Jahresmittel;NO2;25.5;2883;1549953;0.9950650746059639;BAFU & BFS
2020;NO2;Jahresmittel;NO2;26.5;1753;1551706;0.996190810604631;BAFU & BFS
2020;NO2;Jahresmittel;NO2;27.5;1183;1552890;0.9969505358417308;BAFU & BFS
2020;NO2;Jahresmittel;NO2;28.5;1020;1553910;0.9976056908782381;BAFU & BFS
2020;NO2;Jahresmittel;NO2;29.5;1300;1555210;0.9984405457567628;BAFU & BFS
2020;NO2;Jahresmittel;NO2;30.5;568;1555778;0.9988050881107807;BAFU & BFS
2020;NO2;Jahresmittel;NO2;31.5;250;1556028;0.9989656466578007;BAFU & BFS
2020;NO2;Jahresmittel;NO2;32.5;699;1556728;0.9994144844427961;BAFU & BFS
2020;NO2;Jahresmittel;NO2;33.5;367;1557095;0.999650411930588;BAFU & BFS
2020;NO2;Jahresmittel;NO2;34.5;162;1557257;0.9997542123285384;BAFU & BFS
2020;NO2;Jahresmittel;NO2;35.5;178;1557434;0.9998683379043093;BAFU & BFS
2020;NO2;Jahresmittel;NO2;36.5;5;1557439;0.9998715615838953;BAFU & BFS
2020;NO2;Jahresmittel;NO2;37.5;115;1557554;0.9999452196696013;BAFU & BFS
2020;NO2;Jahresmittel;NO2;41.5;54;1557608;0.9999799865890022;BAFU & BFS
2020;NO2;Jahresmittel;NO2;45.5;11;1557619;0.9999870881219368;BAFU & BFS
2020;NO2;Jahresmittel;NO2;46.5;20;1557640;1;BAFU & BFS
2020;O3;mittlere Sommertagbelastung;O3_peakseason_mean_d1_max_mean_h8gl;69;31;31;2.0013410997784894e-5;BAFU & BFS
2020;O3;mittlere Sommertagbelastung;O3_peakseason_mean_d1_max_mean_h8gl;71;51;82;5.2846018892402015e-5;BAFU & BFS
2020;O3;mittlere Sommertagbelastung;O3_peakseason_mean_d1_max_mean_h8gl;73;3;85;5.478033039878944e-5;BAFU & BFS
2020;O3;mittlere Sommertagbelastung;O3_peakseason_mean_d1_max_mean_h8gl;75;134;219;1.40674968446164e-4;BAFU & BFS
2020;O3;mittlere Sommertagbelastung;O3_peakseason_mean_d1_max_mean_h8gl;77;790;1009;6.480493175932449e-4;BAFU & BFS
2020;O3;mittlere Sommertagbelastung;O3_peakseason_mean_d1_max_mean_h8gl;79;1456;2465;0.0015826526885814962;BAFU & BFS
2020;O3;mittlere Sommertagbelastung;O3_peakseason_mean_d1_max_mean_h8gl;81;4126;6591;0.004231491749990637;BAFU & BFS
2020;O3;mittlere Sommertagbelastung;O3_peakseason_mean_d1_max_mean_h8gl;83;12867;19458;0.012491989166208044;BAFU & BFS
2020;O3;mittlere Sommertagbelastung;O3_peakseason_mean_d1_max_mean_h8gl;85;51158;70616;0.04533530199005491;BAFU & BFS
2020;O3;mittlere Sommertagbelastung;O3_peakseason_mean_d1_max_mean_h8gl;87;212132;282748;0.1815234571255639;BAFU & BFS
2020;O3;mittlere Sommertagbelastung;O3_peakseason_mean_d1_max_mean_h8gl;89;531863;814612;0.5229782366968448;BAFU & BFS
2020;O3;mittlere Sommertagbelastung;O3_peakseason_mean_d1_max_mean_h8gl;91;595945;1410557;0.9055732323603818;BAFU & BFS
2020;O3;mittlere Sommertagbelastung;O3_peakseason_mean_d1_max_mean_h8gl;93;141801;1552358;0.9966090731991465;BAFU & BFS
2020;O3;mittlere Sommertagbelastung;O3_peakseason_mean_d1_max_mean_h8gl;95;5235;1557592;0.999969680675872;BAFU & BFS
2020;O3;mittlere Sommertagbelastung;O3_peakseason_mean_d1_max_mean_h8gl;97;47;1557640;1;BAFU & BFS
2020;O3;typische Spitzenbelastung;O3_max_98p_m1;125;6;6;3.865884937419516e-6;BAFU & BFS
2020;O3;typische Spitzenbelastung;O3_max_98p_m1;127;20;26;1.6769322179489465e-5;BAFU & BFS
2020;O3;typische Spitzenbelastung;O3_max_98p_m1;129;712;738;4.74058761793417e-4;BAFU & BFS
2020;O3;typische Spitzenbelastung;O3_max_98p_m1;131;4986;5724;0.0036749914699260645;BAFU & BFS
2020;O3;typische Spitzenbelastung;O3_max_98p_m1;133;17633;23358;0.014995588768995038;BAFU & BFS
2020;O3;typische Spitzenbelastung;O3_max_98p_m1;135;31559;54917;0.03525647453050819;BAFU & BFS
2020;O3;typische Spitzenbelastung;O3_max_98p_m1;137;119616;174532;0.11204944208828772;BAFU & BFS
2020;O3;typische Spitzenbelastung;O3_max_98p_m1;139;308429;482962;0.3100604782843392;BAFU & BFS
2020;O3;typische Spitzenbelastung;O3_max_98p_m1;141;898391;1381353;0.8868256615397988;BAFU & BFS
2020;O3;typische Spitzenbelastung;O3_max_98p_m1;143;173742;1555095;0.9983673759644881;BAFU & BFS
2020;O3;typische Spitzenbelastung;O3_max_98p_m1;145;2543;1557638;1;BAFU & BFS
2020;PM10;Jahresmittel;PM10;6.25;8;8;5.1622113070098145e-6;BAFU & BFS
2020;PM10;Jahresmittel;PM10;6.75;42;50;3.2255153368158094e-5;BAFU & BFS
2020;PM10;Jahresmittel;PM10;7.25;298;348;2.2326067339581743e-4;BAFU & BFS
2020;PM10;Jahresmittel;PM10;7.75;628;976;6.265569638101666e-4;BAFU & BFS
2020;PM10;Jahresmittel;PM10;8.25;1819;2795;0.0017944052330709861;BAFU & BFS
2020;PM10;Jahresmittel;PM10;8.75;3626;6421;0.004122331424115179;BAFU & BFS
2020;PM10;Jahresmittel;PM10;9.25;12279;18701;0.012005688485309942;BAFU & BFS
2020;PM10;Jahresmittel;PM10;9.75;39920;58620;0.03763418209616059;BAFU & BFS
2020;PM10;Jahresmittel;PM10;10.25;109277;167897;0.10778965179700971;BAFU & BFS
2020;PM10;Jahresmittel;PM10;10.75;182119;350016;0.22470927824765094;BAFU & BFS
2020;PM10;Jahresmittel;PM10;11.25;313541;663557;0.426001500167891;BAFU & BFS
2020;PM10;Jahresmittel;PM10;11.75;367395;1030952;0.6618679295341054;BAFU & BFS
2020;PM10;Jahresmittel;PM10;12.25;266393;1297344;0.8328912663259725;BAFU & BFS
2020;PM10;Jahresmittel;PM10;12.75;150586;1447930;0.9295668314607022;BAFU & BFS
2020;PM10;Jahresmittel;PM10;13.25;68046;1515976;0.9732522522321518;BAFU & BFS
2020;PM10;Jahresmittel;PM10;13.75;26578;1542554;0.9903149928859195;BAFU & BFS
2020;PM10;Jahresmittel;PM10;14.25;7214;1549767;0.9949461178281053;BAFU & BFS
2020;PM10;Jahresmittel;PM10;14.75;3547;1553314;0.9972232906656507;BAFU & BFS
2020;PM10;Jahresmittel;PM10;15.25;2596;1555911;0.9988900868720251;BAFU & BFS
2020;PM10;Jahresmittel;PM10;15.75;565;1556475;0.9992525228256308;BAFU & BFS
2020;PM10;Jahresmittel;PM10;16.25;899;1557374;0.9998294643566606;BAFU & BFS
2020;PM10;Jahresmittel;PM10;16.75;243;1557616;0.9999851538104305;BAFU & BFS
2020;PM10;Jahresmittel;PM10;17.25;3;1557619;0.9999870881219368;BAFU & BFS
2020;PM10;Jahresmittel;PM10;17.75;20;1557640;1;BAFU & BFS
2020;PM2.5;Jahresmittel;PM2.5;5.25;4;4;2.5811056535049073e-6;BAFU & BFS
2020;PM2.5;Jahresmittel;PM2.5;5.75;46;50;3.22551533681581e-5;BAFU & BFS
2020;PM2.5;Jahresmittel;PM2.5;6.25;720;770;4.942489836823225e-4;BAFU & BFS
2020;PM2.5;Jahresmittel;PM2.5;6.75;3989;4759;0.003055049354046432;BAFU & BFS
2020;PM2.5;Jahresmittel;PM2.5;7.25;45694;50452;0.03239032354298065;BAFU & BFS
2020;PM2.5;Jahresmittel;PM2.5;7.75;268550;319002;0.20479840771130872;BAFU & BFS
2020;PM2.5;Jahresmittel;PM2.5;8.25;542416;861419;0.5530281451941845;BAFU & BFS
2020;PM2.5;Jahresmittel;PM2.5;8.75;500705;1362123;0.8744789864353881;BAFU & BFS
2020;PM2.5;Jahresmittel;PM2.5;9.25;172108;1534231;0.9849719952225329;BAFU & BFS
2020;PM2.5;Jahresmittel;PM2.5;9.75;17291;1551522;0.9960727555655187;BAFU & BFS
2020;PM2.5;Jahresmittel;PM2.5;10.25;4540;1556062;0.9989874535083398;BAFU & BFS
2020;PM2.5;Jahresmittel;PM2.5;10.75;1442;1557505;0.9999134078687641;BAFU & BFS
2020;PM2.5;Jahresmittel;PM2.5;11.25;135;1557640;1;BAFU & BFS
2021;NO2;Jahresmittel;NO2;4.5;9;9;5.756960203975473e-6;BAFU & BFS
2021;NO2;Jahresmittel;NO2;5.5;34;43;2.7502937117952003e-5;BAFU & BFS
2021;NO2;Jahresmittel;NO2;6.5;432;475;3.0275628740425653e-4;BAFU & BFS
2021;NO2;Jahresmittel;NO2;7.5;1723;2198;0.0014007821801214119;BAFU & BFS
2021;NO2;Jahresmittel;NO2;8.5;4917;7115;0.00453477397499364;BAFU & BFS
2021;NO2;Jahresmittel;NO2;9.5;18228;25342;0.016152927368884944;BAFU & BFS
2021;NO2;Jahresmittel;NO2;10.5;61545;86887;0.05538097587263623;BAFU & BFS
2021;NO2;Jahresmittel;NO2;11.5;89614;176500;0.11250019660748262;BAFU & BFS
2021;NO2;Jahresmittel;NO2;12.5;189157;365657;0.2330673908503662;BAFU & BFS
2021;NO2;Jahresmittel;NO2;13.5;250363;616021;0.39264721192396207;BAFU & BFS
2021;NO2;Jahresmittel;NO2;14.5;227442;843462;0.53761693270623;BAFU & BFS
2021;NO2;Jahresmittel;NO2;15.5;210179;1053642;0.6715838359379811;BAFU & BFS
2021;NO2;Jahresmittel;NO2;16.5;157639;1211280;0.7720615310305712;BAFU & BFS
2021;NO2;Jahresmittel;NO2;17.5;127061;1338341;0.8530493234186837;BAFU & BFS
2021;NO2;Jahresmittel;NO2;18.5;88807;1427148;0.9096540272245917;BAFU & BFS
2021;NO2;Jahresmittel;NO2;19.5;56621;1483769;0.945744056231688;BAFU & BFS
2021;NO2;Jahresmittel;NO2;20.5;32845;1516614;0.9666793275107805;BAFU & BFS
2021;NO2;Jahresmittel;NO2;21.5;19021;1535635;0.9788029116215152;BAFU & BFS
2021;NO2;Jahresmittel;NO2;22.5;9045;1544680;0.9845680494265912;BAFU & BFS
2021;NO2;Jahresmittel;NO2;23.5;8832;1553512;0.9901977628788186;BAFU & BFS
2021;NO2;Jahresmittel;NO2;24.5;5287;1558799;0.9935676325981786;BAFU & BFS
2021;NO2;Jahresmittel;NO2;25.5;2693;1561491;0.9952838662522451;BAFU & BFS
2021;NO2;Jahresmittel;NO2;26.5;1716;1563208;0.9963778815876905;BAFU & BFS
2021;NO2;Jahresmittel;NO2;27.5;1229;1564437;0.9971614442336202;BAFU & BFS
2021;NO2;Jahresmittel;NO2;28.5;1092;1565529;0.9978571713899883;BAFU & BFS
2021;NO2;Jahresmittel;NO2;29.5;974;1566503;0.9984779763481372;BAFU & BFS
2021;NO2;Jahresmittel;NO2;30.5;515;1567018;0.9988065483077071;BAFU & BFS
2021;NO2;Jahresmittel;NO2;31.5;468;1567486;0.999105012884664;BAFU & BFS
2021;NO2;Jahresmittel;NO2;32.5;585;1568072;0.9994781310588553;BAFU & BFS
2021;NO2;Jahresmittel;NO2;33.5;290;1568362;0.9996630663930901;BAFU & BFS
2021;NO2;Jahresmittel;NO2;34.5;283;1568645;0.999843511309371;BAFU & BFS
2021;NO2;Jahresmittel;NO2;35.5;53;1568698;0.9998774589988385;BAFU & BFS
2021;NO2;Jahresmittel;NO2;36.5;25;1568723;0.9998934572349218;BAFU & BFS
2021;NO2;Jahresmittel;NO2;37.5;93;1568816;0.9999526017720808;BAFU & BFS
2021;NO2;Jahresmittel;NO2;40.5;3;1568819;0.9999545208576917;BAFU & BFS
2021;NO2;Jahresmittel;NO2;41.5;36;1568855;0.9999775350610133;BAFU & BFS
2021;NO2;Jahresmittel;NO2;45.5;35;1568891;1;BAFU & BFS
2021;O3;mittlere Sommertagbelastung;O3_peakseason_mean_d1_max_mean_h8gl;65;35;35;2.2464938986803432e-5;BAFU & BFS
2021;O3;mittlere Sommertagbelastung;O3_peakseason_mean_d1_max_mean_h8gl;67;36;71;4.547914230832393e-5;BAFU & BFS
2021;O3;mittlere Sommertagbelastung;O3_peakseason_mean_d1_max_mean_h8gl;69;3;74;4.739822791924371e-5;BAFU & BFS
2021;O3;mittlere Sommertagbelastung;O3_peakseason_mean_d1_max_mean_h8gl;71;147;221;1.410982402821861e-4;BAFU & BFS
2021;O3;mittlere Sommertagbelastung;O3_peakseason_mean_d1_max_mean_h8gl;73;926;1147;7.311298834202513e-4;BAFU & BFS
2021;O3;mittlere Sommertagbelastung;O3_peakseason_mean_d1_max_mean_h8gl;75;2071;3218;0.002051313253427199;BAFU & BFS
2021;O3;mittlere Sommertagbelastung;O3_peakseason_mean_d1_max_mean_h8gl;77;3613;6831;0.004354252118744099;BAFU & BFS
2021;O3;mittlere Sommertagbelastung;O3_peakseason_mean_d1_max_mean_h8gl;79;14712;21543;0.013731370035069235;BAFU & BFS
2021;O3;mittlere Sommertagbelastung;O3_peakseason_mean_d1_max_mean_h8gl;81;57132;78675;0.05014695282973172;BAFU & BFS
2021;O3;mittlere Sommertagbelastung;O3_peakseason_mean_d1_max_mean_h8gl;83;232271;310946;0.19819467828430584;BAFU & BFS
2021;O3;mittlere Sommertagbelastung;O3_peakseason_mean_d1_max_mean_h8gl;85;546740;857686;0.5466828320985664;BAFU & BFS
2021;O3;mittlere Sommertagbelastung;O3_peakseason_mean_d1_max_mean_h8gl;87;577258;1434944;0.914623360425516;BAFU & BFS
2021;O3;mittlere Sommertagbelastung;O3_peakseason_mean_d1_max_mean_h8gl;89;129237;1564181;0.9969981918792441;BAFU & BFS
2021;O3;mittlere Sommertagbelastung;O3_peakseason_mean_d1_max_mean_h8gl;91;4682;1568863;0.9999827302381501;BAFU & BFS
2021;O3;mittlere Sommertagbelastung;O3_peakseason_mean_d1_max_mean_h8gl;93;27;1568891;1;BAFU & BFS
2021;O3;typische Spitzenbelastung;O3_max_98p_m1;135;9;9;5.756753095028044e-6;BAFU & BFS
2021;O3;typische Spitzenbelastung;O3_max_98p_m1;137;1777;1786;0.0011386166409492824;BAFU & BFS
2021;O3;typische Spitzenbelastung;O3_max_98p_m1;139;72854;74641;0.04757368401137137;BAFU & BFS
2021;O3;typische Spitzenbelastung;O3_max_98p_m1;141;1298672;1373312;0.8753083224319285;BAFU & BFS
2021;O3;typische Spitzenbelastung;O3_max_98p_m1;143;195635;1568947;1;BAFU & BFS
2021;PM10;Jahresmittel;PM10;6.75;10;10;6.395734542514423e-6;BAFU & BFS
2021;PM10;Jahresmittel;PM10;7.25;111;121;7.740659405109031e-5;BAFU & BFS
2021;PM10;Jahresmittel;PM10;7.75;436;557;3.5528273056165897e-4;BAFU & BFS
2021;PM10;Jahresmittel;PM10;8.25;879;1436;9.154999191914415e-4;BAFU & BFS
2021;PM10;Jahresmittel;PM10;8.75;2699;4135;0.0026356822965630006;BAFU & BFS
2021;PM10;Jahresmittel;PM10;9.25;4582;8717;0.0055560802366583185;BAFU & BFS
2021;PM10;Jahresmittel;PM10;9.75;21600;30317;0.019323763391731107;BAFU & BFS
2021;PM10;Jahresmittel;PM10;10.25;78843;109160;0.06957784649124917;BAFU & BFS
2021;PM10;Jahresmittel;PM10;10.75;153311;262471;0.16729746583877034;BAFU & BFS
2021;PM10;Jahresmittel;PM10;11.25;250227;512698;0.32679021672889913;BAFU & BFS
2021;PM10;Jahresmittel;PM10;11.75;348689;861387;0.5490422649625437;BAFU & BFS
2021;PM10;Jahresmittel;PM10;12.25;320585;1181972;0.7533807824447705;BAFU & BFS
2021;PM10;Jahresmittel;PM10;12.75;209912;1391884;0.88717751310554;BAFU & BFS
2021;PM10;Jahresmittel;PM10;13.25;104040;1495924;0.9534916955436658;BAFU & BFS
2021;PM10;Jahresmittel;PM10;13.75;44516;1540440;0.9818659611594277;BAFU & BFS
2021;PM10;Jahresmittel;PM10;14.25;16732;1557172;0.9925306560006675;BAFU & BFS
2021;PM10;Jahresmittel;PM10;14.75;5092;1562264;0.9957762894920124;BAFU & BFS
2021;PM10;Jahresmittel;PM10;15.25;3329;1565593;0.9978983348925067;BAFU & BFS
2021;PM10;Jahresmittel;PM10;15.75;1664;1567257;0.9989589784573993;BAFU & BFS
2021;PM10;Jahresmittel;PM10;16.25;673;1567930;0.9993877511432668;BAFU & BFS
2021;PM10;Jahresmittel;PM10;16.75;846;1568776;0.9999269820404281;BAFU & BFS
2021;PM10;Jahresmittel;PM10;17.25;91;1568867;0.9999852438063966;BAFU & BFS
2021;PM10;Jahresmittel;PM10;17.75;3;1568870;0.9999871628920075;BAFU & BFS
2021;PM10;Jahresmittel;PM10;18.25;20;1568891;1;BAFU & BFS
2021;PM2.5;Jahresmittel;PM2.5;5.25;4;4;2.558293817005769e-6;BAFU & BFS
2021;PM2.5;Jahresmittel;PM2.5;5.75;39;43;2.7502937117952003e-5;BAFU & BFS
2021;PM2.5;Jahresmittel;PM2.5;6.25;569;613;3.904766645044041e-4;BAFU & BFS
2021;PM2.5;Jahresmittel;PM2.5;6.75;2814;3427;0.002184336709156166;BAFU & BFS
2021;PM2.5;Jahresmittel;PM2.5;7.25;18737;22164;0.01412745928490733;BAFU & BFS
2021;PM2.5;Jahresmittel;PM2.5;7.75;170364;192528;0.12271610668873324;BAFU & BFS
2021;PM2.5;Jahresmittel;PM2.5;8.25;501693;694221;0.44249154075370417;BAFU & BFS
2021;PM2.5;Jahresmittel;PM2.5;8.75;556911;1251131;0.7974625026374944;BAFU & BFS
2021;PM2.5;Jahresmittel;PM2.5;9.25;268130;1519262;0.9683668169267915;BAFU & BFS
2021;PM2.5;Jahresmittel;PM2.5;9.75;40859;1560120;0.9944098001678678;BAFU & BFS
2021;PM2.5;Jahresmittel;PM2.5;10.25;6199;1566320;0.9983612377698456;BAFU & BFS
2021;PM2.5;Jahresmittel;PM2.5;10.75;1634;1567953;0.9994025203915547;BAFU & BFS
2021;PM2.5;Jahresmittel;PM2.5;11.25;917;1568870;0.9999871628920075;BAFU & BFS
2021;PM2.5;Jahresmittel;PM2.5;11.75;20;1568891;1;BAFU & BFS
2022;NO2;Jahresmittel;NO2;4.5;12;12;7.610566184281657e-6;BAFU & BFS
2022;NO2;Jahresmittel;NO2;5.5;54;66;4.186309541733899e-5;BAFU & BFS
2022;NO2;Jahresmittel;NO2;6.5;748;814;5.139671807169412e-4;BAFU & BFS
2022;NO2;Jahresmittel;NO2;7.5;2816;3630;0.002291273602407692;BAFU & BFS
2022;NO2;Jahresmittel;NO2;8.5;7156;10786;0.006808342602371261;BAFU & BFS
2022;NO2;Jahresmittel;NO2;9.5;36701;47487;0.0299755174458754;BAFU & BFS
2022;NO2;Jahresmittel;NO2;10.5;81446;128932;0.08138748661516575;BAFU & BFS
2022;NO2;Jahresmittel;NO2;11.5;116197;245130;0.1547363154474856;BAFU & BFS
2022;NO2;Jahresmittel;NO2;12.5;256874;502004;0.3168863096827254;BAFU & BFS
2022;NO2;Jahresmittel;NO2;13.5;233848;735852;0.4645011581474246;BAFU & BFS
2022;NO2;Jahresmittel;NO2;14.5;235439;971291;0.6131205291668228;BAFU & BFS
2022;NO2;Jahresmittel;NO2;15.5;164959;1136250;0.7172498879426388;BAFU & BFS
2022;NO2;Jahresmittel;NO2;16.5;143064;1279314;0.8075579387115992;BAFU & BFS
2022;NO2;Jahresmittel;NO2;17.5;110511;1389825;0.8773169279277366;BAFU & BFS
2022;NO2;Jahresmittel;NO2;18.5;78617;1468442;0.9269432978680621;BAFU & BFS
2022;NO2;Jahresmittel;NO2;19.5;42439;1510880;0.9537323561877401;BAFU & BFS
2022;NO2;Jahresmittel;NO2;20.5;27951;1538832;0.9713764566291545;BAFU & BFS
2022;NO2;Jahresmittel;NO2;21.5;15392;1554223;0.9810922884823873;BAFU & BFS
2022;NO2;Jahresmittel;NO2;22.5;10605;1564828;0.9877865450483089;BAFU & BFS
2022;NO2;Jahresmittel;NO2;23.5;7115;1571943;0.9922775401535011;BAFU & BFS
2022;NO2;Jahresmittel;NO2;24.5;3496;1575439;0.9944843048748265;BAFU & BFS
2022;NO2;Jahresmittel;NO2;25.5;2191;1577629;0.99586712078188;BAFU & BFS
2022;NO2;Jahresmittel;NO2;26.5;1521;1579150;0.9968273303702537;BAFU & BFS
2022;NO2;Jahresmittel;NO2;27.5;1320;1580471;0.9976606800658796;BAFU & BFS
2022;NO2;Jahresmittel;NO2;28.5;1084;1581555;0.9983450379771677;BAFU & BFS
2022;NO2;Jahresmittel;NO2;29.5;674;1582229;0.9987706097446947;BAFU & BFS
2022;NO2;Jahresmittel;NO2;30.5;378;1582607;0.9990089556072808;BAFU & BFS
2022;NO2;Jahresmittel;NO2;31.5;456;1583063;0.9992968595258255;BAFU & BFS
2022;NO2;Jahresmittel;NO2;32.5;390;1583452;0.9995427394042604;BAFU & BFS
2022;NO2;Jahresmittel;NO2;33.5;321;1583773;0.999745505693784;BAFU & BFS
2022;NO2;Jahresmittel;NO2;34.5;200;1583973;0.9998716130642981;BAFU & BFS
2022;NO2;Jahresmittel;NO2;35.5;119;1584092;0.9999467095854422;BAFU & BFS
2022;NO2;Jahresmittel;NO2;37.5;4;1584096;0.9999492516571185;BAFU & BFS
2022;NO2;Jahresmittel;NO2;40.5;43;1584139;0.9999764858369946;BAFU & BFS
2022;NO2;Jahresmittel;NO2;44.5;37;1584177;1;BAFU & BFS
2022;O3;mittlere Sommertagbelastung;O3_peakseason_mean_d1_max_mean_h8gl;75;37;37;2.3514163005318596e-5;BAFU & BFS
2022;O3;mittlere Sommertagbelastung;O3_peakseason_mean_d1_max_mean_h8gl;79;43;80;5.074834288155768e-5;BAFU & BFS
2022;O3;mittlere Sommertagbelastung;O3_peakseason_mean_d1_max_mean_h8gl;81;123;203;1.2838693570186208e-4;BAFU & BFS
2022;O3;mittlere Sommertagbelastung;O3_peakseason_mean_d1_max_mean_h8gl;83;911;1114;7.031404741745496e-4;BAFU & BFS
2022;O3;mittlere Sommertagbelastung;O3_peakseason_mean_d1_max_mean_h8gl;85;1640;2754;0.0017386205652020603;BAFU & BFS
2022;O3;mittlere Sommertagbelastung;O3_peakseason_mean_d1_max_mean_h8gl;87;4165;6920;0.004367957726427296;BAFU & BFS
2022;O3;mittlere Sommertagbelastung;O3_peakseason_mean_d1_max_mean_h8gl;89;14732;21651;0.013667180822386035;BAFU & BFS
2022;O3;mittlere Sommertagbelastung;O3_peakseason_mean_d1_max_mean_h8gl;91;56841;78492;0.049547575681237736;BAFU & BFS
2022;O3;mittlere Sommertagbelastung;O3_peakseason_mean_d1_max_mean_h8gl;93;246025;324518;0.20484936665599532;BAFU & BFS
2022;O3;mittlere Sommertagbelastung;O3_peakseason_mean_d1_max_mean_h8gl;95;548835;873352;0.5512972857913095;BAFU & BFS
2022;O3;mittlere Sommertagbelastung;O3_peakseason_mean_d1_max_mean_h8gl;97;590484;1463836;0.9240361764741558;BAFU & BFS
2022;O3;mittlere Sommertagbelastung;O3_peakseason_mean_d1_max_mean_h8gl;99;117291;1581128;0.9980753925872283;BAFU & BFS
2022;O3;mittlere Sommertagbelastung;O3_peakseason_mean_d1_max_mean_h8gl;101;3037;1584164;0.9999923894338159;BAFU & BFS
2022;O3;mittlere Sommertagbelastung;O3_peakseason_mean_d1_max_mean_h8gl;103;12;1584177;1;BAFU & BFS
2022;O3;typische Spitzenbelastung;O3_max_98p_m1;135;9;9;5.707354530863644e-6;BAFU & BFS
2022;O3;typische Spitzenbelastung;O3_max_98p_m1;137;251;260;1.6425199755679083e-4;BAFU & BFS
2022;O3;typische Spitzenbelastung;O3_max_98p_m1;139;2221;2481;0.0015660096170066766;BAFU & BFS
2022;O3;typische Spitzenbelastung;O3_max_98p_m1;141;11591;14072;0.008882623607705956;BAFU & BFS
2022;O3;typische Spitzenbelastung;O3_max_98p_m1;143;18592;32664;0.020618405014794748;BAFU & BFS
2022;O3;typische Spitzenbelastung;O3_max_98p_m1;145;63963;96627;0.060992930097132296;BAFU & BFS
2022;O3;typische Spitzenbelastung;O3_max_98p_m1;147;138108;234735;0.1481693607883155;BAFU & BFS
2022;O3;typische Spitzenbelastung;O3_max_98p_m1;149;767370;1002105;0.6325479411419991;BAFU & BFS
2022;O3;typische Spitzenbelastung;O3_max_98p_m1;151;576266;1578371;0.9962979534933953;BAFU & BFS
2022;O3;typische Spitzenbelastung;O3_max_98p_m1;153;5865;1584236;1;BAFU & BFS
2022;PM10;Jahresmittel;PM10;7.25;17;17;1.0783651710218726e-5;BAFU & BFS
2022;PM10;Jahresmittel;PM10;7.75;30;47;2.981220205826139e-5;BAFU & BFS
2022;PM10;Jahresmittel;PM10;8.25;208;255;1.6108691893737371e-4;BAFU & BFS
2022;PM10;Jahresmittel;PM10;8.75;608;863;5.450753990959022e-4;BAFU & BFS
2022;PM10;Jahresmittel;PM10;9.25;1086;1949;0.0012304511249127705;BAFU & BFS
2022;PM10;Jahresmittel;PM10;9.75;2881;4830;0.0030491728056767442;BAFU & BFS
2022;PM10;Jahresmittel;PM10;10.25;6061;10891;0.006874901124595287;BAFU & BFS
2022;PM10;Jahresmittel;PM10;10.75;22032;32923;0.020782562893436614;BAFU & BFS
2022;PM10;Jahresmittel;PM10;11.25;63976;96899;0.06116702892516071;BAFU & BFS
2022;PM10;Jahresmittel;PM10;11.75;134113;231013;0.14582519517165762;BAFU & BFS
2022;PM10;Jahresmittel;PM10;12.25;191155;422167;0.26649010513779;BAFU & BFS
2022;PM10;Jahresmittel;PM10;12.75;285291;707459;0.44657814477144514;BAFU & BFS
2022;PM10;Jahresmittel;PM10;13.25;309201;1016659;0.641758828630996;BAFU & BFS
2022;PM10;Jahresmittel;PM10;13.75;232784;1249443;0.7887018804964756;BAFU & BFS
2022;PM10;Jahresmittel;PM10;14.25;166976;1416419;0.894104110137245;BAFU & BFS
2022;PM10;Jahresmittel;PM10;14.75;90917;1507336;0.951494724545471;BAFU & BFS
2022;PM10;Jahresmittel;PM10;15.25;43879;1551214;0.9791927789835976;BAFU & BFS
2022;PM10;Jahresmittel;PM10;15.75;18611;1569825;0.9909405801308715;BAFU & BFS
2022;PM10;Jahresmittel;PM10;16.25;6127;1575952;0.9948083150651306;BAFU & BFS
2022;PM10;Jahresmittel;PM10;16.75;3098;1579050;0.9967637288826245;BAFU & BFS
2022;PM10;Jahresmittel;PM10;17.25;2620;1581670;0.9984177948141233;BAFU & BFS
2022;PM10;Jahresmittel;PM10;17.75;1032;1582702;0.9990692601650507;BAFU & BFS
2022;PM10;Jahresmittel;PM10;18.25;725;1583427;0.9995267678017022;BAFU & BFS
2022;PM10;Jahresmittel;PM10;18.75;678;1584105;0.9999549729263129;BAFU & BFS
2022;PM10;Jahresmittel;PM10;19.25;50;1584155;0.9999866541236997;BAFU & BFS
2022;PM10;Jahresmittel;PM10;20.25;21;1584177;1;BAFU & BFS
2022;PM2.5;Jahresmittel;PM2.5;5.75;19;19;1.2050893359077603e-5;BAFU & BFS
2022;PM2.5;Jahresmittel;PM2.5;6.25;127;146;9.193623493299157e-5;BAFU & BFS
2022;PM2.5;Jahresmittel;PM2.5;6.75;779;925;5.837142694473733e-4;BAFU & BFS
2022;PM2.5;Jahresmittel;PM2.5;7.25;3257;4181;0.002639375974977422;BAFU & BFS
2022;PM2.5;Jahresmittel;PM2.5;7.75;19945;24126;0.015229502159691821;BAFU & BFS
2022;PM2.5;Jahresmittel;PM2.5;8.25;163018;187144;0.11813327926051165;BAFU & BFS
2022;PM2.5;Jahresmittel;PM2.5;8.75;459506;646650;0.40819336050489113;BAFU & BFS
2022;PM2.5;Jahresmittel;PM2.5;9.25;543432;1190082;0.7512308243964206;BAFU & BFS
2022;PM2.5;Jahresmittel;PM2.5;9.75;309722;1499804;0.9467406125707939;BAFU & BFS
2022;PM2.5;Jahresmittel;PM2.5;10.25;70842;1570647;0.991459374652391;BAFU & BFS
2022;PM2.5;Jahresmittel;PM2.5;10.75;8707;1579354;0.9969556792805667;BAFU & BFS
2022;PM2.5;Jahresmittel;PM2.5;11.25;3332;1582686;0.9990591417325867;BAFU & BFS
2022;PM2.5;Jahresmittel;PM2.5;11.75;1462;1584148;0.9999822182385716;BAFU & BFS
2022;PM2.5;Jahresmittel;PM2.5;12.25;28;1584177;1;BAFU & BFS
2023;NO2;Jahresmittel;NO2;4.5;48;48;2.997773810194341e-5;BAFU & BFS
2023;NO2;Jahresmittel;NO2;5.5;399;447;2.778233739100509e-4;BAFU & BFS
2023;NO2;Jahresmittel;NO2;6.5;2129;2576;0.0016003317882024488;BAFU & BFS
2023;NO2;Jahresmittel;NO2;7.5;7011;9587;0.005955903728687454;BAFU & BFS
2023;NO2;Jahresmittel;NO2;8.5;39404;48991;0.030435874744761057;BAFU & BFS
2023;NO2;Jahresmittel;NO2;9.5;95927;144917;0.09003083340505244;BAFU & BFS
2023;NO2;Jahresmittel;NO2;10.5;159243;304161;0.1889617433765782;BAFU & BFS
2023;NO2;Jahresmittel;NO2;11.5;313662;617823;0.38382597707818167;BAFU & BFS
2023;NO2;Jahresmittel;NO2;12.5;263037;880860;0.547239446563908;BAFU & BFS
2023;NO2;Jahresmittel;NO2;13.5;232107;1112966;0.691437002205475;BAFU & BFS
2023;NO2;Jahresmittel;NO2;14.5;175373;1288339;0.8003884900204964;BAFU & BFS
2023;NO2;Jahresmittel;NO2;15.5;131590;1419929;0.8821396415676296;BAFU & BFS
2023;NO2;Jahresmittel;NO2;16.5;86136;1506065;0.9356518809996105;BAFU & BFS
2023;NO2;Jahresmittel;NO2;17.5;43228;1549293;0.9625073636735947;BAFU & BFS
2023;NO2;Jahresmittel;NO2;18.5;24557;1573850;0.9777634633774401;BAFU & BFS
2023;NO2;Jahresmittel;NO2;19.5;11906;1585756;0.9851601323043299;BAFU & BFS
2023;NO2;Jahresmittel;NO2;20.5;9750;1595506;0.9912173423814588;BAFU & BFS
2023;NO2;Jahresmittel;NO2;21.5;5501;1601007;0.994635061995697;BAFU & BFS
2023;NO2;Jahresmittel;NO2;22.5;2167;1603174;0.9959813359189261;BAFU & BFS
2023;NO2;Jahresmittel;NO2;23.5;1568;1604741;0.9969551884254935;BAFU & BFS
2023;NO2;Jahresmittel;NO2;24.5;1440;1606181;0.9978496600371113;BAFU & BFS
2023;NO2;Jahresmittel;NO2;25.5;1123;1607304;0.9985474777039323;BAFU & BFS
2023;NO2;Jahresmittel;NO2;26.5;579;1607883;0.9989069214054151;BAFU & BFS
2023;NO2;Jahresmittel;NO2;27.5;586;1608469;0.9992707044451884;BAFU & BFS
2023;NO2;Jahresmittel;NO2;28.5;460;1608928;0.9995562053064724;BAFU & BFS
2023;NO2;Jahresmittel;NO2;29.5;344;1609272;0.999770139413511;BAFU & BFS
2023;NO2;Jahresmittel;NO2;30.5;171;1609443;0.9998761447730306;BAFU & BFS
2023;NO2;Jahresmittel;NO2;31.5;119;1609562;0.999950031551625;BAFU & BFS
2023;NO2;Jahresmittel;NO2;32.5;4;1609566;0.9999525343537145;BAFU & BFS
2023;NO2;Jahresmittel;NO2;35.5;42;1609608;0.999978726182239;BAFU & BFS
2023;NO2;Jahresmittel;NO2;39.5;34;1609642;1;BAFU & BFS
2023;O3;mittlere Sommertagbelastung;O3_peakseason_mean_d1_max_mean_h8gl;73;34;34;2.1273817760960044e-5;BAFU & BFS
2023;O3;mittlere Sommertagbelastung;O3_peakseason_mean_d1_max_mean_h8gl;75;42;76;4.746564628551155e-5;BAFU & BFS
2023;O3;mittlere Sommertagbelastung;O3_peakseason_mean_d1_max_mean_h8gl;77;4;80;4.9968448375036264e-5;BAFU & BFS
2023;O3;mittlere Sommertagbelastung;O3_peakseason_mean_d1_max_mean_h8gl;79;442;523;3.246501401701269e-4;BAFU & BFS
2023;O3;mittlere Sommertagbelastung;O3_peakseason_mean_d1_max_mean_h8gl;81;1390;1913;0.0011884701247601617;BAFU & BFS
2023;O3;mittlere Sommertagbelastung;O3_peakseason_mean_d1_max_mean_h8gl;83;3946;5859;0.0036397468956934904;BAFU & BFS
2023;O3;mittlere Sommertagbelastung;O3_peakseason_mean_d1_max_mean_h8gl;85;12802;18661;0.011593190678766527;BAFU & BFS
2023;O3;mittlere Sommertagbelastung;O3_peakseason_mean_d1_max_mean_h8gl;87;66479;85140;0.052893460217478455;BAFU & BFS
2023;O3;mittlere Sommertagbelastung;O3_peakseason_mean_d1_max_mean_h8gl;89;310940;396079;0.24606665714392617;BAFU & BFS
2023;O3;mittlere Sommertagbelastung;O3_peakseason_mean_d1_max_mean_h8gl;91;690015;1086095;0.6747427309362847;BAFU & BFS
2023;O3;mittlere Sommertagbelastung;O3_peakseason_mean_d1_max_mean_h8gl;93;488690;1574785;0.9783445892278153;BAFU & BFS
2023;O3;mittlere Sommertagbelastung;O3_peakseason_mean_d1_max_mean_h8gl;95;34563;1609348;0.999817083331862;BAFU & BFS
2023;O3;mittlere Sommertagbelastung;O3_peakseason_mean_d1_max_mean_h8gl;97;294;1609642;1;BAFU & BFS
2023;O3;typische Spitzenbelastung;O3_max_98p_m1;143;125;125;7.793629513123863e-5;BAFU & BFS
2023;O3;typische Spitzenbelastung;O3_max_98p_m1;145;9094;9219;0.005727080903698013;BAFU & BFS
2023;O3;typische Spitzenbelastung;O3_max_98p_m1;147;107507;116726;0.07251332466703908;BAFU & BFS
2023;O3;typische Spitzenbelastung;O3_max_98p_m1;149;921362;1038088;0.644887990104088;BAFU & BFS
2023;O3;typische Spitzenbelastung;O3_max_98p_m1;151;571630;1609718;1;BAFU & BFS
2023;PM10;Jahresmittel;PM10;6.25;13;13;8.121700427872981e-6;BAFU & BFS
2023;PM10;Jahresmittel;PM10;6.75;56;69;4.306796559361897e-5;BAFU & BFS
2023;PM10;Jahresmittel;PM10;7.25;229;298;1.8535678039545037e-4;BAFU & BFS
2023;PM10;Jahresmittel;PM10;7.75;832;1131;7.023925666148972e-4;BAFU & BFS
2023;PM10;Jahresmittel;PM10;8.25;2276;3406;0.0021162713790042116;BAFU & BFS
2023;PM10;Jahresmittel;PM10;8.75;4653;8059;0.005006795029483806;BAFU & BFS
2023;PM10;Jahresmittel;PM10;9.25;20467;28526;0.017722184710370365;BAFU & BFS
2023;PM10;Jahresmittel;PM10;9.75;67659;96185;0.05975573215010002;BAFU & BFS
2023;PM10;Jahresmittel;PM10;10.25;169097;265283;0.16480848491349298;BAFU & BFS
2023;PM10;Jahresmittel;PM10;10.75;291412;556694;0.3458497706442695;BAFU & BFS
2023;PM10;Jahresmittel;PM10;11.25;373684;930379;0.5780033397825243;BAFU & BFS
2023;PM10;Jahresmittel;PM10;11.75;315100;1245479;0.7737613774400982;BAFU & BFS
2023;PM10;Jahresmittel;PM10;12.25;201494;1446973;0.8989405868968016;BAFU & BFS
2023;PM10;Jahresmittel;PM10;12.75;99099;1546072;0.9605065241127123;BAFU & BFS
2023;PM10;Jahresmittel;PM10;13.25;41214;1587286;0.9861109591962499;BAFU & BFS
2023;PM10;Jahresmittel;PM10;13.75;11819;1599105;0.9934536872418136;BAFU & BFS
2023;PM10;Jahresmittel;PM10;14.25;4734;1603840;0.9963949149073956;BAFU & BFS
2023;PM10;Jahresmittel;PM10;14.75;3100;1606939;0.9983206825853597;BAFU & BFS
2023;PM10;Jahresmittel;PM10;15.25;1251;1608191;0.9990981168064513;BAFU & BFS
2023;PM10;Jahresmittel;PM10;15.75;809;1608999;0.9996005117747846;BAFU & BFS
2023;PM10;Jahresmittel;PM10;16.25;575;1609574;0.9999575785661092;BAFU & BFS
2023;PM10;Jahresmittel;PM10;16.75;50;1609624;0.9999887373905972;BAFU & BFS
2023;PM10;Jahresmittel;PM10;17.25;18;1609642;1;BAFU & BFS
2023;PM2.5;Jahresmittel;PM2.5;4.75;3;3;1.8742385602783802e-6;BAFU & BFS
2023;PM2.5;Jahresmittel;PM2.5;5.25;54;57;3.5593555666144726e-5;BAFU & BFS
2023;PM2.5;Jahresmittel;PM2.5;5.75;806;863;5.361865336218316e-4;BAFU & BFS
2023;PM2.5;Jahresmittel;PM2.5;6.25;5632;6495;0.004035221880465974;BAFU & BFS
2023;PM2.5;Jahresmittel;PM2.5;6.75;114403;120898;0.07510882199080177;BAFU & BFS
2023;PM2.5;Jahresmittel;PM2.5;7.25;502591;623489;0.38734649563508394;BAFU & BFS
2023;PM2.5;Jahresmittel;PM2.5;7.75;642419;1265909;0.7864533981711235;BAFU & BFS
2023;PM2.5;Jahresmittel;PM2.5;8.25;298220;1564129;0.9717245894137247;BAFU & BFS
2023;PM2.5;Jahresmittel;PM2.5;8.75;38190;1602319;0.9954501591585487;BAFU & BFS
2023;PM2.5;Jahresmittel;PM2.5;9.25;5288;1607607;0.9987353166848444;BAFU & BFS
2023;PM2.5;Jahresmittel;PM2.5;9.75;1967;1609574;0.9999575785661091;BAFU & BFS
2023;PM2.5;Jahresmittel;PM2.5;10.25;68;1609642;1;BAFU & BFS
2024;NO2;Jahresmittel;NO2;3.5;3;3;1.8587072195585423e-6;BAFU & BFS
2024;NO2;Jahresmittel;NO2;4.5;59;62;3.8395231218908583e-5;BAFU & BFS
2024;NO2;Jahresmittel;NO2;5.5;726;788;4.8533285136085616e-4;BAFU & BFS
2024;NO2;Jahresmittel;NO2;6.5;3394;4182;0.002575009823559012;BAFU & BFS
2024;NO2;Jahresmittel;NO2;7.5;11805;15987;0.009843562354069434;BAFU & BFS
2024;NO2;Jahresmittel;NO2;8.5;67865;83852;0.05162806008417343;BAFU & BFS
2024;NO2;Jahresmittel;NO2;9.5;102815;186667;0.11493187093357353;BAFU & BFS
2024;NO2;Jahresmittel;NO2;10.5;253510;440177;0.27101896663924135;BAFU & BFS
2024;NO2;Jahresmittel;NO2;11.5;293490;733668;0.4517219544188216;BAFU & BFS
2024;NO2;Jahresmittel;NO2;12.5;276922;1010590;0.6222239482505687;BAFU & BFS
2024;NO2;Jahresmittel;NO2;13.5;193565;1204155;0.7414027654559803;BAFU & BFS
2024;NO2;Jahresmittel;NO2;14.5;165603;1369758;0.8433651421453742;BAFU & BFS
2024;NO2;Jahresmittel;NO2;15.5;111257;1481015;0.9118667583758016;BAFU & BFS
2024;NO2;Jahresmittel;NO2;16.5;64602;1545617;0.9516424949466553;BAFU & BFS
2024;NO2;Jahresmittel;NO2;17.5;32493;1578110;0.9716486425229699;BAFU & BFS
2024;NO2;Jahresmittel;NO2;18.5;17589;1595700;0.9824784630060025;BAFU & BFS
2024;NO2;Jahresmittel;NO2;19.5;12710;1608410;0.990304072144701;BAFU & BFS
2024;NO2;Jahresmittel;NO2;20.5;5453;1613863;0.9936615144723325;BAFU & BFS
2024;NO2;Jahresmittel;NO2;21.5;3418;1617281;0.995766082553964;BAFU & BFS
2024;NO2;Jahresmittel;NO2;22.5;1758;1619039;0.996848721868476;BAFU & BFS
2024;NO2;Jahresmittel;NO2;23.5;1512;1620551;0.997779445950303;BAFU & BFS
2024;NO2;Jahresmittel;NO2;24.5;1279;1621830;0.9985667882254567;BAFU & BFS
2024;NO2;Jahresmittel;NO2;25.5;542;1622372;0.9989006903352907;BAFU & BFS
2024;NO2;Jahresmittel;NO2;26.5;568;1622940;0.9992506749464642;BAFU & BFS
2024;NO2;Jahresmittel;NO2;27.5;500;1623440;0.999558367426291;BAFU & BFS
2024;NO2;Jahresmittel;NO2;28.5;295;1623735;0.9997401052515646;BAFU & BFS
2024;NO2;Jahresmittel;NO2;29.5;219;1623954;0.9998748212177261;BAFU & BFS
2024;NO2;Jahresmittel;NO2;30.5;54;1624008;0.9999081882981071;BAFU & BFS
2024;NO2;Jahresmittel;NO2;31.5;71;1624079;0.999951727765276;BAFU & BFS
2024;NO2;Jahresmittel;NO2;34.5;42;1624121;0.9999776882405317;BAFU & BFS
2024;NO2;Jahresmittel;NO2;37.5;18;1624139;0.9999888441202659;BAFU & BFS
2024;NO2;Jahresmittel;NO2;38.5;18;1624157;1;BAFU & BFS
2024;O3;mittlere Sommertagbelastung;O3_peakseason_mean_d1_max_mean_h8gl;69;36;36;2.231175946821061e-5;BAFU & BFS
2024;O3;mittlere Sommertagbelastung;O3_peakseason_mean_d1_max_mean_h8gl;71;42;78;4.827223472406471e-5;BAFU & BFS
2024;O3;mittlere Sommertagbelastung;O3_peakseason_mean_d1_max_mean_h8gl;73;4;82;5.075131910942145e-5;BAFU & BFS
2024;O3;mittlere Sommertagbelastung;O3_peakseason_mean_d1_max_mean_h8gl;75;635;717;4.416325737089212e-4;BAFU & BFS
2024;O3;mittlere Sommertagbelastung;O3_peakseason_mean_d1_max_mean_h8gl;77;1571;2289;0.00140907843026624;BAFU & BFS
2024;O3;mittlere Sommertagbelastung;O3_peakseason_mean_d1_max_mean_h8gl;79;4462;6751;0.004156573253188744;BAFU & BFS
2024;O3;mittlere Sommertagbelastung;O3_peakseason_mean_d1_max_mean_h8gl;81;20142;26893;0.016557867175801676;BAFU & BFS
2024;O3;mittlere Sommertagbelastung;O3_peakseason_mean_d1_max_mean_h8gl;83;104470;131362;0.08088030254206706;BAFU & BFS
2024;O3;mittlere Sommertagbelastung;O3_peakseason_mean_d1_max_mean_h8gl;85;429780;561143;0.34549780393443286;BAFU & BFS
2024;O3;mittlere Sommertagbelastung;O3_peakseason_mean_d1_max_mean_h8gl;87;774753;1335895;0.8225159382661095;BAFU & BFS
2024;O3;mittlere Sommertagbelastung;O3_peakseason_mean_d1_max_mean_h8gl;89;284080;1619975;0.997424990176441;BAFU & BFS
2024;O3;mittlere Sommertagbelastung;O3_peakseason_mean_d1_max_mean_h8gl;91;4179;1624154;0.9999981412927805;BAFU & BFS
2024;O3;mittlere Sommertagbelastung;O3_peakseason_mean_d1_max_mean_h8gl;93;3;1624157;1;BAFU & BFS
2024;O3;typische Spitzenbelastung;O3_max_98p_m1;131;168;168;1.0326202377141104e-4;BAFU & BFS
2024;O3;typische Spitzenbelastung;O3_max_98p_m1;133;11415;11583;0.007131248418818786;BAFU & BFS
2024;O3;typische Spitzenbelastung;O3_max_98p_m1;135;37491;49074;0.030213669294597914;BAFU & BFS
2024;O3;typische Spitzenbelastung;O3_max_98p_m1;137;89426;138500;0.08527101978457269;BAFU & BFS
2024;O3;typische Spitzenbelastung;O3_max_98p_m1;139;419129;557629;0.343317317910043;BAFU & BFS
2024;O3;typische Spitzenbelastung;O3_max_98p_m1;141;855592;1413221;0.8700823717685401;BAFU & BFS
2024;O3;typische Spitzenbelastung;O3_max_98p_m1;143;185630;1598851;0.9843697898674817;BAFU & BFS
2024;O3;typische Spitzenbelastung;O3_max_98p_m1;145;20980;1619830;0.9972863489265243;BAFU & BFS
2024;O3;typische Spitzenbelastung;O3_max_98p_m1;147;4408;1624238;1;BAFU & BFS
2024;PM10;Jahresmittel;PM10;5.75;10;10;6.195690731861809e-6;BAFU & BFS
2024;PM10;Jahresmittel;PM10;6.25;62;72;4.4588911347589354e-5;BAFU & BFS
2024;PM10;Jahresmittel;PM10;6.75;409;482;2.965389050914405e-4;BAFU & BFS
2024;PM10;Jahresmittel;PM10;7.25;1126;1607;9.89727544967459e-4;BAFU & BFS
2024;PM10;Jahresmittel;PM10;7.75;3503;5111;0.0031468008157253045;BAFU & BFS
2024;PM10;Jahresmittel;PM10;8.25;13119;18230;0.01122408827895174;BAFU & BFS
2024;PM10;Jahresmittel;PM10;8.75;54373;72603;0.044701946792627525;BAFU & BFS
2024;PM10;Jahresmittel;PM10;9.25;159517;232120;0.14291748422728665;BAFU & BFS
2024;PM10;Jahresmittel;PM10;9.75;266247;498368;0.30684687483826395;BAFU & BFS
2024;PM10;Jahresmittel;PM10;10.25;402198;900565;0.5544814873170978;BAFU & BFS
2024;PM10;Jahresmittel;PM10;10.75;340969;1241534;0.7644171573672041;BAFU & BFS
2024;PM10;Jahresmittel;PM10;11.25;215895;1457429;0.8973446009007002;BAFU & BFS
2024;PM10;Jahresmittel;PM10;11.75;104824;1562252;0.9618848596176884;BAFU & BFS
2024;PM10;Jahresmittel;PM10;12.25;42520;1604773;0.9880648883607294;BAFU & BFS
2024;PM10;Jahresmittel;PM10;12.75;10298;1615071;0.9944052521893167;BAFU & BFS
2024;PM10;Jahresmittel;PM10;13.25;4417;1619488;0.9971249914879594;BAFU & BFS
2024;PM10;Jahresmittel;PM10;13.75;2886;1622373;0.9989016165695325;BAFU & BFS
2024;PM10;Jahresmittel;PM10;14.25;710;1623084;0.9993390535765572;BAFU & BFS
2024;PM10;Jahresmittel;PM10;14.75;979;1624063;0.999941855236847;BAFU & BFS
2024;PM10;Jahresmittel;PM10;15.25;76;1624139;0.9999888441202659;BAFU & BFS
2024;PM10;Jahresmittel;PM10;16.25;18;1624157;1;BAFU & BFS
2024;PM2.5;Jahresmittel;PM2.5;4.75;53;53;3.2823275249148636e-5;BAFU & BFS
2024;PM2.5;Jahresmittel;PM2.5;5.25;900;953;5.868223765999142e-4;BAFU & BFS
2024;PM2.5;Jahresmittel;PM2.5;5.75;5832;6785;0.004177648336265483;BAFU & BFS
2024;PM2.5;Jahresmittel;PM2.5;6.25;84820;91605;0.05640150512257142;BAFU & BFS
2024;PM2.5;Jahresmittel;PM2.5;6.75;502812;594417;0.36598466622160636;BAFU & BFS
2024;PM2.5;Jahresmittel;PM2.5;7.25;710486;1304903;0.8034338229172926;BAFU & BFS
2024;PM2.5;Jahresmittel;PM2.5;7.75;281596;1586499;0.9768137829088752;BAFU & BFS
2024;PM2.5;Jahresmittel;PM2.5;8.25;31846;1618345;0.9964212470740083;BAFU & BFS
2024;PM2.5;Jahresmittel;PM2.5;8.75;4369;1622714;0.9991110669509928;BAFU & BFS
2024;PM2.5;Jahresmittel;PM2.5;9.25;1423;1624136;0.9999869891775407;BAFU & BFS
2024;PM2.5;Jahresmittel;PM2.5;9.75;21;1624157;1;BAFU & BFS
2025;NO2;Jahresmittel;NO2;3.5;3;3;1.8405769837370165e-6;BAFU & BFS
2025;NO2;Jahresmittel;NO2;4.5;56;59;3.619600050647005e-5;BAFU & BFS
2025;NO2;Jahresmittel;NO2;5.5;715;774;4.729301446456047e-4;BAFU & BFS
2025;NO2;Jahresmittel;NO2;6.5;3368;4142;0.002530140489199943;BAFU & BFS
2025;NO2;Jahresmittel;NO2;7.5;11608;15750;0.00962098778633735;BAFU & BFS
2025;NO2;Jahresmittel;NO2;8.5;54353;70103;0.042822739958909506;BAFU & BFS
2025;NO2;Jahresmittel;NO2;9.5;87734;157837;0.09641556497573853;BAFU & BFS
2025;NO2;Jahresmittel;NO2;10.5;214810;372647;0.22763380071103576;BAFU & BFS
2025;NO2;Jahresmittel;NO2;11.5;227050;599697;0.36632870416210156;BAFU & BFS
2025;NO2;Jahresmittel;NO2;12.5;259330;859027;0.524742214544887;BAFU & BFS
2025;NO2;Jahresmittel;NO2;13.5;229204;1088231;0.6647529052937814;BAFU & BFS
2025;NO2;Jahresmittel;NO2;14.5;189032;1277263;0.7802240754542291;BAFU & BFS
2025;NO2;Jahresmittel;NO2;15.5;146355;1423618;0.8696261373041563;BAFU & BFS
2025;NO2;Jahresmittel;NO2;16.5;93287;1516906;0.9266112886410085;BAFU & BFS
2025;NO2;Jahresmittel;NO2;17.5;51377;1568283;0.9579953282323997;BAFU & BFS
2025;NO2;Jahresmittel;NO2;18.5;27323;1595605;0.9746855311129673;BAFU & BFS
2025;NO2;Jahresmittel;NO2;19.5;16146;1611751;0.9845481440829147;BAFU & BFS
2025;NO2;Jahresmittel;NO2;20.5;11063;1622814;0.9913057546675446;BAFU & BFS
2025;NO2;Jahresmittel;NO2;21.5;4224;1627037;0.9938859502413818;BAFU & BFS
2025;NO2;Jahresmittel;NO2;22.5;3105;1630142;0.9957823848742847;BAFU & BFS
2025;NO2;Jahresmittel;NO2;23.5;1721;1631863;0.9968333680410386;BAFU & BFS
2025;NO2;Jahresmittel;NO2;24.5;1486;1633348;0.9977408137477786;BAFU & BFS
2025;NO2;Jahresmittel;NO2;25.5;1429;1634777;0.9986135438651433;BAFU & BFS
2025;NO2;Jahresmittel;NO2;26.5;477;1635253;0.9989046983266543;BAFU & BFS
2025;NO2;Jahresmittel;NO2;27.5;588;1635842;0.9992639846577649;BAFU & BFS
2025;NO2;Jahresmittel;NO2;28.5;467;1636309;0.9995494699079546;BAFU & BFS
2025;NO2;Jahresmittel;NO2;29.5;332;1636641;0.9997523297599236;BAFU & BFS
2025;NO2;Jahresmittel;NO2;30.5;205;1636846;0.9998773026374124;BAFU & BFS
2025;NO2;Jahresmittel;NO2;31.5;54;1636900;0.9999103791215701;BAFU & BFS
2025;NO2;Jahresmittel;NO2;32.5;4;1636904;0.9999128357319944;BAFU & BFS
2025;NO2;Jahresmittel;NO2;33.5;64;1636968;0.9999521655691979;BAFU & BFS
2025;NO2;Jahresmittel;NO2;36.5;42;1637010;0.9999778905061816;BAFU & BFS
2025;NO2;Jahresmittel;NO2;39.5;36;1637046;1;BAFU & BFS
2025;O3;mittlere Sommertagbelastung;O3_peakseason_mean_d1_max_mean_h8gl;73;36;36;2.210949381836313e-5;BAFU & BFS
2025;O3;mittlere Sommertagbelastung;O3_peakseason_mean_d1_max_mean_h8gl;75;42;78;4.7834430802158334e-5;BAFU & BFS
2025;O3;mittlere Sommertagbelastung;O3_peakseason_mean_d1_max_mean_h8gl;77;68;147;8.962087842990665e-5;BAFU & BFS
2025;O3;mittlere Sommertagbelastung;O3_peakseason_mean_d1_max_mean_h8gl;79;299;446;2.7219151701090373e-4;BAFU & BFS
2025;O3;mittlere Sommertagbelastung;O3_peakseason_mean_d1_max_mean_h8gl;81;1361;1806;0.0011032648152441682;BAFU & BFS
2025;O3;mittlere Sommertagbelastung;O3_peakseason_mean_d1_max_mean_h8gl;83;3740;5546;0.0033879529684482093;BAFU & BFS
2025;O3;mittlere Sommertagbelastung;O3_peakseason_mean_d1_max_mean_h8gl;85;11517;17063;0.010422880824641094;BAFU & BFS
2025;O3;mittlere Sommertagbelastung;O3_peakseason_mean_d1_max_mean_h8gl;87;62115;79178;0.048366153956314925;BAFU & BFS
2025;O3;mittlere Sommertagbelastung;O3_peakseason_mean_d1_max_mean_h8gl;89;321248;400425;0.24460226754297984;BAFU & BFS
2025;O3;mittlere Sommertagbelastung;O3_peakseason_mean_d1_max_mean_h8gl;91;681851;1082277;0.6611154039272497;BAFU & BFS
2025;O3;mittlere Sommertagbelastung;O3_peakseason_mean_d1_max_mean_h8gl;93;494214;1576491;0.9630093445256659;BAFU & BFS
2025;O3;mittlere Sommertagbelastung;O3_peakseason_mean_d1_max_mean_h8gl;95;59930;1636421;0.9996178494147306;BAFU & BFS
2025;O3;mittlere Sommertagbelastung;O3_peakseason_mean_d1_max_mean_h8gl;97;626;1637046;1;BAFU & BFS
2025;O3;typische Spitzenbelastung;O3_max_98p_m1;139;6;6;3.6799368740963384e-6;BAFU & BFS
2025;O3;typische Spitzenbelastung;O3_max_98p_m1;141;930;936;5.715767511259763e-4;BAFU & BFS
2025;O3;typische Spitzenbelastung;O3_max_98p_m1;143;142728;143664;0.08775298457427139;BAFU & BFS
2025;O3;typische Spitzenbelastung;O3_max_98p_m1;145;371654;515318;0.3147671771670256;BAFU & BFS
2025;O3;typische Spitzenbelastung;O3_max_98p_m1;147;896600;1411918;0.8624293858450298;BAFU & BFS
2025;O3;typische Spitzenbelastung;O3_max_98p_m1;149;225222;1637140;1;BAFU & BFS
2025;PM10;Jahresmittel;PM10;6.25;6;6;3.6811539674740322e-6;BAFU & BFS
2025;PM10;Jahresmittel;PM10;7.25;170;176;1.0730821919463865e-4;BAFU & BFS
2025;PM10;Jahresmittel;PM10;8.25;1822;1998;0.0012203205503025696;BAFU & BFS
2025;PM10;Jahresmittel;PM10;9.25;14622;16620;0.010152256364191078;BAFU & BFS
2025;PM10;Jahresmittel;PM10;10.25;187159;203779;0.12447951071303717;BAFU & BFS
2025;PM10;Jahresmittel;PM10;11.25;546234;750013;0.4581500378890393;BAFU & BFS
2025;PM10;Jahresmittel;PM10;12.25;594437;1344450;0.8212657000539473;BAFU & BFS
2025;PM10;Jahresmittel;PM10;13.25;232770;1577220;0.9634548793550065;BAFU & BFS
2025;PM10;Jahresmittel;PM10;14.25;49116;1626336;0.9934577202850502;BAFU & BFS
2025;PM10;Jahresmittel;PM10;15.25;7997;1634334;0.9983430030532877;BAFU & BFS
2025;PM10;Jahresmittel;PM10;16.25;2259;1636593;0.9997228095871089;BAFU & BFS
2025;PM10;Jahresmittel;PM10;17.25;434;1637026;0.9999877212350197;BAFU & BFS
2025;PM10;Jahresmittel;PM10;18.25;20;1637046;1;BAFU & BFS
2025;PM2.5;Jahresmittel;PM2.5;6.25;277;277;1.6921847176392654e-4;BAFU & BFS
2025;PM2.5;Jahresmittel;PM2.5;7.25;18584;18861;0.011521390675782731;BAFU & BFS
2025;PM2.5;Jahresmittel;PM2.5;8.25;1035185;1054046;0.6438706849532349;BAFU & BFS
2025;PM2.5;Jahresmittel;PM2.5;9.25;568027;1622074;0.9908538066068034;BAFU & BFS
2025;PM2.5;Jahresmittel;PM2.5;10.25;13810;1635884;0.9992896396844068;BAFU & BFS
2025;PM2.5;Jahresmittel;PM2.5;11.25;1146;1637029;0.9999895594056969;BAFU & BFS
2025;PM2.5;Jahresmittel;PM2.5;12.25;17;1637046;1;BAFU & BFS
