year;site;parameter;type;reference_year;pollutant;metric;class;value
2000;Dübendorf-EMPA;PM2.5;gemessen;2021;Feinstaub PM2.5;Jahresmittel;Immission;NA
2001;Dübendorf-EMPA;PM2.5;gemessen;2021;Feinstaub PM2.5;Jahresmittel;Immission;NA
2002;Dübendorf-EMPA;PM2.5;gemessen;2021;Feinstaub PM2.5;Jahresmittel;Immission;NA
2003;Dübendorf-EMPA;PM2.5;gemessen;2021;Feinstaub PM2.5;Jahresmittel;Immission;NA
2004;Dübendorf-EMPA;PM2.5;gemessen;2021;Feinstaub PM2.5;Jahresmittel;Immission;NA
2005;Dübendorf-EMPA;PM2.5;gemessen;2021;Feinstaub PM2.5;Jahresmittel;Immission;NA
2006;Dübendorf-EMPA;PM2.5;gemessen;2021;Feinstaub PM2.5;Jahresmittel;Immission;NA
2007;Dübendorf-EMPA;PM2.5;gemessen;2021;Feinstaub PM2.5;Jahresmittel;Immission;NA
2008;Dübendorf-EMPA;PM2.5;gemessen;2021;Feinstaub PM2.5;Jahresmittel;Immission;NA
2009;Dübendorf-EMPA;PM2.5;gemessen;2021;Feinstaub PM2.5;Jahresmittel;Immission;NA
2010;Dübendorf-EMPA;PM2.5;gemessen;2021;Feinstaub PM2.5;Jahresmittel;Immission;NA
2011;Dübendorf-EMPA;PM2.5;gemessen;2021;Feinstaub PM2.5;Jahresmittel;Immission;NA
2012;Dübendorf-EMPA;PM2.5;gemessen;2021;Feinstaub PM2.5;Jahresmittel;Immission;NA
2013;Dübendorf-EMPA;PM2.5;gemessen;2021;Feinstaub PM2.5;Jahresmittel;Immission;NA
2014;Dübendorf-EMPA;PM2.5;gemessen;2021;Feinstaub PM2.5;Jahresmittel;Immission;NA
2015;Dübendorf-EMPA;PM2.5;gemessen;2021;Feinstaub PM2.5;Jahresmittel;Immission;NA
2016;Dübendorf-EMPA;PM2.5;gemessen;2021;Feinstaub PM2.5;Jahresmittel;Immission;9.760989010989011
2017;Dübendorf-EMPA;PM2.5;gemessen;2021;Feinstaub PM2.5;Jahresmittel;Immission;9.6
2018;Dübendorf-EMPA;PM2.5;gemessen;2021;Feinstaub PM2.5;Jahresmittel;Immission;10.810684931506849
2019;Dübendorf-EMPA;PM2.5;gemessen;2021;Feinstaub PM2.5;Jahresmittel;Immission;9.03917808219178
2020;Dübendorf-EMPA;PM2.5;gemessen;2021;Feinstaub PM2.5;Jahresmittel;Immission;8.373901098901099
2021;Dübendorf-EMPA;PM2.5;gemessen;2021;Feinstaub PM2.5;Jahresmittel;Immission;8.594780219780219
2022;Dübendorf-EMPA;PM2.5;gemessen;2021;Feinstaub PM2.5;Jahresmittel;Immission;9.550684931506849
2023;Dübendorf-EMPA;PM2.5;gemessen;2021;Feinstaub PM2.5;Jahresmittel;Immission;8.086301369863014
2024;Dübendorf-EMPA;PM2.5;gemessen;2021;Feinstaub PM2.5;Jahresmittel;Immission;7.240710382513661
2025;Dübendorf-EMPA;PM2.5;gemessen;2021;Feinstaub PM2.5;Jahresmittel;Immission;9.295492957746479
2000;Dübendorf-EMPA;PM2.5;Trend;2021;Feinstaub PM2.5;Jahresmittel;Immission;NA
2001;Dübendorf-EMPA;PM2.5;Trend;2021;Feinstaub PM2.5;Jahresmittel;Immission;NA
2002;Dübendorf-EMPA;PM2.5;Trend;2021;Feinstaub PM2.5;Jahresmittel;Immission;NA
2003;Dübendorf-EMPA;PM2.5;Trend;2021;Feinstaub PM2.5;Jahresmittel;Immission;NA
2004;Dübendorf-EMPA;PM2.5;Trend;2021;Feinstaub PM2.5;Jahresmittel;Immission;NA
2005;Dübendorf-EMPA;PM2.5;Trend;2021;Feinstaub PM2.5;Jahresmittel;Immission;NA
2006;Dübendorf-EMPA;PM2.5;Trend;2021;Feinstaub PM2.5;Jahresmittel;Immission;NA
2007;Dübendorf-EMPA;PM2.5;Trend;2021;Feinstaub PM2.5;Jahresmittel;Immission;NA
2008;Dübendorf-EMPA;PM2.5;Trend;2021;Feinstaub PM2.5;Jahresmittel;Immission;NA
2009;Dübendorf-EMPA;PM2.5;Trend;2021;Feinstaub PM2.5;Jahresmittel;Immission;NA
2010;Dübendorf-EMPA;PM2.5;Trend;2021;Feinstaub PM2.5;Jahresmittel;Immission;NA
2011;Dübendorf-EMPA;PM2.5;Trend;2021;Feinstaub PM2.5;Jahresmittel;Immission;NA
2012;Dübendorf-EMPA;PM2.5;Trend;2021;Feinstaub PM2.5;Jahresmittel;Immission;NA
2013;Dübendorf-EMPA;PM2.5;Trend;2021;Feinstaub PM2.5;Jahresmittel;Immission;NA
2014;Dübendorf-EMPA;PM2.5;Trend;2021;Feinstaub PM2.5;Jahresmittel;Immission;NA
2015;Dübendorf-EMPA;PM2.5;Trend;2021;Feinstaub PM2.5;Jahresmittel;Immission;NA
2016;Dübendorf-EMPA;PM2.5;Trend;2021;Feinstaub PM2.5;Jahresmittel;Immission;9.629281453601953
2017;Dübendorf-EMPA;PM2.5;Trend;2021;Feinstaub PM2.5;Jahresmittel;Immission;9.358448432623033
2018;Dübendorf-EMPA;PM2.5;Trend;2021;Feinstaub PM2.5;Jahresmittel;Immission;9.32970454860477
2019;Dübendorf-EMPA;PM2.5;Trend;2021;Feinstaub PM2.5;Jahresmittel;Immission;9.11707074449518
2020;Dübendorf-EMPA;PM2.5;Trend;2021;Feinstaub PM2.5;Jahresmittel;Immission;8.914324686151812
2021;Dübendorf-EMPA;PM2.5;Trend;2021;Feinstaub PM2.5;Jahresmittel;Immission;8.858176092694343
2022;Dübendorf-EMPA;PM2.5;Trend;2021;Feinstaub PM2.5;Jahresmittel;Immission;8.839321150735667
2023;Dübendorf-EMPA;PM2.5;Trend;2021;Feinstaub PM2.5;Jahresmittel;Immission;8.661760650735667
2024;Dübendorf-EMPA;PM2.5;Trend;2021;Feinstaub PM2.5;Jahresmittel;Immission;8.564319930783242
2025;Dübendorf-EMPA;PM2.5;Trend;2021;Feinstaub PM2.5;Jahresmittel;Immission;8.786246445070422
2020;Klo_Feld;PM2.5;gemessen;2021;Feinstaub PM2.5;Jahresmittel;Immission;8.913563941825657
2021;Klo_Feld;PM2.5;gemessen;2021;Feinstaub PM2.5;Jahresmittel;Immission;9.199463837248619
2022;Klo_Feld;PM2.5;gemessen;2021;Feinstaub PM2.5;Jahresmittel;Immission;8.74205585364835
2023;Klo_Feld;PM2.5;gemessen;2021;Feinstaub PM2.5;Jahresmittel;Immission;7.895514290326923
2024;Klo_Feld;PM2.5;gemessen;2021;Feinstaub PM2.5;Jahresmittel;Immission;NA
2025;Klo_Feld;PM2.5;gemessen;2021;Feinstaub PM2.5;Jahresmittel;Immission;NA
2020;Klo_Feld;PM2.5;Trend;2021;Feinstaub PM2.5;Jahresmittel;Immission;9.062951581608464
2021;Klo_Feld;PM2.5;Trend;2021;Feinstaub PM2.5;Jahresmittel;Immission;8.846724629370055
2022;Klo_Feld;PM2.5;Trend;2021;Feinstaub PM2.5;Jahresmittel;Immission;8.58976933799237
2023;Klo_Feld;PM2.5;Trend;2021;Feinstaub PM2.5;Jahresmittel;Immission;8.245094147541336
2024;Klo_Feld;PM2.5;Trend;2021;Feinstaub PM2.5;Jahresmittel;Immission;NA
2025;Klo_Feld;PM2.5;Trend;2021;Feinstaub PM2.5;Jahresmittel;Immission;NA
2001;Opf_Balsberg;PM2.5;gemessen;2021;Feinstaub PM2.5;Jahresmittel;Immission;NA
2002;Opf_Balsberg;PM2.5;gemessen;2021;Feinstaub PM2.5;Jahresmittel;Immission;NA
2003;Opf_Balsberg;PM2.5;gemessen;2021;Feinstaub PM2.5;Jahresmittel;Immission;NA
2004;Opf_Balsberg;PM2.5;gemessen;2021;Feinstaub PM2.5;Jahresmittel;Immission;NA
2006;Opf_Balsberg;PM2.5;gemessen;2021;Feinstaub PM2.5;Jahresmittel;Immission;NA
2007;Opf_Balsberg;PM2.5;gemessen;2021;Feinstaub PM2.5;Jahresmittel;Immission;NA
2008;Opf_Balsberg;PM2.5;gemessen;2021;Feinstaub PM2.5;Jahresmittel;Immission;NA
2009;Opf_Balsberg;PM2.5;gemessen;2021;Feinstaub PM2.5;Jahresmittel;Immission;NA
2010;Opf_Balsberg;PM2.5;gemessen;2021;Feinstaub PM2.5;Jahresmittel;Immission;NA
2011;Opf_Balsberg;PM2.5;gemessen;2021;Feinstaub PM2.5;Jahresmittel;Immission;NA
2012;Opf_Balsberg;PM2.5;gemessen;2021;Feinstaub PM2.5;Jahresmittel;Immission;NA
2013;Opf_Balsberg;PM2.5;gemessen;2021;Feinstaub PM2.5;Jahresmittel;Immission;NA
2014;Opf_Balsberg;PM2.5;gemessen;2021;Feinstaub PM2.5;Jahresmittel;Immission;NA
2015;Opf_Balsberg;PM2.5;gemessen;2021;Feinstaub PM2.5;Jahresmittel;Immission;NA
2016;Opf_Balsberg;PM2.5;gemessen;2021;Feinstaub PM2.5;Jahresmittel;Immission;NA
2017;Opf_Balsberg;PM2.5;gemessen;2021;Feinstaub PM2.5;Jahresmittel;Immission;NA
2018;Opf_Balsberg;PM2.5;gemessen;2021;Feinstaub PM2.5;Jahresmittel;Immission;10.68478330241096
2019;Opf_Balsberg;PM2.5;gemessen;2021;Feinstaub PM2.5;Jahresmittel;Immission;9.55115288785989
2020;Opf_Balsberg;PM2.5;gemessen;2021;Feinstaub PM2.5;Jahresmittel;Immission;9.1927899601694
2021;Opf_Balsberg;PM2.5;gemessen;2021;Feinstaub PM2.5;Jahresmittel;Immission;8.757335020263014
2022;Opf_Balsberg;PM2.5;gemessen;2021;Feinstaub PM2.5;Jahresmittel;Immission;8.79821365090884
2023;Opf_Balsberg;PM2.5;gemessen;2021;Feinstaub PM2.5;Jahresmittel;Immission;8.289409649309588
2024;Opf_Balsberg;PM2.5;gemessen;2021;Feinstaub PM2.5;Jahresmittel;Immission;7.6362604349699454
2025;Opf_Balsberg;PM2.5;gemessen;2021;Feinstaub PM2.5;Jahresmittel;Immission;9.16617485959178
2001;Opf_Balsberg;PM2.5;Trend;2021;Feinstaub PM2.5;Jahresmittel;Immission;NA
2002;Opf_Balsberg;PM2.5;Trend;2021;Feinstaub PM2.5;Jahresmittel;Immission;NA
2003;Opf_Balsberg;PM2.5;Trend;2021;Feinstaub PM2.5;Jahresmittel;Immission;NA
2004;Opf_Balsberg;PM2.5;Trend;2021;Feinstaub PM2.5;Jahresmittel;Immission;NA
2006;Opf_Balsberg;PM2.5;Trend;2021;Feinstaub PM2.5;Jahresmittel;Immission;NA
2007;Opf_Balsberg;PM2.5;Trend;2021;Feinstaub PM2.5;Jahresmittel;Immission;NA
2008;Opf_Balsberg;PM2.5;Trend;2021;Feinstaub PM2.5;Jahresmittel;Immission;NA
2009;Opf_Balsberg;PM2.5;Trend;2021;Feinstaub PM2.5;Jahresmittel;Immission;NA
2010;Opf_Balsberg;PM2.5;Trend;2021;Feinstaub PM2.5;Jahresmittel;Immission;NA
2011;Opf_Balsberg;PM2.5;Trend;2021;Feinstaub PM2.5;Jahresmittel;Immission;NA
2012;Opf_Balsberg;PM2.5;Trend;2021;Feinstaub PM2.5;Jahresmittel;Immission;NA
2013;Opf_Balsberg;PM2.5;Trend;2021;Feinstaub PM2.5;Jahresmittel;Immission;NA
2014;Opf_Balsberg;PM2.5;Trend;2021;Feinstaub PM2.5;Jahresmittel;Immission;NA
2015;Opf_Balsberg;PM2.5;Trend;2021;Feinstaub PM2.5;Jahresmittel;Immission;NA
2016;Opf_Balsberg;PM2.5;Trend;2021;Feinstaub PM2.5;Jahresmittel;Immission;NA
2017;Opf_Balsberg;PM2.5;Trend;2021;Feinstaub PM2.5;Jahresmittel;Immission;NA
2018;Opf_Balsberg;PM2.5;Trend;2021;Feinstaub PM2.5;Jahresmittel;Immission;10.14378088235684
2019;Opf_Balsberg;PM2.5;Trend;2021;Feinstaub PM2.5;Jahresmittel;Immission;9.509748849986527
2020;Opf_Balsberg;PM2.5;Trend;2021;Feinstaub PM2.5;Jahresmittel;Immission;9.184914440750847
2021;Opf_Balsberg;PM2.5;Trend;2021;Feinstaub PM2.5;Jahresmittel;Immission;9.0443301967134
2022;Opf_Balsberg;PM2.5;Trend;2021;Feinstaub PM2.5;Jahresmittel;Immission;8.897199835422224
2023;Opf_Balsberg;PM2.5;Trend;2021;Feinstaub PM2.5;Jahresmittel;Immission;8.675299951363256
2024;Opf_Balsberg;PM2.5;Trend;2021;Feinstaub PM2.5;Jahresmittel;Immission;8.49682734776963
2025;Opf_Balsberg;PM2.5;Trend;2021;Feinstaub PM2.5;Jahresmittel;Immission;8.815371381817645
2013;Zch_Rosengartenstrasse;PM2.5;gemessen;2021;Feinstaub PM2.5;Jahresmittel;Immission;NA
2014;Zch_Rosengartenstrasse;PM2.5;gemessen;2021;Feinstaub PM2.5;Jahresmittel;Immission;NA
2015;Zch_Rosengartenstrasse;PM2.5;gemessen;2021;Feinstaub PM2.5;Jahresmittel;Immission;NA
2016;Zch_Rosengartenstrasse;PM2.5;gemessen;2021;Feinstaub PM2.5;Jahresmittel;Immission;NA
2017;Zch_Rosengartenstrasse;PM2.5;gemessen;2021;Feinstaub PM2.5;Jahresmittel;Immission;NA
2018;Zch_Rosengartenstrasse;PM2.5;gemessen;2021;Feinstaub PM2.5;Jahresmittel;Immission;13.041767996382717
2019;Zch_Rosengartenstrasse;PM2.5;gemessen;2021;Feinstaub PM2.5;Jahresmittel;Immission;10.971571243711049
2020;Zch_Rosengartenstrasse;PM2.5;gemessen;2021;Feinstaub PM2.5;Jahresmittel;Immission;11.68274807587569
2021;Zch_Rosengartenstrasse;PM2.5;gemessen;2021;Feinstaub PM2.5;Jahresmittel;Immission;11.741624065577465
2022;Zch_Rosengartenstrasse;PM2.5;gemessen;2021;Feinstaub PM2.5;Jahresmittel;Immission;9.78398647891989
2023;Zch_Rosengartenstrasse;PM2.5;gemessen;2021;Feinstaub PM2.5;Jahresmittel;Immission;9.261977648910959
2024;Zch_Rosengartenstrasse;PM2.5;gemessen;2021;Feinstaub PM2.5;Jahresmittel;Immission;8.282110121379938
2025;Zch_Rosengartenstrasse;PM2.5;gemessen;2021;Feinstaub PM2.5;Jahresmittel;Immission;8.594854696060274
2013;Zch_Rosengartenstrasse;PM2.5;Trend;2021;Feinstaub PM2.5;Jahresmittel;Immission;NA
2014;Zch_Rosengartenstrasse;PM2.5;Trend;2021;Feinstaub PM2.5;Jahresmittel;Immission;NA
2015;Zch_Rosengartenstrasse;PM2.5;Trend;2021;Feinstaub PM2.5;Jahresmittel;Immission;NA
2016;Zch_Rosengartenstrasse;PM2.5;Trend;2021;Feinstaub PM2.5;Jahresmittel;Immission;NA
2017;Zch_Rosengartenstrasse;PM2.5;Trend;2021;Feinstaub PM2.5;Jahresmittel;Immission;NA
2018;Zch_Rosengartenstrasse;PM2.5;Trend;2021;Feinstaub PM2.5;Jahresmittel;Immission;12.299470704270451
2019;Zch_Rosengartenstrasse;PM2.5;Trend;2021;Feinstaub PM2.5;Jahresmittel;Immission;11.702114726171972
2020;Zch_Rosengartenstrasse;PM2.5;Trend;2021;Feinstaub PM2.5;Jahresmittel;Immission;11.609789349760094
2021;Zch_Rosengartenstrasse;PM2.5;Trend;2021;Feinstaub PM2.5;Jahresmittel;Immission;11.493145502296858
2022;Zch_Rosengartenstrasse;PM2.5;Trend;2021;Feinstaub PM2.5;Jahresmittel;Immission;10.026586351816425
2023;Zch_Rosengartenstrasse;PM2.5;Trend;2021;Feinstaub PM2.5;Jahresmittel;Immission;9.273237149731536
2024;Zch_Rosengartenstrasse;PM2.5;Trend;2021;Feinstaub PM2.5;Jahresmittel;Immission;8.82068571677744
2025;Zch_Rosengartenstrasse;PM2.5;Trend;2021;Feinstaub PM2.5;Jahresmittel;Immission;8.660823143881052
1990;Zch_Schimmelstrasse;PM2.5;gemessen;2021;Feinstaub PM2.5;Jahresmittel;Immission;NA
1991;Zch_Schimmelstrasse;PM2.5;gemessen;2021;Feinstaub PM2.5;Jahresmittel;Immission;NA
1992;Zch_Schimmelstrasse;PM2.5;gemessen;2021;Feinstaub PM2.5;Jahresmittel;Immission;NA
1993;Zch_Schimmelstrasse;PM2.5;gemessen;2021;Feinstaub PM2.5;Jahresmittel;Immission;NA
1994;Zch_Schimmelstrasse;PM2.5;gemessen;2021;Feinstaub PM2.5;Jahresmittel;Immission;NA
1995;Zch_Schimmelstrasse;PM2.5;gemessen;2021;Feinstaub PM2.5;Jahresmittel;Immission;NA
1996;Zch_Schimmelstrasse;PM2.5;gemessen;2021;Feinstaub PM2.5;Jahresmittel;Immission;NA
1997;Zch_Schimmelstrasse;PM2.5;gemessen;2021;Feinstaub PM2.5;Jahresmittel;Immission;NA
1998;Zch_Schimmelstrasse;PM2.5;gemessen;2021;Feinstaub PM2.5;Jahresmittel;Immission;NA
1999;Zch_Schimmelstrasse;PM2.5;gemessen;2021;Feinstaub PM2.5;Jahresmittel;Immission;NA
2000;Zch_Schimmelstrasse;PM2.5;gemessen;2021;Feinstaub PM2.5;Jahresmittel;Immission;NA
2001;Zch_Schimmelstrasse;PM2.5;gemessen;2021;Feinstaub PM2.5;Jahresmittel;Immission;NA
2002;Zch_Schimmelstrasse;PM2.5;gemessen;2021;Feinstaub PM2.5;Jahresmittel;Immission;NA
2003;Zch_Schimmelstrasse;PM2.5;gemessen;2021;Feinstaub PM2.5;Jahresmittel;Immission;NA
2004;Zch_Schimmelstrasse;PM2.5;gemessen;2021;Feinstaub PM2.5;Jahresmittel;Immission;NA
2005;Zch_Schimmelstrasse;PM2.5;gemessen;2021;Feinstaub PM2.5;Jahresmittel;Immission;NA
2006;Zch_Schimmelstrasse;PM2.5;gemessen;2021;Feinstaub PM2.5;Jahresmittel;Immission;NA
2007;Zch_Schimmelstrasse;PM2.5;gemessen;2021;Feinstaub PM2.5;Jahresmittel;Immission;NA
2008;Zch_Schimmelstrasse;PM2.5;gemessen;2021;Feinstaub PM2.5;Jahresmittel;Immission;NA
2009;Zch_Schimmelstrasse;PM2.5;gemessen;2021;Feinstaub PM2.5;Jahresmittel;Immission;NA
2010;Zch_Schimmelstrasse;PM2.5;gemessen;2021;Feinstaub PM2.5;Jahresmittel;Immission;NA
2011;Zch_Schimmelstrasse;PM2.5;gemessen;2021;Feinstaub PM2.5;Jahresmittel;Immission;NA
2012;Zch_Schimmelstrasse;PM2.5;gemessen;2021;Feinstaub PM2.5;Jahresmittel;Immission;NA
2013;Zch_Schimmelstrasse;PM2.5;gemessen;2021;Feinstaub PM2.5;Jahresmittel;Immission;NA
2014;Zch_Schimmelstrasse;PM2.5;gemessen;2021;Feinstaub PM2.5;Jahresmittel;Immission;NA
2015;Zch_Schimmelstrasse;PM2.5;gemessen;2021;Feinstaub PM2.5;Jahresmittel;Immission;NA
2016;Zch_Schimmelstrasse;PM2.5;gemessen;2021;Feinstaub PM2.5;Jahresmittel;Immission;NA
2017;Zch_Schimmelstrasse;PM2.5;gemessen;2021;Feinstaub PM2.5;Jahresmittel;Immission;11.334255229333333
2018;Zch_Schimmelstrasse;PM2.5;gemessen;2021;Feinstaub PM2.5;Jahresmittel;Immission;12.88332425939944
2019;Zch_Schimmelstrasse;PM2.5;gemessen;2021;Feinstaub PM2.5;Jahresmittel;Immission;10.579738752922864
2020;Zch_Schimmelstrasse;PM2.5;gemessen;2021;Feinstaub PM2.5;Jahresmittel;Immission;9.782055780096867
2021;Zch_Schimmelstrasse;PM2.5;gemessen;2021;Feinstaub PM2.5;Jahresmittel;Immission;9.896160474465374
2022;Zch_Schimmelstrasse;PM2.5;gemessen;2021;Feinstaub PM2.5;Jahresmittel;Immission;10.445637577147945
2023;Zch_Schimmelstrasse;PM2.5;gemessen;2021;Feinstaub PM2.5;Jahresmittel;Immission;8.857628908645893
2024;Zch_Schimmelstrasse;PM2.5;gemessen;2021;Feinstaub PM2.5;Jahresmittel;Immission;7.750467938438017
2025;Zch_Schimmelstrasse;PM2.5;gemessen;2021;Feinstaub PM2.5;Jahresmittel;Immission;8.909576405975207
1990;Zch_Schimmelstrasse;PM2.5;Trend;2021;Feinstaub PM2.5;Jahresmittel;Immission;NA
1991;Zch_Schimmelstrasse;PM2.5;Trend;2021;Feinstaub PM2.5;Jahresmittel;Immission;NA
1992;Zch_Schimmelstrasse;PM2.5;Trend;2021;Feinstaub PM2.5;Jahresmittel;Immission;NA
1993;Zch_Schimmelstrasse;PM2.5;Trend;2021;Feinstaub PM2.5;Jahresmittel;Immission;NA
1994;Zch_Schimmelstrasse;PM2.5;Trend;2021;Feinstaub PM2.5;Jahresmittel;Immission;NA
1995;Zch_Schimmelstrasse;PM2.5;Trend;2021;Feinstaub PM2.5;Jahresmittel;Immission;NA
1996;Zch_Schimmelstrasse;PM2.5;Trend;2021;Feinstaub PM2.5;Jahresmittel;Immission;NA
1997;Zch_Schimmelstrasse;PM2.5;Trend;2021;Feinstaub PM2.5;Jahresmittel;Immission;NA
1998;Zch_Schimmelstrasse;PM2.5;Trend;2021;Feinstaub PM2.5;Jahresmittel;Immission;NA
1999;Zch_Schimmelstrasse;PM2.5;Trend;2021;Feinstaub PM2.5;Jahresmittel;Immission;NA
2000;Zch_Schimmelstrasse;PM2.5;Trend;2021;Feinstaub PM2.5;Jahresmittel;Immission;NA
2001;Zch_Schimmelstrasse;PM2.5;Trend;2021;Feinstaub PM2.5;Jahresmittel;Immission;NA
2002;Zch_Schimmelstrasse;PM2.5;Trend;2021;Feinstaub PM2.5;Jahresmittel;Immission;NA
2003;Zch_Schimmelstrasse;PM2.5;Trend;2021;Feinstaub PM2.5;Jahresmittel;Immission;NA
2004;Zch_Schimmelstrasse;PM2.5;Trend;2021;Feinstaub PM2.5;Jahresmittel;Immission;NA
2005;Zch_Schimmelstrasse;PM2.5;Trend;2021;Feinstaub PM2.5;Jahresmittel;Immission;NA
2006;Zch_Schimmelstrasse;PM2.5;Trend;2021;Feinstaub PM2.5;Jahresmittel;Immission;NA
2007;Zch_Schimmelstrasse;PM2.5;Trend;2021;Feinstaub PM2.5;Jahresmittel;Immission;NA
2008;Zch_Schimmelstrasse;PM2.5;Trend;2021;Feinstaub PM2.5;Jahresmittel;Immission;NA
2009;Zch_Schimmelstrasse;PM2.5;Trend;2021;Feinstaub PM2.5;Jahresmittel;Immission;NA
2010;Zch_Schimmelstrasse;PM2.5;Trend;2021;Feinstaub PM2.5;Jahresmittel;Immission;NA
2011;Zch_Schimmelstrasse;PM2.5;Trend;2021;Feinstaub PM2.5;Jahresmittel;Immission;NA
2012;Zch_Schimmelstrasse;PM2.5;Trend;2021;Feinstaub PM2.5;Jahresmittel;Immission;NA
2013;Zch_Schimmelstrasse;PM2.5;Trend;2021;Feinstaub PM2.5;Jahresmittel;Immission;NA
2014;Zch_Schimmelstrasse;PM2.5;Trend;2021;Feinstaub PM2.5;Jahresmittel;Immission;NA
2015;Zch_Schimmelstrasse;PM2.5;Trend;2021;Feinstaub PM2.5;Jahresmittel;Immission;NA
2016;Zch_Schimmelstrasse;PM2.5;Trend;2021;Feinstaub PM2.5;Jahresmittel;Immission;NA
2017;Zch_Schimmelstrasse;PM2.5;Trend;2021;Feinstaub PM2.5;Jahresmittel;Immission;11.431424479799624
2018;Zch_Schimmelstrasse;PM2.5;Trend;2021;Feinstaub PM2.5;Jahresmittel;Immission;11.066596042943186
2019;Zch_Schimmelstrasse;PM2.5;Trend;2021;Feinstaub PM2.5;Jahresmittel;Immission;10.710575516273355
2020;Zch_Schimmelstrasse;PM2.5;Trend;2021;Feinstaub PM2.5;Jahresmittel;Immission;10.349367768176641
2021;Zch_Schimmelstrasse;PM2.5;Trend;2021;Feinstaub PM2.5;Jahresmittel;Immission;10.23146153751313
2022;Zch_Schimmelstrasse;PM2.5;Trend;2021;Feinstaub PM2.5;Jahresmittel;Immission;9.921812235184364
2023;Zch_Schimmelstrasse;PM2.5;Trend;2021;Feinstaub PM2.5;Jahresmittel;Immission;9.339215276072057
2024;Zch_Schimmelstrasse;PM2.5;Trend;2021;Feinstaub PM2.5;Jahresmittel;Immission;8.727390921905139
2025;Zch_Schimmelstrasse;PM2.5;Trend;2021;Feinstaub PM2.5;Jahresmittel;Immission;8.715735639699492
1990;Zch_Stampfenbachstrasse;PM2.5;gemessen;2021;Feinstaub PM2.5;Jahresmittel;Immission;NA
1991;Zch_Stampfenbachstrasse;PM2.5;gemessen;2021;Feinstaub PM2.5;Jahresmittel;Immission;NA
1992;Zch_Stampfenbachstrasse;PM2.5;gemessen;2021;Feinstaub PM2.5;Jahresmittel;Immission;NA
1993;Zch_Stampfenbachstrasse;PM2.5;gemessen;2021;Feinstaub PM2.5;Jahresmittel;Immission;NA
1994;Zch_Stampfenbachstrasse;PM2.5;gemessen;2021;Feinstaub PM2.5;Jahresmittel;Immission;NA
1995;Zch_Stampfenbachstrasse;PM2.5;gemessen;2021;Feinstaub PM2.5;Jahresmittel;Immission;NA
1996;Zch_Stampfenbachstrasse;PM2.5;gemessen;2021;Feinstaub PM2.5;Jahresmittel;Immission;NA
1997;Zch_Stampfenbachstrasse;PM2.5;gemessen;2021;Feinstaub PM2.5;Jahresmittel;Immission;NA
1998;Zch_Stampfenbachstrasse;PM2.5;gemessen;2021;Feinstaub PM2.5;Jahresmittel;Immission;NA
1999;Zch_Stampfenbachstrasse;PM2.5;gemessen;2021;Feinstaub PM2.5;Jahresmittel;Immission;NA
2000;Zch_Stampfenbachstrasse;PM2.5;gemessen;2021;Feinstaub PM2.5;Jahresmittel;Immission;NA
2001;Zch_Stampfenbachstrasse;PM2.5;gemessen;2021;Feinstaub PM2.5;Jahresmittel;Immission;NA
2002;Zch_Stampfenbachstrasse;PM2.5;gemessen;2021;Feinstaub PM2.5;Jahresmittel;Immission;NA
2003;Zch_Stampfenbachstrasse;PM2.5;gemessen;2021;Feinstaub PM2.5;Jahresmittel;Immission;NA
2004;Zch_Stampfenbachstrasse;PM2.5;gemessen;2021;Feinstaub PM2.5;Jahresmittel;Immission;NA
2005;Zch_Stampfenbachstrasse;PM2.5;gemessen;2021;Feinstaub PM2.5;Jahresmittel;Immission;NA
2006;Zch_Stampfenbachstrasse;PM2.5;gemessen;2021;Feinstaub PM2.5;Jahresmittel;Immission;NA
2007;Zch_Stampfenbachstrasse;PM2.5;gemessen;2021;Feinstaub PM2.5;Jahresmittel;Immission;NA
2008;Zch_Stampfenbachstrasse;PM2.5;gemessen;2021;Feinstaub PM2.5;Jahresmittel;Immission;NA
2009;Zch_Stampfenbachstrasse;PM2.5;gemessen;2021;Feinstaub PM2.5;Jahresmittel;Immission;NA
2010;Zch_Stampfenbachstrasse;PM2.5;gemessen;2021;Feinstaub PM2.5;Jahresmittel;Immission;NA
2011;Zch_Stampfenbachstrasse;PM2.5;gemessen;2021;Feinstaub PM2.5;Jahresmittel;Immission;NA
2012;Zch_Stampfenbachstrasse;PM2.5;gemessen;2021;Feinstaub PM2.5;Jahresmittel;Immission;NA
2013;Zch_Stampfenbachstrasse;PM2.5;gemessen;2021;Feinstaub PM2.5;Jahresmittel;Immission;NA
2014;Zch_Stampfenbachstrasse;PM2.5;gemessen;2021;Feinstaub PM2.5;Jahresmittel;Immission;NA
2015;Zch_Stampfenbachstrasse;PM2.5;gemessen;2021;Feinstaub PM2.5;Jahresmittel;Immission;NA
2016;Zch_Stampfenbachstrasse;PM2.5;gemessen;2021;Feinstaub PM2.5;Jahresmittel;Immission;NA
2017;Zch_Stampfenbachstrasse;PM2.5;gemessen;2021;Feinstaub PM2.5;Jahresmittel;Immission;10.448020442136364
2018;Zch_Stampfenbachstrasse;PM2.5;gemessen;2021;Feinstaub PM2.5;Jahresmittel;Immission;11.897344107085873
2019;Zch_Stampfenbachstrasse;PM2.5;gemessen;2021;Feinstaub PM2.5;Jahresmittel;Immission;10.19454974631233
2020;Zch_Stampfenbachstrasse;PM2.5;gemessen;2021;Feinstaub PM2.5;Jahresmittel;Immission;9.652838105035912
2021;Zch_Stampfenbachstrasse;PM2.5;gemessen;2021;Feinstaub PM2.5;Jahresmittel;Immission;9.827005150805556
2022;Zch_Stampfenbachstrasse;PM2.5;gemessen;2021;Feinstaub PM2.5;Jahresmittel;Immission;9.844607820774193
2023;Zch_Stampfenbachstrasse;PM2.5;gemessen;2021;Feinstaub PM2.5;Jahresmittel;Immission;8.711391300073972
2024;Zch_Stampfenbachstrasse;PM2.5;gemessen;2021;Feinstaub PM2.5;Jahresmittel;Immission;7.4666815745137365
2025;Zch_Stampfenbachstrasse;PM2.5;gemessen;2021;Feinstaub PM2.5;Jahresmittel;Immission;8.566731157249315
1990;Zch_Stampfenbachstrasse;PM2.5;Trend;2021;Feinstaub PM2.5;Jahresmittel;Immission;NA
1991;Zch_Stampfenbachstrasse;PM2.5;Trend;2021;Feinstaub PM2.5;Jahresmittel;Immission;NA
1992;Zch_Stampfenbachstrasse;PM2.5;Trend;2021;Feinstaub PM2.5;Jahresmittel;Immission;NA
1993;Zch_Stampfenbachstrasse;PM2.5;Trend;2021;Feinstaub PM2.5;Jahresmittel;Immission;NA
1994;Zch_Stampfenbachstrasse;PM2.5;Trend;2021;Feinstaub PM2.5;Jahresmittel;Immission;NA
1995;Zch_Stampfenbachstrasse;PM2.5;Trend;2021;Feinstaub PM2.5;Jahresmittel;Immission;NA
1996;Zch_Stampfenbachstrasse;PM2.5;Trend;2021;Feinstaub PM2.5;Jahresmittel;Immission;NA
1997;Zch_Stampfenbachstrasse;PM2.5;Trend;2021;Feinstaub PM2.5;Jahresmittel;Immission;NA
1998;Zch_Stampfenbachstrasse;PM2.5;Trend;2021;Feinstaub PM2.5;Jahresmittel;Immission;NA
1999;Zch_Stampfenbachstrasse;PM2.5;Trend;2021;Feinstaub PM2.5;Jahresmittel;Immission;NA
2000;Zch_Stampfenbachstrasse;PM2.5;Trend;2021;Feinstaub PM2.5;Jahresmittel;Immission;NA
2001;Zch_Stampfenbachstrasse;PM2.5;Trend;2021;Feinstaub PM2.5;Jahresmittel;Immission;NA
2002;Zch_Stampfenbachstrasse;PM2.5;Trend;2021;Feinstaub PM2.5;Jahresmittel;Immission;NA
2003;Zch_Stampfenbachstrasse;PM2.5;Trend;2021;Feinstaub PM2.5;Jahresmittel;Immission;NA
2004;Zch_Stampfenbachstrasse;PM2.5;Trend;2021;Feinstaub PM2.5;Jahresmittel;Immission;NA
2005;Zch_Stampfenbachstrasse;PM2.5;Trend;2021;Feinstaub PM2.5;Jahresmittel;Immission;NA
2006;Zch_Stampfenbachstrasse;PM2.5;Trend;2021;Feinstaub PM2.5;Jahresmittel;Immission;NA
2007;Zch_Stampfenbachstrasse;PM2.5;Trend;2021;Feinstaub PM2.5;Jahresmittel;Immission;NA
2008;Zch_Stampfenbachstrasse;PM2.5;Trend;2021;Feinstaub PM2.5;Jahresmittel;Immission;NA
2009;Zch_Stampfenbachstrasse;PM2.5;Trend;2021;Feinstaub PM2.5;Jahresmittel;Immission;NA
2010;Zch_Stampfenbachstrasse;PM2.5;Trend;2021;Feinstaub PM2.5;Jahresmittel;Immission;NA
2011;Zch_Stampfenbachstrasse;PM2.5;Trend;2021;Feinstaub PM2.5;Jahresmittel;Immission;NA
2012;Zch_Stampfenbachstrasse;PM2.5;Trend;2021;Feinstaub PM2.5;Jahresmittel;Immission;NA
2013;Zch_Stampfenbachstrasse;PM2.5;Trend;2021;Feinstaub PM2.5;Jahresmittel;Immission;NA
2014;Zch_Stampfenbachstrasse;PM2.5;Trend;2021;Feinstaub PM2.5;Jahresmittel;Immission;NA
2015;Zch_Stampfenbachstrasse;PM2.5;Trend;2021;Feinstaub PM2.5;Jahresmittel;Immission;NA
2016;Zch_Stampfenbachstrasse;PM2.5;Trend;2021;Feinstaub PM2.5;Jahresmittel;Immission;NA
2017;Zch_Stampfenbachstrasse;PM2.5;Trend;2021;Feinstaub PM2.5;Jahresmittel;Immission;10.850574786873764
2018;Zch_Stampfenbachstrasse;PM2.5;Trend;2021;Feinstaub PM2.5;Jahresmittel;Immission;10.703846372661245
2019;Zch_Stampfenbachstrasse;PM2.5;Trend;2021;Feinstaub PM2.5;Jahresmittel;Immission;10.330221136477396
2020;Zch_Stampfenbachstrasse;PM2.5;Trend;2021;Feinstaub PM2.5;Jahresmittel;Immission;10.111038555140887
2021;Zch_Stampfenbachstrasse;PM2.5;Trend;2021;Feinstaub PM2.5;Jahresmittel;Immission;10.061250763710355
2022;Zch_Stampfenbachstrasse;PM2.5;Trend;2021;Feinstaub PM2.5;Jahresmittel;Immission;9.623173054321951
2023;Zch_Stampfenbachstrasse;PM2.5;Trend;2021;Feinstaub PM2.5;Jahresmittel;Immission;8.942219915728359
2024;Zch_Stampfenbachstrasse;PM2.5;Trend;2021;Feinstaub PM2.5;Jahresmittel;Immission;8.552806558126491
2025;Zch_Stampfenbachstrasse;PM2.5;Trend;2021;Feinstaub PM2.5;Jahresmittel;Immission;8.634825695747164
2000;Zürich-Kaserne;PM2.5;gemessen;2021;Feinstaub PM2.5;Jahresmittel;Immission;NA
2001;Zürich-Kaserne;PM2.5;gemessen;2021;Feinstaub PM2.5;Jahresmittel;Immission;NA
2002;Zürich-Kaserne;PM2.5;gemessen;2021;Feinstaub PM2.5;Jahresmittel;Immission;NA
2003;Zürich-Kaserne;PM2.5;gemessen;2021;Feinstaub PM2.5;Jahresmittel;Immission;NA
2004;Zürich-Kaserne;PM2.5;gemessen;2021;Feinstaub PM2.5;Jahresmittel;Immission;NA
2005;Zürich-Kaserne;PM2.5;gemessen;2021;Feinstaub PM2.5;Jahresmittel;Immission;NA
2006;Zürich-Kaserne;PM2.5;gemessen;2021;Feinstaub PM2.5;Jahresmittel;Immission;NA
2007;Zürich-Kaserne;PM2.5;gemessen;2021;Feinstaub PM2.5;Jahresmittel;Immission;NA
2008;Zürich-Kaserne;PM2.5;gemessen;2021;Feinstaub PM2.5;Jahresmittel;Immission;NA
2009;Zürich-Kaserne;PM2.5;gemessen;2021;Feinstaub PM2.5;Jahresmittel;Immission;NA
2010;Zürich-Kaserne;PM2.5;gemessen;2021;Feinstaub PM2.5;Jahresmittel;Immission;NA
2011;Zürich-Kaserne;PM2.5;gemessen;2021;Feinstaub PM2.5;Jahresmittel;Immission;NA
2012;Zürich-Kaserne;PM2.5;gemessen;2021;Feinstaub PM2.5;Jahresmittel;Immission;NA
2013;Zürich-Kaserne;PM2.5;gemessen;2021;Feinstaub PM2.5;Jahresmittel;Immission;NA
2014;Zürich-Kaserne;PM2.5;gemessen;2021;Feinstaub PM2.5;Jahresmittel;Immission;NA
2015;Zürich-Kaserne;PM2.5;gemessen;2021;Feinstaub PM2.5;Jahresmittel;Immission;NA
2016;Zürich-Kaserne;PM2.5;gemessen;2021;Feinstaub PM2.5;Jahresmittel;Immission;10.289750692520776
2017;Zürich-Kaserne;PM2.5;gemessen;2021;Feinstaub PM2.5;Jahresmittel;Immission;10.40611111111111
2018;Zürich-Kaserne;PM2.5;gemessen;2021;Feinstaub PM2.5;Jahresmittel;Immission;11.35917808219178
2019;Zürich-Kaserne;PM2.5;gemessen;2021;Feinstaub PM2.5;Jahresmittel;Immission;9.50771349862259
2020;Zürich-Kaserne;PM2.5;gemessen;2021;Feinstaub PM2.5;Jahresmittel;Immission;8.297540983606558
2021;Zürich-Kaserne;PM2.5;gemessen;2021;Feinstaub PM2.5;Jahresmittel;Immission;8.955890410958904
2022;Zürich-Kaserne;PM2.5;gemessen;2021;Feinstaub PM2.5;Jahresmittel;Immission;8.905785123966941
2023;Zürich-Kaserne;PM2.5;gemessen;2021;Feinstaub PM2.5;Jahresmittel;Immission;7.291780821917809
2024;Zürich-Kaserne;PM2.5;gemessen;2021;Feinstaub PM2.5;Jahresmittel;Immission;6.807377049180328
2025;Zürich-Kaserne;PM2.5;gemessen;2021;Feinstaub PM2.5;Jahresmittel;Immission;8.603943661971831
2000;Zürich-Kaserne;PM2.5;Trend;2021;Feinstaub PM2.5;Jahresmittel;Immission;NA
2001;Zürich-Kaserne;PM2.5;Trend;2021;Feinstaub PM2.5;Jahresmittel;Immission;NA
2002;Zürich-Kaserne;PM2.5;Trend;2021;Feinstaub PM2.5;Jahresmittel;Immission;NA
2003;Zürich-Kaserne;PM2.5;Trend;2021;Feinstaub PM2.5;Jahresmittel;Immission;NA
2004;Zürich-Kaserne;PM2.5;Trend;2021;Feinstaub PM2.5;Jahresmittel;Immission;NA
2005;Zürich-Kaserne;PM2.5;Trend;2021;Feinstaub PM2.5;Jahresmittel;Immission;NA
2006;Zürich-Kaserne;PM2.5;Trend;2021;Feinstaub PM2.5;Jahresmittel;Immission;NA
2007;Zürich-Kaserne;PM2.5;Trend;2021;Feinstaub PM2.5;Jahresmittel;Immission;NA
2008;Zürich-Kaserne;PM2.5;Trend;2021;Feinstaub PM2.5;Jahresmittel;Immission;NA
2009;Zürich-Kaserne;PM2.5;Trend;2021;Feinstaub PM2.5;Jahresmittel;Immission;NA
2010;Zürich-Kaserne;PM2.5;Trend;2021;Feinstaub PM2.5;Jahresmittel;Immission;NA
2011;Zürich-Kaserne;PM2.5;Trend;2021;Feinstaub PM2.5;Jahresmittel;Immission;NA
2012;Zürich-Kaserne;PM2.5;Trend;2021;Feinstaub PM2.5;Jahresmittel;Immission;NA
2013;Zürich-Kaserne;PM2.5;Trend;2021;Feinstaub PM2.5;Jahresmittel;Immission;NA
2014;Zürich-Kaserne;PM2.5;Trend;2021;Feinstaub PM2.5;Jahresmittel;Immission;NA
2015;Zürich-Kaserne;PM2.5;Trend;2021;Feinstaub PM2.5;Jahresmittel;Immission;NA
2016;Zürich-Kaserne;PM2.5;Trend;2021;Feinstaub PM2.5;Jahresmittel;Immission;10.543125595970922
2017;Zürich-Kaserne;PM2.5;Trend;2021;Feinstaub PM2.5;Jahresmittel;Immission;10.106200986184597
2018;Zürich-Kaserne;PM2.5;Trend;2021;Feinstaub PM2.5;Jahresmittel;Immission;9.992043372602739
2019;Zürich-Kaserne;PM2.5;Trend;2021;Feinstaub PM2.5;Jahresmittel;Immission;9.586027048005304
2020;Zürich-Kaserne;PM2.5;Trend;2021;Feinstaub PM2.5;Jahresmittel;Immission;9.130144889091277
2021;Zürich-Kaserne;PM2.5;Trend;2021;Feinstaub PM2.5;Jahresmittel;Immission;9.04083735738204
2022;Zürich-Kaserne;PM2.5;Trend;2021;Feinstaub PM2.5;Jahresmittel;Immission;8.74670769043975
2023;Zürich-Kaserne;PM2.5;Trend;2021;Feinstaub PM2.5;Jahresmittel;Immission;8.32128696382547
2024;Zürich-Kaserne;PM2.5;Trend;2021;Feinstaub PM2.5;Jahresmittel;Immission;8.19010680272212
2025;Zürich-Kaserne;PM2.5;Trend;2021;Feinstaub PM2.5;Jahresmittel;Immission;8.387190725195618
1990;Bachtel/Wald;PM10;gemessen;2015;Feinstaub PM10;Jahresmittel;Immission;NA
1991;Bachtel/Wald;PM10;gemessen;2015;Feinstaub PM10;Jahresmittel;Immission;NA
1992;Bachtel/Wald;PM10;gemessen;2015;Feinstaub PM10;Jahresmittel;Immission;NA
1993;Bachtel/Wald;PM10;gemessen;2015;Feinstaub PM10;Jahresmittel;Immission;NA
1994;Bachtel/Wald;PM10;gemessen;2015;Feinstaub PM10;Jahresmittel;Immission;NA
1995;Bachtel/Wald;PM10;gemessen;2015;Feinstaub PM10;Jahresmittel;Immission;NA
1996;Bachtel/Wald;PM10;gemessen;2015;Feinstaub PM10;Jahresmittel;Immission;NA
1997;Bachtel/Wald;PM10;gemessen;2015;Feinstaub PM10;Jahresmittel;Immission;NA
1998;Bachtel/Wald;PM10;gemessen;2015;Feinstaub PM10;Jahresmittel;Immission;NA
1999;Bachtel/Wald;PM10;gemessen;2015;Feinstaub PM10;Jahresmittel;Immission;NA
2000;Bachtel/Wald;PM10;gemessen;2015;Feinstaub PM10;Jahresmittel;Immission;NA
2001;Bachtel/Wald;PM10;gemessen;2015;Feinstaub PM10;Jahresmittel;Immission;NA
2002;Bachtel/Wald;PM10;gemessen;2015;Feinstaub PM10;Jahresmittel;Immission;NA
2003;Bachtel/Wald;PM10;gemessen;2015;Feinstaub PM10;Jahresmittel;Immission;NA
2004;Bachtel/Wald;PM10;gemessen;2015;Feinstaub PM10;Jahresmittel;Immission;NA
2005;Bachtel/Wald;PM10;gemessen;2015;Feinstaub PM10;Jahresmittel;Immission;NA
2006;Bachtel/Wald;PM10;gemessen;2015;Feinstaub PM10;Jahresmittel;Immission;NA
2007;Bachtel/Wald;PM10;gemessen;2015;Feinstaub PM10;Jahresmittel;Immission;NA
2008;Bachtel/Wald;PM10;gemessen;2015;Feinstaub PM10;Jahresmittel;Immission;NA
2009;Bachtel/Wald;PM10;gemessen;2015;Feinstaub PM10;Jahresmittel;Immission;12.946289146575419
2010;Bachtel/Wald;PM10;gemessen;2015;Feinstaub PM10;Jahresmittel;Immission;13.207491709814814
2011;Bachtel/Wald;PM10;gemessen;2015;Feinstaub PM10;Jahresmittel;Immission;12.737804204956165
2012;Bachtel/Wald;PM10;gemessen;2015;Feinstaub PM10;Jahresmittel;Immission;10.74951832563662
2013;Bachtel/Wald;PM10;gemessen;2015;Feinstaub PM10;Jahresmittel;Immission;12.051588574852055
2014;Bachtel/Wald;PM10;gemessen;2015;Feinstaub PM10;Jahresmittel;Immission;NA
2015;Bachtel/Wald;PM10;gemessen;2015;Feinstaub PM10;Jahresmittel;Immission;9.763363258019607
2016;Bachtel/Wald;PM10;gemessen;2015;Feinstaub PM10;Jahresmittel;Immission;8.803315849681441
2017;Bachtel/Wald;PM10;gemessen;2015;Feinstaub PM10;Jahresmittel;Immission;9.735065761441096
2018;Bachtel/Wald;PM10;gemessen;2015;Feinstaub PM10;Jahresmittel;Immission;10.66927932548415
2019;Bachtel/Wald;PM10;gemessen;2015;Feinstaub PM10;Jahresmittel;Immission;8.863768657402204
2020;Bachtel/Wald;PM10;gemessen;2015;Feinstaub PM10;Jahresmittel;Immission;8.266983605885246
2021;Bachtel/Wald;PM10;gemessen;2015;Feinstaub PM10;Jahresmittel;Immission;8.583298725871233
2022;Bachtel/Wald;PM10;gemessen;2015;Feinstaub PM10;Jahresmittel;Immission;NA
2023;Bachtel/Wald;PM10;gemessen;2015;Feinstaub PM10;Jahresmittel;Immission;8.632856539862258
2024;Bachtel/Wald;PM10;gemessen;2015;Feinstaub PM10;Jahresmittel;Immission;NA
2025;Bachtel/Wald;PM10;gemessen;2015;Feinstaub PM10;Jahresmittel;Immission;8.544169711848484
1990;Bachtel/Wald;PM10;Trend;2015;Feinstaub PM10;Jahresmittel;Immission;NA
1991;Bachtel/Wald;PM10;Trend;2015;Feinstaub PM10;Jahresmittel;Immission;NA
1992;Bachtel/Wald;PM10;Trend;2015;Feinstaub PM10;Jahresmittel;Immission;NA
1993;Bachtel/Wald;PM10;Trend;2015;Feinstaub PM10;Jahresmittel;Immission;NA
1994;Bachtel/Wald;PM10;Trend;2015;Feinstaub PM10;Jahresmittel;Immission;NA
1995;Bachtel/Wald;PM10;Trend;2015;Feinstaub PM10;Jahresmittel;Immission;NA
1996;Bachtel/Wald;PM10;Trend;2015;Feinstaub PM10;Jahresmittel;Immission;NA
1997;Bachtel/Wald;PM10;Trend;2015;Feinstaub PM10;Jahresmittel;Immission;NA
1998;Bachtel/Wald;PM10;Trend;2015;Feinstaub PM10;Jahresmittel;Immission;NA
1999;Bachtel/Wald;PM10;Trend;2015;Feinstaub PM10;Jahresmittel;Immission;NA
2000;Bachtel/Wald;PM10;Trend;2015;Feinstaub PM10;Jahresmittel;Immission;NA
2001;Bachtel/Wald;PM10;Trend;2015;Feinstaub PM10;Jahresmittel;Immission;NA
2002;Bachtel/Wald;PM10;Trend;2015;Feinstaub PM10;Jahresmittel;Immission;NA
2003;Bachtel/Wald;PM10;Trend;2015;Feinstaub PM10;Jahresmittel;Immission;NA
2004;Bachtel/Wald;PM10;Trend;2015;Feinstaub PM10;Jahresmittel;Immission;NA
2005;Bachtel/Wald;PM10;Trend;2015;Feinstaub PM10;Jahresmittel;Immission;NA
2006;Bachtel/Wald;PM10;Trend;2015;Feinstaub PM10;Jahresmittel;Immission;NA
2007;Bachtel/Wald;PM10;Trend;2015;Feinstaub PM10;Jahresmittel;Immission;NA
2008;Bachtel/Wald;PM10;Trend;2015;Feinstaub PM10;Jahresmittel;Immission;NA
2009;Bachtel/Wald;PM10;Trend;2015;Feinstaub PM10;Jahresmittel;Immission;12.58231750529282
2010;Bachtel/Wald;PM10;Trend;2015;Feinstaub PM10;Jahresmittel;Immission;12.037451443011319
2011;Bachtel/Wald;PM10;Trend;2015;Feinstaub PM10;Jahresmittel;Immission;11.628312904467277
2012;Bachtel/Wald;PM10;Trend;2015;Feinstaub PM10;Jahresmittel;Immission;11.165737677980948
2013;Bachtel/Wald;PM10;Trend;2015;Feinstaub PM10;Jahresmittel;Immission;11.309269278068642
2014;Bachtel/Wald;PM10;Trend;2015;Feinstaub PM10;Jahresmittel;Immission;NA
2015;Bachtel/Wald;PM10;Trend;2015;Feinstaub PM10;Jahresmittel;Immission;10.192313243760667
2016;Bachtel/Wald;PM10;Trend;2015;Feinstaub PM10;Jahresmittel;Immission;9.917761168900853
2017;Bachtel/Wald;PM10;Trend;2015;Feinstaub PM10;Jahresmittel;Immission;9.831920707204823
2018;Bachtel/Wald;PM10;Trend;2015;Feinstaub PM10;Jahresmittel;Immission;9.758482099186653
2019;Bachtel/Wald;PM10;Trend;2015;Feinstaub PM10;Jahresmittel;Immission;9.551121942672498
2020;Bachtel/Wald;PM10;Trend;2015;Feinstaub PM10;Jahresmittel;Immission;9.3473931327915
2021;Bachtel/Wald;PM10;Trend;2015;Feinstaub PM10;Jahresmittel;Immission;9.232888189257956
2022;Bachtel/Wald;PM10;Trend;2015;Feinstaub PM10;Jahresmittel;Immission;NA
2023;Bachtel/Wald;PM10;Trend;2015;Feinstaub PM10;Jahresmittel;Immission;9.173075382189088
2024;Bachtel/Wald;PM10;Trend;2015;Feinstaub PM10;Jahresmittel;Immission;NA
2025;Bachtel/Wald;PM10;Trend;2015;Feinstaub PM10;Jahresmittel;Immission;9.26134826529921
2000;Dübendorf-EMPA;PM10;gemessen;2015;Feinstaub PM10;Jahresmittel;Immission;NA
2001;Dübendorf-EMPA;PM10;gemessen;2015;Feinstaub PM10;Jahresmittel;Immission;19.160194174757283
2002;Dübendorf-EMPA;PM10;gemessen;2015;Feinstaub PM10;Jahresmittel;Immission;23.164364640883978
2003;Dübendorf-EMPA;PM10;gemessen;2015;Feinstaub PM10;Jahresmittel;Immission;26.947802197802197
2004;Dübendorf-EMPA;PM10;gemessen;2015;Feinstaub PM10;Jahresmittel;Immission;22.093972602739726
2005;Dübendorf-EMPA;PM10;gemessen;2015;Feinstaub PM10;Jahresmittel;Immission;21.320821917808217
2006;Dübendorf-EMPA;PM10;gemessen;2015;Feinstaub PM10;Jahresmittel;Immission;23.856868131868133
2007;Dübendorf-EMPA;PM10;gemessen;2015;Feinstaub PM10;Jahresmittel;Immission;20.380672268907563
2008;Dübendorf-EMPA;PM10;gemessen;2015;Feinstaub PM10;Jahresmittel;Immission;18.502739726027396
2009;Dübendorf-EMPA;PM10;gemessen;2015;Feinstaub PM10;Jahresmittel;Immission;18.711019283746555
2010;Dübendorf-EMPA;PM10;gemessen;2015;Feinstaub PM10;Jahresmittel;Immission;18.334246575342465
2011;Dübendorf-EMPA;PM10;gemessen;2015;Feinstaub PM10;Jahresmittel;Immission;18.472727272727273
2012;Dübendorf-EMPA;PM10;gemessen;2015;Feinstaub PM10;Jahresmittel;Immission;16.354520547945206
2013;Dübendorf-EMPA;PM10;gemessen;2015;Feinstaub PM10;Jahresmittel;Immission;17.716483516483517
2014;Dübendorf-EMPA;PM10;gemessen;2015;Feinstaub PM10;Jahresmittel;Immission;13.791780821917808
2015;Dübendorf-EMPA;PM10;gemessen;2015;Feinstaub PM10;Jahresmittel;Immission;16.003013698630138
2016;Dübendorf-EMPA;PM10;gemessen;2015;Feinstaub PM10;Jahresmittel;Immission;13.772252747252747
2017;Dübendorf-EMPA;PM10;gemessen;2015;Feinstaub PM10;Jahresmittel;Immission;13.782191780821918
2018;Dübendorf-EMPA;PM10;gemessen;2015;Feinstaub PM10;Jahresmittel;Immission;14.844383561643836
2019;Dübendorf-EMPA;PM10;gemessen;2015;Feinstaub PM10;Jahresmittel;Immission;12.72082191780822
2020;Dübendorf-EMPA;PM10;gemessen;2015;Feinstaub PM10;Jahresmittel;Immission;11.922252747252747
2021;Dübendorf-EMPA;PM10;gemessen;2015;Feinstaub PM10;Jahresmittel;Immission;12.792857142857143
2022;Dübendorf-EMPA;PM10;gemessen;2015;Feinstaub PM10;Jahresmittel;Immission;13.77041095890411
2023;Dübendorf-EMPA;PM10;gemessen;2015;Feinstaub PM10;Jahresmittel;Immission;11.425205479452055
2024;Dübendorf-EMPA;PM10;gemessen;2015;Feinstaub PM10;Jahresmittel;Immission;11.077049180327869
2025;Dübendorf-EMPA;PM10;gemessen;2015;Feinstaub PM10;Jahresmittel;Immission;12.82292817679558
2000;Dübendorf-EMPA;PM10;Trend;2015;Feinstaub PM10;Jahresmittel;Immission;NA
2001;Dübendorf-EMPA;PM10;Trend;2015;Feinstaub PM10;Jahresmittel;Immission;22.537050678079144
2002;Dübendorf-EMPA;PM10;Trend;2015;Feinstaub PM10;Jahresmittel;Immission;22.339542339223595
2003;Dübendorf-EMPA;PM10;Trend;2015;Feinstaub PM10;Jahresmittel;Immission;22.193838540140415
2004;Dübendorf-EMPA;PM10;Trend;2015;Feinstaub PM10;Jahresmittel;Immission;21.590329218873666
2005;Dübendorf-EMPA;PM10;Trend;2015;Feinstaub PM10;Jahresmittel;Immission;21.148386270363122
2006;Dübendorf-EMPA;PM10;Trend;2015;Feinstaub PM10;Jahresmittel;Immission;20.826093762755104
2007;Dübendorf-EMPA;PM10;Trend;2015;Feinstaub PM10;Jahresmittel;Immission;20.325152815555853
2008;Dübendorf-EMPA;PM10;Trend;2015;Feinstaub PM10;Jahresmittel;Immission;19.501235459157787
2009;Dübendorf-EMPA;PM10;Trend;2015;Feinstaub PM10;Jahresmittel;Immission;18.864733887511477
2010;Dübendorf-EMPA;PM10;Trend;2015;Feinstaub PM10;Jahresmittel;Immission;18.253992257382038
2011;Dübendorf-EMPA;PM10;Trend;2015;Feinstaub PM10;Jahresmittel;Immission;17.365613022599735
2012;Dübendorf-EMPA;PM10;Trend;2015;Feinstaub PM10;Jahresmittel;Immission;16.535336550532726
2013;Dübendorf-EMPA;PM10;Trend;2015;Feinstaub PM10;Jahresmittel;Immission;16.29937834940985
2014;Dübendorf-EMPA;PM10;Trend;2015;Feinstaub PM10;Jahresmittel;Immission;15.52107768056824
2015;Dübendorf-EMPA;PM10;Trend;2015;Feinstaub PM10;Jahresmittel;Immission;15.15903896123795
2016;Dübendorf-EMPA;PM10;Trend;2015;Feinstaub PM10;Jahresmittel;Immission;14.863689762617012
2017;Dübendorf-EMPA;PM10;Trend;2015;Feinstaub PM10;Jahresmittel;Immission;14.47026142846271
2018;Dübendorf-EMPA;PM10;Trend;2015;Feinstaub PM10;Jahresmittel;Immission;14.274118491121259
2019;Dübendorf-EMPA;PM10;Trend;2015;Feinstaub PM10;Jahresmittel;Immission;13.935454622577371
2020;Dübendorf-EMPA;PM10;Trend;2015;Feinstaub PM10;Jahresmittel;Immission;13.760399324481075
2021;Dübendorf-EMPA;PM10;Trend;2015;Feinstaub PM10;Jahresmittel;Immission;13.691999403642654
2022;Dübendorf-EMPA;PM10;Trend;2015;Feinstaub PM10;Jahresmittel;Immission;13.654505692998478
2023;Dübendorf-EMPA;PM10;Trend;2015;Feinstaub PM10;Jahresmittel;Immission;13.462548689142567
2024;Dübendorf-EMPA;PM10;Trend;2015;Feinstaub PM10;Jahresmittel;Immission;13.391525404928153
2025;Dübendorf-EMPA;PM10;Trend;2015;Feinstaub PM10;Jahresmittel;Immission;13.606134874309392
2001;Opf_Balsberg;PM10;gemessen;2015;Feinstaub PM10;Jahresmittel;Immission;NA
2002;Opf_Balsberg;PM10;gemessen;2015;Feinstaub PM10;Jahresmittel;Immission;NA
2003;Opf_Balsberg;PM10;gemessen;2015;Feinstaub PM10;Jahresmittel;Immission;NA
2004;Opf_Balsberg;PM10;gemessen;2015;Feinstaub PM10;Jahresmittel;Immission;26.01396016032044
2006;Opf_Balsberg;PM10;gemessen;2015;Feinstaub PM10;Jahresmittel;Immission;27.871677384129576
2007;Opf_Balsberg;PM10;gemessen;2015;Feinstaub PM10;Jahresmittel;Immission;NA
2008;Opf_Balsberg;PM10;gemessen;2015;Feinstaub PM10;Jahresmittel;Immission;22.37479963473178
2009;Opf_Balsberg;PM10;gemessen;2015;Feinstaub PM10;Jahresmittel;Immission;22.295069860279778
2010;Opf_Balsberg;PM10;gemessen;2015;Feinstaub PM10;Jahresmittel;Immission;21.561533359473685
2011;Opf_Balsberg;PM10;gemessen;2015;Feinstaub PM10;Jahresmittel;Immission;21.85951289504696
2012;Opf_Balsberg;PM10;gemessen;2015;Feinstaub PM10;Jahresmittel;Immission;18.381279537430135
2013;Opf_Balsberg;PM10;gemessen;2015;Feinstaub PM10;Jahresmittel;Immission;20.403726018823203
2014;Opf_Balsberg;PM10;gemessen;2015;Feinstaub PM10;Jahresmittel;Immission;16.143311945936812
2015;Opf_Balsberg;PM10;gemessen;2015;Feinstaub PM10;Jahresmittel;Immission;17.003429247156163
2016;Opf_Balsberg;PM10;gemessen;2015;Feinstaub PM10;Jahresmittel;Immission;15.97178818065374
2017;Opf_Balsberg;PM10;gemessen;2015;Feinstaub PM10;Jahresmittel;Immission;16.96483445978082
2018;Opf_Balsberg;PM10;gemessen;2015;Feinstaub PM10;Jahresmittel;Immission;16.375392976257533
2019;Opf_Balsberg;PM10;gemessen;2015;Feinstaub PM10;Jahresmittel;Immission;14.872667885379121
2020;Opf_Balsberg;PM10;gemessen;2015;Feinstaub PM10;Jahresmittel;Immission;13.765986736286886
2021;Opf_Balsberg;PM10;gemessen;2015;Feinstaub PM10;Jahresmittel;Immission;14.065839196506849
2022;Opf_Balsberg;PM10;gemessen;2015;Feinstaub PM10;Jahresmittel;Immission;14.235531527593922
2023;Opf_Balsberg;PM10;gemessen;2015;Feinstaub PM10;Jahresmittel;Immission;13.245311700832877
2024;Opf_Balsberg;PM10;gemessen;2015;Feinstaub PM10;Jahresmittel;Immission;12.392279828472677
2025;Opf_Balsberg;PM10;gemessen;2015;Feinstaub PM10;Jahresmittel;Immission;14.826826539975343
2001;Opf_Balsberg;PM10;Trend;2015;Feinstaub PM10;Jahresmittel;Immission;NA
2002;Opf_Balsberg;PM10;Trend;2015;Feinstaub PM10;Jahresmittel;Immission;NA
2003;Opf_Balsberg;PM10;Trend;2015;Feinstaub PM10;Jahresmittel;Immission;NA
2004;Opf_Balsberg;PM10;Trend;2015;Feinstaub PM10;Jahresmittel;Immission;24.95745337079057
2006;Opf_Balsberg;PM10;Trend;2015;Feinstaub PM10;Jahresmittel;Immission;23.766757710984393
2007;Opf_Balsberg;PM10;Trend;2015;Feinstaub PM10;Jahresmittel;Immission;NA
2008;Opf_Balsberg;PM10;Trend;2015;Feinstaub PM10;Jahresmittel;Immission;22.71185377685803
2009;Opf_Balsberg;PM10;Trend;2015;Feinstaub PM10;Jahresmittel;Immission;22.036777645076867
2010;Opf_Balsberg;PM10;Trend;2015;Feinstaub PM10;Jahresmittel;Immission;21.066960702578807
2011;Opf_Balsberg;PM10;Trend;2015;Feinstaub PM10;Jahresmittel;Immission;20.58165295197642
2012;Opf_Balsberg;PM10;Trend;2015;Feinstaub PM10;Jahresmittel;Immission;19.49795591478865
2013;Opf_Balsberg;PM10;Trend;2015;Feinstaub PM10;Jahresmittel;Immission;18.812095033790026
2014;Opf_Balsberg;PM10;Trend;2015;Feinstaub PM10;Jahresmittel;Immission;17.555457882587675
2015;Opf_Balsberg;PM10;Trend;2015;Feinstaub PM10;Jahresmittel;Immission;16.94747218954607
2016;Opf_Balsberg;PM10;Trend;2015;Feinstaub PM10;Jahresmittel;Immission;16.610949653463443
2017;Opf_Balsberg;PM10;Trend;2015;Feinstaub PM10;Jahresmittel;Immission;16.365505907030542
2018;Opf_Balsberg;PM10;Trend;2015;Feinstaub PM10;Jahresmittel;Immission;16.019870452014388
2019;Opf_Balsberg;PM10;Trend;2015;Feinstaub PM10;Jahresmittel;Immission;15.484189042668039
2020;Opf_Balsberg;PM10;Trend;2015;Feinstaub PM10;Jahresmittel;Immission;15.113655557197987
2021;Opf_Balsberg;PM10;Trend;2015;Feinstaub PM10;Jahresmittel;Immission;14.94185631488098
2022;Opf_Balsberg;PM10;Trend;2015;Feinstaub PM10;Jahresmittel;Immission;14.779460329939324
2023;Opf_Balsberg;PM10;Trend;2015;Feinstaub PM10;Jahresmittel;Immission;14.558363140238793
2024;Opf_Balsberg;PM10;Trend;2015;Feinstaub PM10;Jahresmittel;Immission;14.500765282659074
2025;Opf_Balsberg;PM10;Trend;2015;Feinstaub PM10;Jahresmittel;Immission;15.291833544475946
2013;Zch_Rosengartenstrasse;PM10;gemessen;2015;Feinstaub PM10;Jahresmittel;Immission;NA
2014;Zch_Rosengartenstrasse;PM10;gemessen;2015;Feinstaub PM10;Jahresmittel;Immission;19.636076793327433
2015;Zch_Rosengartenstrasse;PM10;gemessen;2015;Feinstaub PM10;Jahresmittel;Immission;20.27428000948169
2016;Zch_Rosengartenstrasse;PM10;gemessen;2015;Feinstaub PM10;Jahresmittel;Immission;17.85592784747159
2017;Zch_Rosengartenstrasse;PM10;gemessen;2015;Feinstaub PM10;Jahresmittel;Immission;17.600396913639663
2018;Zch_Rosengartenstrasse;PM10;gemessen;2015;Feinstaub PM10;Jahresmittel;Immission;18.27709517100554
2019;Zch_Rosengartenstrasse;PM10;gemessen;2015;Feinstaub PM10;Jahresmittel;Immission;16.383141315985835
2020;Zch_Rosengartenstrasse;PM10;gemessen;2015;Feinstaub PM10;Jahresmittel;Immission;15.33411819846685
2021;Zch_Rosengartenstrasse;PM10;gemessen;2015;Feinstaub PM10;Jahresmittel;Immission;15.529086984270423
2022;Zch_Rosengartenstrasse;PM10;gemessen;2015;Feinstaub PM10;Jahresmittel;Immission;15.376218970464087
2023;Zch_Rosengartenstrasse;PM10;gemessen;2015;Feinstaub PM10;Jahresmittel;Immission;13.988328481520547
2024;Zch_Rosengartenstrasse;PM10;gemessen;2015;Feinstaub PM10;Jahresmittel;Immission;13.259901529264438
2025;Zch_Rosengartenstrasse;PM10;gemessen;2015;Feinstaub PM10;Jahresmittel;Immission;13.627694788917808
2013;Zch_Rosengartenstrasse;PM10;Trend;2015;Feinstaub PM10;Jahresmittel;Immission;NA
2014;Zch_Rosengartenstrasse;PM10;Trend;2015;Feinstaub PM10;Jahresmittel;Immission;19.637448805855396
2015;Zch_Rosengartenstrasse;PM10;Trend;2015;Feinstaub PM10;Jahresmittel;Immission;18.565083273536114
2016;Zch_Rosengartenstrasse;PM10;Trend;2015;Feinstaub PM10;Jahresmittel;Immission;18.19030680061411
2017;Zch_Rosengartenstrasse;PM10;Trend;2015;Feinstaub PM10;Jahresmittel;Immission;17.519746671407475
2018;Zch_Rosengartenstrasse;PM10;Trend;2015;Feinstaub PM10;Jahresmittel;Immission;17.42180407644362
2019;Zch_Rosengartenstrasse;PM10;Trend;2015;Feinstaub PM10;Jahresmittel;Immission;16.807262192473594
2020;Zch_Rosengartenstrasse;PM10;Trend;2015;Feinstaub PM10;Jahresmittel;Immission;16.105128077021075
2021;Zch_Rosengartenstrasse;PM10;Trend;2015;Feinstaub PM10;Jahresmittel;Immission;15.620897134084958
2022;Zch_Rosengartenstrasse;PM10;Trend;2015;Feinstaub PM10;Jahresmittel;Immission;15.063834894221173
2023;Zch_Rosengartenstrasse;PM10;Trend;2015;Feinstaub PM10;Jahresmittel;Immission;14.571778679688379
2024;Zch_Rosengartenstrasse;PM10;Trend;2015;Feinstaub PM10;Jahresmittel;Immission;14.083393381016815
2025;Zch_Rosengartenstrasse;PM10;Trend;2015;Feinstaub PM10;Jahresmittel;Immission;13.956884608570629
1990;Zch_Schimmelstrasse;PM10;gemessen;2015;Feinstaub PM10;Jahresmittel;Immission;NA
1991;Zch_Schimmelstrasse;PM10;gemessen;2015;Feinstaub PM10;Jahresmittel;Immission;NA
1992;Zch_Schimmelstrasse;PM10;gemessen;2015;Feinstaub PM10;Jahresmittel;Immission;NA
1993;Zch_Schimmelstrasse;PM10;gemessen;2015;Feinstaub PM10;Jahresmittel;Immission;NA
1994;Zch_Schimmelstrasse;PM10;gemessen;2015;Feinstaub PM10;Jahresmittel;Immission;NA
1995;Zch_Schimmelstrasse;PM10;gemessen;2015;Feinstaub PM10;Jahresmittel;Immission;NA
1996;Zch_Schimmelstrasse;PM10;gemessen;2015;Feinstaub PM10;Jahresmittel;Immission;NA
1997;Zch_Schimmelstrasse;PM10;gemessen;2015;Feinstaub PM10;Jahresmittel;Immission;NA
1998;Zch_Schimmelstrasse;PM10;gemessen;2015;Feinstaub PM10;Jahresmittel;Immission;NA
1999;Zch_Schimmelstrasse;PM10;gemessen;2015;Feinstaub PM10;Jahresmittel;Immission;NA
2000;Zch_Schimmelstrasse;PM10;gemessen;2015;Feinstaub PM10;Jahresmittel;Immission;NA
2001;Zch_Schimmelstrasse;PM10;gemessen;2015;Feinstaub PM10;Jahresmittel;Immission;NA
2002;Zch_Schimmelstrasse;PM10;gemessen;2015;Feinstaub PM10;Jahresmittel;Immission;30.895399630473538
2003;Zch_Schimmelstrasse;PM10;gemessen;2015;Feinstaub PM10;Jahresmittel;Immission;NA
2004;Zch_Schimmelstrasse;PM10;gemessen;2015;Feinstaub PM10;Jahresmittel;Immission;28.647996161835692
2005;Zch_Schimmelstrasse;PM10;gemessen;2015;Feinstaub PM10;Jahresmittel;Immission;NA
2006;Zch_Schimmelstrasse;PM10;gemessen;2015;Feinstaub PM10;Jahresmittel;Immission;33.36917918533524
2007;Zch_Schimmelstrasse;PM10;gemessen;2015;Feinstaub PM10;Jahresmittel;Immission;NA
2008;Zch_Schimmelstrasse;PM10;gemessen;2015;Feinstaub PM10;Jahresmittel;Immission;24.75465498681268
2009;Zch_Schimmelstrasse;PM10;gemessen;2015;Feinstaub PM10;Jahresmittel;Immission;NA
2010;Zch_Schimmelstrasse;PM10;gemessen;2015;Feinstaub PM10;Jahresmittel;Immission;23.529285924107345
2011;Zch_Schimmelstrasse;PM10;gemessen;2015;Feinstaub PM10;Jahresmittel;Immission;25.68857647219663
2012;Zch_Schimmelstrasse;PM10;gemessen;2015;Feinstaub PM10;Jahresmittel;Immission;20.56479330755874
2013;Zch_Schimmelstrasse;PM10;gemessen;2015;Feinstaub PM10;Jahresmittel;Immission;23.030372280378153
2014;Zch_Schimmelstrasse;PM10;gemessen;2015;Feinstaub PM10;Jahresmittel;Immission;17.53168591237569
2015;Zch_Schimmelstrasse;PM10;gemessen;2015;Feinstaub PM10;Jahresmittel;Immission;19.21943980725788
2016;Zch_Schimmelstrasse;PM10;gemessen;2015;Feinstaub PM10;Jahresmittel;Immission;17.474765167236768
2017;Zch_Schimmelstrasse;PM10;gemessen;2015;Feinstaub PM10;Jahresmittel;Immission;17.55628814368595
2018;Zch_Schimmelstrasse;PM10;gemessen;2015;Feinstaub PM10;Jahresmittel;Immission;18.154653405329608
2019;Zch_Schimmelstrasse;PM10;gemessen;2015;Feinstaub PM10;Jahresmittel;Immission;15.689137562460054
2020;Zch_Schimmelstrasse;PM10;gemessen;2015;Feinstaub PM10;Jahresmittel;Immission;14.759379589450143
2021;Zch_Schimmelstrasse;PM10;gemessen;2015;Feinstaub PM10;Jahresmittel;Immission;14.965855770177285
2022;Zch_Schimmelstrasse;PM10;gemessen;2015;Feinstaub PM10;Jahresmittel;Immission;15.930068319835616
2023;Zch_Schimmelstrasse;PM10;gemessen;2015;Feinstaub PM10;Jahresmittel;Immission;12.632992769396601
2024;Zch_Schimmelstrasse;PM10;gemessen;2015;Feinstaub PM10;Jahresmittel;Immission;11.5922800084573
2025;Zch_Schimmelstrasse;PM10;gemessen;2015;Feinstaub PM10;Jahresmittel;Immission;13.674027046898072
1990;Zch_Schimmelstrasse;PM10;Trend;2015;Feinstaub PM10;Jahresmittel;Immission;NA
1991;Zch_Schimmelstrasse;PM10;Trend;2015;Feinstaub PM10;Jahresmittel;Immission;NA
1992;Zch_Schimmelstrasse;PM10;Trend;2015;Feinstaub PM10;Jahresmittel;Immission;NA
1993;Zch_Schimmelstrasse;PM10;Trend;2015;Feinstaub PM10;Jahresmittel;Immission;NA
1994;Zch_Schimmelstrasse;PM10;Trend;2015;Feinstaub PM10;Jahresmittel;Immission;NA
1995;Zch_Schimmelstrasse;PM10;Trend;2015;Feinstaub PM10;Jahresmittel;Immission;NA
1996;Zch_Schimmelstrasse;PM10;Trend;2015;Feinstaub PM10;Jahresmittel;Immission;NA
1997;Zch_Schimmelstrasse;PM10;Trend;2015;Feinstaub PM10;Jahresmittel;Immission;NA
1998;Zch_Schimmelstrasse;PM10;Trend;2015;Feinstaub PM10;Jahresmittel;Immission;NA
1999;Zch_Schimmelstrasse;PM10;Trend;2015;Feinstaub PM10;Jahresmittel;Immission;NA
2000;Zch_Schimmelstrasse;PM10;Trend;2015;Feinstaub PM10;Jahresmittel;Immission;NA
2001;Zch_Schimmelstrasse;PM10;Trend;2015;Feinstaub PM10;Jahresmittel;Immission;NA
2002;Zch_Schimmelstrasse;PM10;Trend;2015;Feinstaub PM10;Jahresmittel;Immission;30.954389889194697
2003;Zch_Schimmelstrasse;PM10;Trend;2015;Feinstaub PM10;Jahresmittel;Immission;NA
2004;Zch_Schimmelstrasse;PM10;Trend;2015;Feinstaub PM10;Jahresmittel;Immission;29.61552245004353
2005;Zch_Schimmelstrasse;PM10;Trend;2015;Feinstaub PM10;Jahresmittel;Immission;NA
2006;Zch_Schimmelstrasse;PM10;Trend;2015;Feinstaub PM10;Jahresmittel;Immission;28.641330088281496
2007;Zch_Schimmelstrasse;PM10;Trend;2015;Feinstaub PM10;Jahresmittel;Immission;NA
2008;Zch_Schimmelstrasse;PM10;Trend;2015;Feinstaub PM10;Jahresmittel;Immission;25.9034816503369
2009;Zch_Schimmelstrasse;PM10;Trend;2015;Feinstaub PM10;Jahresmittel;Immission;NA
2010;Zch_Schimmelstrasse;PM10;Trend;2015;Feinstaub PM10;Jahresmittel;Immission;24.324240769075207
2011;Zch_Schimmelstrasse;PM10;Trend;2015;Feinstaub PM10;Jahresmittel;Immission;23.80403748282326
2012;Zch_Schimmelstrasse;PM10;Trend;2015;Feinstaub PM10;Jahresmittel;Immission;21.678317943255593
2013;Zch_Schimmelstrasse;PM10;Trend;2015;Feinstaub PM10;Jahresmittel;Immission;20.764142064570127
2014;Zch_Schimmelstrasse;PM10;Trend;2015;Feinstaub PM10;Jahresmittel;Immission;18.948394471991858
2015;Zch_Schimmelstrasse;PM10;Trend;2015;Feinstaub PM10;Jahresmittel;Immission;18.33749077215063
2016;Zch_Schimmelstrasse;PM10;Trend;2015;Feinstaub PM10;Jahresmittel;Immission;18.099623646536955
2017;Zch_Schimmelstrasse;PM10;Trend;2015;Feinstaub PM10;Jahresmittel;Immission;17.619444225211325
2018;Zch_Schimmelstrasse;PM10;Trend;2015;Feinstaub PM10;Jahresmittel;Immission;17.263886717271806
2019;Zch_Schimmelstrasse;PM10;Trend;2015;Feinstaub PM10;Jahresmittel;Immission;16.372747314881607
2020;Zch_Schimmelstrasse;PM10;Trend;2015;Feinstaub PM10;Jahresmittel;Immission;15.739030514294667
2021;Zch_Schimmelstrasse;PM10;Trend;2015;Feinstaub PM10;Jahresmittel;Immission;15.487497460799196
2022;Zch_Schimmelstrasse;PM10;Trend;2015;Feinstaub PM10;Jahresmittel;Immission;15.073804872673115
2023;Zch_Schimmelstrasse;PM10;Trend;2015;Feinstaub PM10;Jahresmittel;Immission;14.284561051081548
2024;Zch_Schimmelstrasse;PM10;Trend;2015;Feinstaub PM10;Jahresmittel;Immission;13.911229282844804
2025;Zch_Schimmelstrasse;PM10;Trend;2015;Feinstaub PM10;Jahresmittel;Immission;14.039881379779674
2003;Zch_Schwamendingen;PM10;gemessen;2015;Feinstaub PM10;Jahresmittel;Immission;34.27768508118391
2004;Zch_Schwamendingen;PM10;gemessen;2015;Feinstaub PM10;Jahresmittel;Immission;NA
2005;Zch_Schwamendingen;PM10;gemessen;2015;Feinstaub PM10;Jahresmittel;Immission;28.77874941372191
2006;Zch_Schwamendingen;PM10;gemessen;2015;Feinstaub PM10;Jahresmittel;Immission;NA
2007;Zch_Schwamendingen;PM10;gemessen;2015;Feinstaub PM10;Jahresmittel;Immission;25.836191296532213
2008;Zch_Schwamendingen;PM10;gemessen;2015;Feinstaub PM10;Jahresmittel;Immission;NA
2009;Zch_Schwamendingen;PM10;gemessen;2015;Feinstaub PM10;Jahresmittel;Immission;25.040864528878874
2010;Zch_Schwamendingen;PM10;gemessen;2015;Feinstaub PM10;Jahresmittel;Immission;NA
2015;Zch_Schwamendingen;PM10;gemessen;2015;Feinstaub PM10;Jahresmittel;Immission;19.998869345304843
2016;Zch_Schwamendingen;PM10;gemessen;2015;Feinstaub PM10;Jahresmittel;Immission;NA
2003;Zch_Schwamendingen;PM10;Trend;2015;Feinstaub PM10;Jahresmittel;Immission;32.15115510642506
2004;Zch_Schwamendingen;PM10;Trend;2015;Feinstaub PM10;Jahresmittel;Immission;NA
2005;Zch_Schwamendingen;PM10;Trend;2015;Feinstaub PM10;Jahresmittel;Immission;28.282675771688456
2006;Zch_Schwamendingen;PM10;Trend;2015;Feinstaub PM10;Jahresmittel;Immission;NA
2007;Zch_Schwamendingen;PM10;Trend;2015;Feinstaub PM10;Jahresmittel;Immission;27.276244110415224
2008;Zch_Schwamendingen;PM10;Trend;2015;Feinstaub PM10;Jahresmittel;Immission;NA
2009;Zch_Schwamendingen;PM10;Trend;2015;Feinstaub PM10;Jahresmittel;Immission;25.387498365188414
2010;Zch_Schwamendingen;PM10;Trend;2015;Feinstaub PM10;Jahresmittel;Immission;NA
2015;Zch_Schwamendingen;PM10;Trend;2015;Feinstaub PM10;Jahresmittel;Immission;22.011442296277185
2016;Zch_Schwamendingen;PM10;Trend;2015;Feinstaub PM10;Jahresmittel;Immission;NA
1990;Zch_Stampfenbachstrasse;PM10;gemessen;2015;Feinstaub PM10;Jahresmittel;Immission;NA
1991;Zch_Stampfenbachstrasse;PM10;gemessen;2015;Feinstaub PM10;Jahresmittel;Immission;NA
1992;Zch_Stampfenbachstrasse;PM10;gemessen;2015;Feinstaub PM10;Jahresmittel;Immission;NA
1993;Zch_Stampfenbachstrasse;PM10;gemessen;2015;Feinstaub PM10;Jahresmittel;Immission;NA
1994;Zch_Stampfenbachstrasse;PM10;gemessen;2015;Feinstaub PM10;Jahresmittel;Immission;NA
1995;Zch_Stampfenbachstrasse;PM10;gemessen;2015;Feinstaub PM10;Jahresmittel;Immission;NA
1996;Zch_Stampfenbachstrasse;PM10;gemessen;2015;Feinstaub PM10;Jahresmittel;Immission;NA
1997;Zch_Stampfenbachstrasse;PM10;gemessen;2015;Feinstaub PM10;Jahresmittel;Immission;NA
1998;Zch_Stampfenbachstrasse;PM10;gemessen;2015;Feinstaub PM10;Jahresmittel;Immission;NA
1999;Zch_Stampfenbachstrasse;PM10;gemessen;2015;Feinstaub PM10;Jahresmittel;Immission;NA
2000;Zch_Stampfenbachstrasse;PM10;gemessen;2015;Feinstaub PM10;Jahresmittel;Immission;24.470729969774855
2001;Zch_Stampfenbachstrasse;PM10;gemessen;2015;Feinstaub PM10;Jahresmittel;Immission;25.611921345953622
2002;Zch_Stampfenbachstrasse;PM10;gemessen;2015;Feinstaub PM10;Jahresmittel;Immission;27.837974754894738
2003;Zch_Stampfenbachstrasse;PM10;gemessen;2015;Feinstaub PM10;Jahresmittel;Immission;31.98551056094253
2004;Zch_Stampfenbachstrasse;PM10;gemessen;2015;Feinstaub PM10;Jahresmittel;Immission;25.493436092524078
2005;Zch_Stampfenbachstrasse;PM10;gemessen;2015;Feinstaub PM10;Jahresmittel;Immission;26.30285855313881
2006;Zch_Stampfenbachstrasse;PM10;gemessen;2015;Feinstaub PM10;Jahresmittel;Immission;29.665280395135213
2007;Zch_Stampfenbachstrasse;PM10;gemessen;2015;Feinstaub PM10;Jahresmittel;Immission;24.374854613874653
2008;Zch_Stampfenbachstrasse;PM10;gemessen;2015;Feinstaub PM10;Jahresmittel;Immission;22.48332106396857
2009;Zch_Stampfenbachstrasse;PM10;gemessen;2015;Feinstaub PM10;Jahresmittel;Immission;24.09454260596532
2010;Zch_Stampfenbachstrasse;PM10;gemessen;2015;Feinstaub PM10;Jahresmittel;Immission;22.527264310707245
2011;Zch_Stampfenbachstrasse;PM10;gemessen;2015;Feinstaub PM10;Jahresmittel;Immission;21.95939195864723
2012;Zch_Stampfenbachstrasse;PM10;gemessen;2015;Feinstaub PM10;Jahresmittel;Immission;19.525576481342938
2013;Zch_Stampfenbachstrasse;PM10;gemessen;2015;Feinstaub PM10;Jahresmittel;Immission;22.328944487600566
2014;Zch_Stampfenbachstrasse;PM10;gemessen;2015;Feinstaub PM10;Jahresmittel;Immission;16.950245698701703
2015;Zch_Stampfenbachstrasse;PM10;gemessen;2015;Feinstaub PM10;Jahresmittel;Immission;17.7985203448787
2016;Zch_Stampfenbachstrasse;PM10;gemessen;2015;Feinstaub PM10;Jahresmittel;Immission;16.21514605924286
2017;Zch_Stampfenbachstrasse;PM10;gemessen;2015;Feinstaub PM10;Jahresmittel;Immission;15.860801341545706
2018;Zch_Stampfenbachstrasse;PM10;gemessen;2015;Feinstaub PM10;Jahresmittel;Immission;17.89938060901108
2019;Zch_Stampfenbachstrasse;PM10;gemessen;2015;Feinstaub PM10;Jahresmittel;Immission;15.094036766575343
2020;Zch_Stampfenbachstrasse;PM10;gemessen;2015;Feinstaub PM10;Jahresmittel;Immission;13.966711228646409
2021;Zch_Stampfenbachstrasse;PM10;gemessen;2015;Feinstaub PM10;Jahresmittel;Immission;14.383733880055555
2022;Zch_Stampfenbachstrasse;PM10;gemessen;2015;Feinstaub PM10;Jahresmittel;Immission;15.08859168426393
2023;Zch_Stampfenbachstrasse;PM10;gemessen;2015;Feinstaub PM10;Jahresmittel;Immission;13.05224745759452
2024;Zch_Stampfenbachstrasse;PM10;gemessen;2015;Feinstaub PM10;Jahresmittel;Immission;11.65662832029945
2025;Zch_Stampfenbachstrasse;PM10;gemessen;2015;Feinstaub PM10;Jahresmittel;Immission;12.990541600909589
1990;Zch_Stampfenbachstrasse;PM10;Trend;2015;Feinstaub PM10;Jahresmittel;Immission;NA
1991;Zch_Stampfenbachstrasse;PM10;Trend;2015;Feinstaub PM10;Jahresmittel;Immission;NA
1992;Zch_Stampfenbachstrasse;PM10;Trend;2015;Feinstaub PM10;Jahresmittel;Immission;NA
1993;Zch_Stampfenbachstrasse;PM10;Trend;2015;Feinstaub PM10;Jahresmittel;Immission;NA
1994;Zch_Stampfenbachstrasse;PM10;Trend;2015;Feinstaub PM10;Jahresmittel;Immission;NA
1995;Zch_Stampfenbachstrasse;PM10;Trend;2015;Feinstaub PM10;Jahresmittel;Immission;NA
1996;Zch_Stampfenbachstrasse;PM10;Trend;2015;Feinstaub PM10;Jahresmittel;Immission;NA
1997;Zch_Stampfenbachstrasse;PM10;Trend;2015;Feinstaub PM10;Jahresmittel;Immission;NA
1998;Zch_Stampfenbachstrasse;PM10;Trend;2015;Feinstaub PM10;Jahresmittel;Immission;NA
1999;Zch_Stampfenbachstrasse;PM10;Trend;2015;Feinstaub PM10;Jahresmittel;Immission;NA
2000;Zch_Stampfenbachstrasse;PM10;Trend;2015;Feinstaub PM10;Jahresmittel;Immission;27.14082177639103
2001;Zch_Stampfenbachstrasse;PM10;Trend;2015;Feinstaub PM10;Jahresmittel;Immission;27.185408942100818
2002;Zch_Stampfenbachstrasse;PM10;Trend;2015;Feinstaub PM10;Jahresmittel;Immission;27.199280565074734
2003;Zch_Stampfenbachstrasse;PM10;Trend;2015;Feinstaub PM10;Jahresmittel;Immission;27.069241113701263
2004;Zch_Stampfenbachstrasse;PM10;Trend;2015;Feinstaub PM10;Jahresmittel;Immission;26.346104182646055
2005;Zch_Stampfenbachstrasse;PM10;Trend;2015;Feinstaub PM10;Jahresmittel;Immission;25.924574228541996
2006;Zch_Stampfenbachstrasse;PM10;Trend;2015;Feinstaub PM10;Jahresmittel;Immission;25.438211500892315
2007;Zch_Stampfenbachstrasse;PM10;Trend;2015;Feinstaub PM10;Jahresmittel;Immission;24.80724099508635
2008;Zch_Stampfenbachstrasse;PM10;Trend;2015;Feinstaub PM10;Jahresmittel;Immission;24.05625951301585
2009;Zch_Stampfenbachstrasse;PM10;Trend;2015;Feinstaub PM10;Jahresmittel;Immission;23.520068769205512
2010;Zch_Stampfenbachstrasse;PM10;Trend;2015;Feinstaub PM10;Jahresmittel;Immission;22.829674434151574
2011;Zch_Stampfenbachstrasse;PM10;Trend;2015;Feinstaub PM10;Jahresmittel;Immission;21.664567635972816
2012;Zch_Stampfenbachstrasse;PM10;Trend;2015;Feinstaub PM10;Jahresmittel;Immission;20.74350638572434
2013;Zch_Stampfenbachstrasse;PM10;Trend;2015;Feinstaub PM10;Jahresmittel;Immission;20.247510555661652
2014;Zch_Stampfenbachstrasse;PM10;Trend;2015;Feinstaub PM10;Jahresmittel;Immission;18.107938649146494
2015;Zch_Stampfenbachstrasse;PM10;Trend;2015;Feinstaub PM10;Jahresmittel;Immission;17.149819961413638
2016;Zch_Stampfenbachstrasse;PM10;Trend;2015;Feinstaub PM10;Jahresmittel;Immission;16.74872255283654
2017;Zch_Stampfenbachstrasse;PM10;Trend;2015;Feinstaub PM10;Jahresmittel;Immission;16.44963964437979
2018;Zch_Stampfenbachstrasse;PM10;Trend;2015;Feinstaub PM10;Jahresmittel;Immission;16.47377425378261
2019;Zch_Stampfenbachstrasse;PM10;Trend;2015;Feinstaub PM10;Jahresmittel;Immission;15.86689638561974
2020;Zch_Stampfenbachstrasse;PM10;Trend;2015;Feinstaub PM10;Jahresmittel;Immission;15.142142935093167
2021;Zch_Stampfenbachstrasse;PM10;Trend;2015;Feinstaub PM10;Jahresmittel;Immission;15.032980788240188
2022;Zch_Stampfenbachstrasse;PM10;Trend;2015;Feinstaub PM10;Jahresmittel;Immission;14.757374759750876
2023;Zch_Stampfenbachstrasse;PM10;Trend;2015;Feinstaub PM10;Jahresmittel;Immission;14.045878253770109
2024;Zch_Stampfenbachstrasse;PM10;Trend;2015;Feinstaub PM10;Jahresmittel;Immission;13.572246522131682
2025;Zch_Stampfenbachstrasse;PM10;Trend;2015;Feinstaub PM10;Jahresmittel;Immission;13.701787614643411
2000;Zürich-Kaserne;PM10;gemessen;2015;Feinstaub PM10;Jahresmittel;Immission;NA
2001;Zürich-Kaserne;PM10;gemessen;2015;Feinstaub PM10;Jahresmittel;Immission;NA
2002;Zürich-Kaserne;PM10;gemessen;2015;Feinstaub PM10;Jahresmittel;Immission;25.879889807162535
2003;Zürich-Kaserne;PM10;gemessen;2015;Feinstaub PM10;Jahresmittel;Immission;29.19196675900277
2004;Zürich-Kaserne;PM10;gemessen;2015;Feinstaub PM10;Jahresmittel;Immission;24.66346153846154
2005;Zürich-Kaserne;PM10;gemessen;2015;Feinstaub PM10;Jahresmittel;Immission;24.167397260273972
2006;Zürich-Kaserne;PM10;gemessen;2015;Feinstaub PM10;Jahresmittel;Immission;26.113774104683195
2007;Zürich-Kaserne;PM10;gemessen;2015;Feinstaub PM10;Jahresmittel;Immission;21.421875
2008;Zürich-Kaserne;PM10;gemessen;2015;Feinstaub PM10;Jahresmittel;Immission;19.648767123287673
2009;Zürich-Kaserne;PM10;gemessen;2015;Feinstaub PM10;Jahresmittel;Immission;20.323204419889503
2010;Zürich-Kaserne;PM10;gemessen;2015;Feinstaub PM10;Jahresmittel;Immission;19.512602739726027
2011;Zürich-Kaserne;PM10;gemessen;2015;Feinstaub PM10;Jahresmittel;Immission;20.26
2012;Zürich-Kaserne;PM10;gemessen;2015;Feinstaub PM10;Jahresmittel;Immission;17.38021978021978
2013;Zürich-Kaserne;PM10;gemessen;2015;Feinstaub PM10;Jahresmittel;Immission;18.71731843575419
2014;Zürich-Kaserne;PM10;gemessen;2015;Feinstaub PM10;Jahresmittel;Immission;14.624383561643835
2015;Zürich-Kaserne;PM10;gemessen;2015;Feinstaub PM10;Jahresmittel;Immission;16.796164383561646
2016;Zürich-Kaserne;PM10;gemessen;2015;Feinstaub PM10;Jahresmittel;Immission;14.579889807162534
2017;Zürich-Kaserne;PM10;gemessen;2015;Feinstaub PM10;Jahresmittel;Immission;14.827222222222222
2018;Zürich-Kaserne;PM10;gemessen;2015;Feinstaub PM10;Jahresmittel;Immission;15.849041095890412
2019;Zürich-Kaserne;PM10;gemessen;2015;Feinstaub PM10;Jahresmittel;Immission;13.578787878787878
2020;Zürich-Kaserne;PM10;gemessen;2015;Feinstaub PM10;Jahresmittel;Immission;12.107650273224044
2021;Zürich-Kaserne;PM10;gemessen;2015;Feinstaub PM10;Jahresmittel;Immission;12.923287671232877
2022;Zürich-Kaserne;PM10;gemessen;2015;Feinstaub PM10;Jahresmittel;Immission;13.861432506887052
2023;Zürich-Kaserne;PM10;gemessen;2015;Feinstaub PM10;Jahresmittel;Immission;12.097808219178082
2024;Zürich-Kaserne;PM10;gemessen;2015;Feinstaub PM10;Jahresmittel;Immission;11.813934426229508
2025;Zürich-Kaserne;PM10;gemessen;2015;Feinstaub PM10;Jahresmittel;Immission;13.427019498607242
2000;Zürich-Kaserne;PM10;Trend;2015;Feinstaub PM10;Jahresmittel;Immission;NA
2001;Zürich-Kaserne;PM10;Trend;2015;Feinstaub PM10;Jahresmittel;Immission;NA
2002;Zürich-Kaserne;PM10;Trend;2015;Feinstaub PM10;Jahresmittel;Immission;25.947468601367206
2003;Zürich-Kaserne;PM10;Trend;2015;Feinstaub PM10;Jahresmittel;Immission;25.61084655376013
2004;Zürich-Kaserne;PM10;Trend;2015;Feinstaub PM10;Jahresmittel;Immission;24.732208070970696
2005;Zürich-Kaserne;PM10;Trend;2015;Feinstaub PM10;Jahresmittel;Immission;23.98871611192288
2006;Zürich-Kaserne;PM10;Trend;2015;Feinstaub PM10;Jahresmittel;Immission;23.26491377711458
2007;Zürich-Kaserne;PM10;Trend;2015;Feinstaub PM10;Jahresmittel;Immission;22.34092232060185
2008;Zürich-Kaserne;PM10;Trend;2015;Feinstaub PM10;Jahresmittel;Immission;21.28871762623034
2009;Zürich-Kaserne;PM10;Trend;2015;Feinstaub PM10;Jahresmittel;Immission;20.495414882494373
2010;Zürich-Kaserne;PM10;Trend;2015;Feinstaub PM10;Jahresmittel;Immission;19.693221727955354
2011;Zürich-Kaserne;PM10;Trend;2015;Feinstaub PM10;Jahresmittel;Immission;19.080692054946727
2012;Zürich-Kaserne;PM10;Trend;2015;Feinstaub PM10;Jahresmittel;Immission;17.819964603937727
2013;Zürich-Kaserne;PM10;Trend;2015;Feinstaub PM10;Jahresmittel;Immission;16.851097122439477
2014;Zürich-Kaserne;PM10;Trend;2015;Feinstaub PM10;Jahresmittel;Immission;15.786712545459158
2015;Zürich-Kaserne;PM10;Trend;2015;Feinstaub PM10;Jahresmittel;Immission;15.543268029477423
2016;Zürich-Kaserne;PM10;Trend;2015;Feinstaub PM10;Jahresmittel;Immission;15.38948041057035
2017;Zürich-Kaserne;PM10;Trend;2015;Feinstaub PM10;Jahresmittel;Immission;15.07480873281893
2018;Zürich-Kaserne;PM10;Trend;2015;Feinstaub PM10;Jahresmittel;Immission;14.839158372856419
2019;Zürich-Kaserne;PM10;Trend;2015;Feinstaub PM10;Jahresmittel;Immission;14.350057701969186
2020;Zürich-Kaserne;PM10;Trend;2015;Feinstaub PM10;Jahresmittel;Immission;13.868639493725967
2021;Zürich-Kaserne;PM10;Trend;2015;Feinstaub PM10;Jahresmittel;Immission;13.77032883723998
2022;Zürich-Kaserne;PM10;Trend;2015;Feinstaub PM10;Jahresmittel;Immission;13.647201340934599
2023;Zürich-Kaserne;PM10;Trend;2015;Feinstaub PM10;Jahresmittel;Immission;13.459103413242008
2024;Zürich-Kaserne;PM10;Trend;2015;Feinstaub PM10;Jahresmittel;Immission;13.436311155687108
2025;Zürich-Kaserne;PM10;Trend;2015;Feinstaub PM10;Jahresmittel;Immission;13.638883366759517
2000;Dübendorf-EMPA;NOx;gemessen;2015;Stickoxide | Stickstoffdioxid;Jahresmittel;Immission;59.480167597765366
2001;Dübendorf-EMPA;NOx;gemessen;2015;Stickoxide | Stickstoffdioxid;Jahresmittel;Immission;52.287921348314605
2002;Dübendorf-EMPA;NOx;gemessen;2015;Stickoxide | Stickstoffdioxid;Jahresmittel;Immission;52.02073863636364
2003;Dübendorf-EMPA;NOx;gemessen;2015;Stickoxide | Stickstoffdioxid;Jahresmittel;Immission;63.39587912087912
2004;Dübendorf-EMPA;NOx;gemessen;2015;Stickoxide | Stickstoffdioxid;Jahresmittel;Immission;50.26401098901099
2005;Dübendorf-EMPA;NOx;gemessen;2015;Stickoxide | Stickstoffdioxid;Jahresmittel;Immission;51.37961432506887
2006;Dübendorf-EMPA;NOx;gemessen;2015;Stickoxide | Stickstoffdioxid;Jahresmittel;Immission;53.41745152354571
2007;Dübendorf-EMPA;NOx;gemessen;2015;Stickoxide | Stickstoffdioxid;Jahresmittel;Immission;47.244383561643836
2008;Dübendorf-EMPA;NOx;gemessen;2015;Stickoxide | Stickstoffdioxid;Jahresmittel;Immission;47.97349726775956
2009;Dübendorf-EMPA;NOx;gemessen;2015;Stickoxide | Stickstoffdioxid;Jahresmittel;Immission;48.254120879120876
2010;Dübendorf-EMPA;NOx;gemessen;2015;Stickoxide | Stickstoffdioxid;Jahresmittel;Immission;43.77616438356164
2011;Dübendorf-EMPA;NOx;gemessen;2015;Stickoxide | Stickstoffdioxid;Jahresmittel;Immission;48.99116022099447
2012;Dübendorf-EMPA;NOx;gemessen;2015;Stickoxide | Stickstoffdioxid;Jahresmittel;Immission;43.043169398907104
2013;Dübendorf-EMPA;NOx;gemessen;2015;Stickoxide | Stickstoffdioxid;Jahresmittel;Immission;45.310192837465564
2014;Dübendorf-EMPA;NOx;gemessen;2015;Stickoxide | Stickstoffdioxid;Jahresmittel;Immission;43.30849315068493
2015;Dübendorf-EMPA;NOx;gemessen;2015;Stickoxide | Stickstoffdioxid;Jahresmittel;Immission;49.38947368421053
2016;Dübendorf-EMPA;NOx;gemessen;2015;Stickoxide | Stickstoffdioxid;Jahresmittel;Immission;43.881967213114756
2017;Dübendorf-EMPA;NOx;gemessen;2015;Stickoxide | Stickstoffdioxid;Jahresmittel;Immission;36.796164383561646
2018;Dübendorf-EMPA;NOx;gemessen;2015;Stickoxide | Stickstoffdioxid;Jahresmittel;Immission;34.535833333333336
2019;Dübendorf-EMPA;NOx;gemessen;2015;Stickoxide | Stickstoffdioxid;Jahresmittel;Immission;32.78027397260274
2020;Dübendorf-EMPA;NOx;gemessen;2015;Stickoxide | Stickstoffdioxid;Jahresmittel;Immission;31.259836065573772
2021;Dübendorf-EMPA;NOx;gemessen;2015;Stickoxide | Stickstoffdioxid;Jahresmittel;Immission;28.806371191135735
2022;Dübendorf-EMPA;NOx;gemessen;2015;Stickoxide | Stickstoffdioxid;Jahresmittel;Immission;27.81095890410959
2023;Dübendorf-EMPA;NOx;gemessen;2015;Stickoxide | Stickstoffdioxid;Jahresmittel;Immission;23.179726027397262
2024;Dübendorf-EMPA;NOx;gemessen;2015;Stickoxide | Stickstoffdioxid;Jahresmittel;Immission;23.05013698630137
2025;Dübendorf-EMPA;NOx;gemessen;2015;Stickoxide | Stickstoffdioxid;Jahresmittel;Immission;25.59532967032967
2000;Dübendorf-EMPA;NOx;Trend;2015;Stickoxide | Stickstoffdioxid;Jahresmittel;Immission;54.62420625658173
2001;Dübendorf-EMPA;NOx;Trend;2015;Stickoxide | Stickstoffdioxid;Jahresmittel;Immission;52.156952425467665
2002;Dübendorf-EMPA;NOx;Trend;2015;Stickoxide | Stickstoffdioxid;Jahresmittel;Immission;51.15627060171657
2003;Dübendorf-EMPA;NOx;Trend;2015;Stickoxide | Stickstoffdioxid;Jahresmittel;Immission;50.810426628641196
2004;Dübendorf-EMPA;NOx;Trend;2015;Stickoxide | Stickstoffdioxid;Jahresmittel;Immission;50.084794096100545
2005;Dübendorf-EMPA;NOx;Trend;2015;Stickoxide | Stickstoffdioxid;Jahresmittel;Immission;48.993876459299585
2006;Dübendorf-EMPA;NOx;Trend;2015;Stickoxide | Stickstoffdioxid;Jahresmittel;Immission;48.48291469285055
2007;Dübendorf-EMPA;NOx;Trend;2015;Stickoxide | Stickstoffdioxid;Jahresmittel;Immission;47.63581754764562
2008;Dübendorf-EMPA;NOx;Trend;2015;Stickoxide | Stickstoffdioxid;Jahresmittel;Immission;47.02559673505701
2009;Dübendorf-EMPA;NOx;Trend;2015;Stickoxide | Stickstoffdioxid;Jahresmittel;Immission;46.48620116052532
2010;Dübendorf-EMPA;NOx;Trend;2015;Stickoxide | Stickstoffdioxid;Jahresmittel;Immission;46.38981815481143
2011;Dübendorf-EMPA;NOx;Trend;2015;Stickoxide | Stickstoffdioxid;Jahresmittel;Immission;45.80160968142399
2012;Dübendorf-EMPA;NOx;Trend;2015;Stickoxide | Stickstoffdioxid;Jahresmittel;Immission;45.39789314614354
2013;Dübendorf-EMPA;NOx;Trend;2015;Stickoxide | Stickstoffdioxid;Jahresmittel;Immission;44.70310789740114
2014;Dübendorf-EMPA;NOx;Trend;2015;Stickoxide | Stickstoffdioxid;Jahresmittel;Immission;44.36413418193086
2015;Dübendorf-EMPA;NOx;Trend;2015;Stickoxide | Stickstoffdioxid;Jahresmittel;Immission;44.09866727253563
2016;Dübendorf-EMPA;NOx;Trend;2015;Stickoxide | Stickstoffdioxid;Jahresmittel;Immission;43.62113639919382
2017;Dübendorf-EMPA;NOx;Trend;2015;Stickoxide | Stickstoffdioxid;Jahresmittel;Immission;39.76836019215288
2018;Dübendorf-EMPA;NOx;Trend;2015;Stickoxide | Stickstoffdioxid;Jahresmittel;Immission;37.11589158956496
2019;Dübendorf-EMPA;NOx;Trend;2015;Stickoxide | Stickstoffdioxid;Jahresmittel;Immission;35.14462920271798
2020;Dübendorf-EMPA;NOx;Trend;2015;Stickoxide | Stickstoffdioxid;Jahresmittel;Immission;33.20681846985862
2021;Dübendorf-EMPA;NOx;Trend;2015;Stickoxide | Stickstoffdioxid;Jahresmittel;Immission;31.946637057087163
2022;Dübendorf-EMPA;NOx;Trend;2015;Stickoxide | Stickstoffdioxid;Jahresmittel;Immission;31.142299565050372
2023;Dübendorf-EMPA;NOx;Trend;2015;Stickoxide | Stickstoffdioxid;Jahresmittel;Immission;30.551776832804233
2024;Dübendorf-EMPA;NOx;Trend;2015;Stickoxide | Stickstoffdioxid;Jahresmittel;Immission;30.32764709433935
2025;Dübendorf-EMPA;NOx;Trend;2015;Stickoxide | Stickstoffdioxid;Jahresmittel;Immission;30.215160144623233
2001;Opf_Balsberg;NOx;gemessen;2015;Stickoxide | Stickstoffdioxid;Jahresmittel;Immission;55.02571606239875
2002;Opf_Balsberg;NOx;gemessen;2015;Stickoxide | Stickstoffdioxid;Jahresmittel;Immission;55.71760069679775
2003;Opf_Balsberg;NOx;gemessen;2015;Stickoxide | Stickstoffdioxid;Jahresmittel;Immission;NA
2004;Opf_Balsberg;NOx;gemessen;2015;Stickoxide | Stickstoffdioxid;Jahresmittel;Immission;50.33223562054571
2006;Opf_Balsberg;NOx;gemessen;2015;Stickoxide | Stickstoffdioxid;Jahresmittel;Immission;53.30047240146974
2007;Opf_Balsberg;NOx;gemessen;2015;Stickoxide | Stickstoffdioxid;Jahresmittel;Immission;NA
2008;Opf_Balsberg;NOx;gemessen;2015;Stickoxide | Stickstoffdioxid;Jahresmittel;Immission;50.28326081791218
2009;Opf_Balsberg;NOx;gemessen;2015;Stickoxide | Stickstoffdioxid;Jahresmittel;Immission;47.22763460496953
2010;Opf_Balsberg;NOx;gemessen;2015;Stickoxide | Stickstoffdioxid;Jahresmittel;Immission;46.79882454331405
2011;Opf_Balsberg;NOx;gemessen;2015;Stickoxide | Stickstoffdioxid;Jahresmittel;Immission;47.615841335925
2012;Opf_Balsberg;NOx;gemessen;2015;Stickoxide | Stickstoffdioxid;Jahresmittel;Immission;47.335200608134244
2013;Opf_Balsberg;NOx;gemessen;2015;Stickoxide | Stickstoffdioxid;Jahresmittel;Immission;51.64862622522802
2014;Opf_Balsberg;NOx;gemessen;2015;Stickoxide | Stickstoffdioxid;Jahresmittel;Immission;46.17046597077686
2015;Opf_Balsberg;NOx;gemessen;2015;Stickoxide | Stickstoffdioxid;Jahresmittel;Immission;45.22028538139011
2016;Opf_Balsberg;NOx;gemessen;2015;Stickoxide | Stickstoffdioxid;Jahresmittel;Immission;46.84358913618132
2017;Opf_Balsberg;NOx;gemessen;2015;Stickoxide | Stickstoffdioxid;Jahresmittel;Immission;40.13908432345455
2018;Opf_Balsberg;NOx;gemessen;2015;Stickoxide | Stickstoffdioxid;Jahresmittel;Immission;34.90520131350411
2019;Opf_Balsberg;NOx;gemessen;2015;Stickoxide | Stickstoffdioxid;Jahresmittel;Immission;35.47535355889011
2020;Opf_Balsberg;NOx;gemessen;2015;Stickoxide | Stickstoffdioxid;Jahresmittel;Immission;28.996627919206613
2021;Opf_Balsberg;NOx;gemessen;2015;Stickoxide | Stickstoffdioxid;Jahresmittel;Immission;26.30197092719452
2022;Opf_Balsberg;NOx;gemessen;2015;Stickoxide | Stickstoffdioxid;Jahresmittel;Immission;25.128484048129835
2023;Opf_Balsberg;NOx;gemessen;2015;Stickoxide | Stickstoffdioxid;Jahresmittel;Immission;23.42282700848077
2024;Opf_Balsberg;NOx;gemessen;2015;Stickoxide | Stickstoffdioxid;Jahresmittel;Immission;22.82530907159726
2025;Opf_Balsberg;NOx;gemessen;2015;Stickoxide | Stickstoffdioxid;Jahresmittel;Immission;21.9674657358
2001;Opf_Balsberg;NOx;Trend;2015;Stickoxide | Stickstoffdioxid;Jahresmittel;Immission;53.750488081928495
2002;Opf_Balsberg;NOx;Trend;2015;Stickoxide | Stickstoffdioxid;Jahresmittel;Immission;52.93914695682533
2003;Opf_Balsberg;NOx;Trend;2015;Stickoxide | Stickstoffdioxid;Jahresmittel;Immission;NA
2004;Opf_Balsberg;NOx;Trend;2015;Stickoxide | Stickstoffdioxid;Jahresmittel;Immission;50.60442213234137
2006;Opf_Balsberg;NOx;Trend;2015;Stickoxide | Stickstoffdioxid;Jahresmittel;Immission;49.443728049369255
2007;Opf_Balsberg;NOx;Trend;2015;Stickoxide | Stickstoffdioxid;Jahresmittel;Immission;NA
2008;Opf_Balsberg;NOx;Trend;2015;Stickoxide | Stickstoffdioxid;Jahresmittel;Immission;48.70335359199499
2009;Opf_Balsberg;NOx;Trend;2015;Stickoxide | Stickstoffdioxid;Jahresmittel;Immission;48.147139236067964
2010;Opf_Balsberg;NOx;Trend;2015;Stickoxide | Stickstoffdioxid;Jahresmittel;Immission;48.00309609281816
2011;Opf_Balsberg;NOx;Trend;2015;Stickoxide | Stickstoffdioxid;Jahresmittel;Immission;47.896094832908084
2012;Opf_Balsberg;NOx;Trend;2015;Stickoxide | Stickstoffdioxid;Jahresmittel;Immission;47.904028676787696
2013;Opf_Balsberg;NOx;Trend;2015;Stickoxide | Stickstoffdioxid;Jahresmittel;Immission;47.89169506643508
2014;Opf_Balsberg;NOx;Trend;2015;Stickoxide | Stickstoffdioxid;Jahresmittel;Immission;46.98693874698129
2015;Opf_Balsberg;NOx;Trend;2015;Stickoxide | Stickstoffdioxid;Jahresmittel;Immission;45.912522207059574
2016;Opf_Balsberg;NOx;Trend;2015;Stickoxide | Stickstoffdioxid;Jahresmittel;Immission;45.26844665460526
2017;Opf_Balsberg;NOx;Trend;2015;Stickoxide | Stickstoffdioxid;Jahresmittel;Immission;41.46320183468541
2018;Opf_Balsberg;NOx;Trend;2015;Stickoxide | Stickstoffdioxid;Jahresmittel;Immission;38.22371610653309
2019;Opf_Balsberg;NOx;Trend;2015;Stickoxide | Stickstoffdioxid;Jahresmittel;Immission;35.221062757196165
2020;Opf_Balsberg;NOx;Trend;2015;Stickoxide | Stickstoffdioxid;Jahresmittel;Immission;29.21233366193913
2021;Opf_Balsberg;NOx;Trend;2015;Stickoxide | Stickstoffdioxid;Jahresmittel;Immission;26.788638681012973
2022;Opf_Balsberg;NOx;Trend;2015;Stickoxide | Stickstoffdioxid;Jahresmittel;Immission;26.251001785305185
2023;Opf_Balsberg;NOx;Trend;2015;Stickoxide | Stickstoffdioxid;Jahresmittel;Immission;25.749737445031986
2024;Opf_Balsberg;NOx;Trend;2015;Stickoxide | Stickstoffdioxid;Jahresmittel;Immission;25.22298371336095
2025;Opf_Balsberg;NOx;Trend;2015;Stickoxide | Stickstoffdioxid;Jahresmittel;Immission;24.933277097472008
2015;Sch_Güterstrasse;NOx;gemessen;2015;Stickoxide | Stickstoffdioxid;Jahresmittel;Immission;23.152795456674156
2016;Sch_Güterstrasse;NOx;gemessen;2015;Stickoxide | Stickstoffdioxid;Jahresmittel;Immission;NA
2018;Sch_Güterstrasse;NOx;gemessen;2015;Stickoxide | Stickstoffdioxid;Jahresmittel;Immission;18.0785831376759
2021;Sch_Güterstrasse;NOx;gemessen;2015;Stickoxide | Stickstoffdioxid;Jahresmittel;Immission;13.657412804635854
2022;Sch_Güterstrasse;NOx;gemessen;2015;Stickoxide | Stickstoffdioxid;Jahresmittel;Immission;NA
2024;Sch_Güterstrasse;NOx;gemessen;2015;Stickoxide | Stickstoffdioxid;Jahresmittel;Immission;10.569580385467237
2025;Sch_Güterstrasse;NOx;gemessen;2015;Stickoxide | Stickstoffdioxid;Jahresmittel;Immission;NA
2015;Sch_Güterstrasse;NOx;Trend;2015;Stickoxide | Stickstoffdioxid;Jahresmittel;Immission;20.800461193026678
2016;Sch_Güterstrasse;NOx;Trend;2015;Stickoxide | Stickstoffdioxid;Jahresmittel;Immission;NA
2018;Sch_Güterstrasse;NOx;Trend;2015;Stickoxide | Stickstoffdioxid;Jahresmittel;Immission;18.93983000858422
2021;Sch_Güterstrasse;NOx;Trend;2015;Stickoxide | Stickstoffdioxid;Jahresmittel;Immission;14.621085365075766
2022;Sch_Güterstrasse;NOx;Trend;2015;Stickoxide | Stickstoffdioxid;Jahresmittel;Immission;NA
2024;Sch_Güterstrasse;NOx;Trend;2015;Stickoxide | Stickstoffdioxid;Jahresmittel;Immission;12.559202338931977
2025;Sch_Güterstrasse;NOx;Trend;2015;Stickoxide | Stickstoffdioxid;Jahresmittel;Immission;NA
1992;Zch_Heubeeribüel;NOx;gemessen;2015;Stickoxide | Stickstoffdioxid;Jahresmittel;Immission;NA
1993;Zch_Heubeeribüel;NOx;gemessen;2015;Stickoxide | Stickstoffdioxid;Jahresmittel;Immission;NA
1994;Zch_Heubeeribüel;NOx;gemessen;2015;Stickoxide | Stickstoffdioxid;Jahresmittel;Immission;NA
1995;Zch_Heubeeribüel;NOx;gemessen;2015;Stickoxide | Stickstoffdioxid;Jahresmittel;Immission;NA
1996;Zch_Heubeeribüel;NOx;gemessen;2015;Stickoxide | Stickstoffdioxid;Jahresmittel;Immission;NA
1997;Zch_Heubeeribüel;NOx;gemessen;2015;Stickoxide | Stickstoffdioxid;Jahresmittel;Immission;NA
1998;Zch_Heubeeribüel;NOx;gemessen;2015;Stickoxide | Stickstoffdioxid;Jahresmittel;Immission;NA
1999;Zch_Heubeeribüel;NOx;gemessen;2015;Stickoxide | Stickstoffdioxid;Jahresmittel;Immission;NA
2000;Zch_Heubeeribüel;NOx;gemessen;2015;Stickoxide | Stickstoffdioxid;Jahresmittel;Immission;NA
2001;Zch_Heubeeribüel;NOx;gemessen;2015;Stickoxide | Stickstoffdioxid;Jahresmittel;Immission;NA
2002;Zch_Heubeeribüel;NOx;gemessen;2015;Stickoxide | Stickstoffdioxid;Jahresmittel;Immission;NA
2003;Zch_Heubeeribüel;NOx;gemessen;2015;Stickoxide | Stickstoffdioxid;Jahresmittel;Immission;NA
2004;Zch_Heubeeribüel;NOx;gemessen;2015;Stickoxide | Stickstoffdioxid;Jahresmittel;Immission;NA
2005;Zch_Heubeeribüel;NOx;gemessen;2015;Stickoxide | Stickstoffdioxid;Jahresmittel;Immission;14.504764573251396
2006;Zch_Heubeeribüel;NOx;gemessen;2015;Stickoxide | Stickstoffdioxid;Jahresmittel;Immission;15.845782034086834
2007;Zch_Heubeeribüel;NOx;gemessen;2015;Stickoxide | Stickstoffdioxid;Jahresmittel;Immission;13.226596655663911
2008;Zch_Heubeeribüel;NOx;gemessen;2015;Stickoxide | Stickstoffdioxid;Jahresmittel;Immission;13.456105170142466
2009;Zch_Heubeeribüel;NOx;gemessen;2015;Stickoxide | Stickstoffdioxid;Jahresmittel;Immission;13.597875730997261
2010;Zch_Heubeeribüel;NOx;gemessen;2015;Stickoxide | Stickstoffdioxid;Jahresmittel;Immission;12.286651237302777
2011;Zch_Heubeeribüel;NOx;gemessen;2015;Stickoxide | Stickstoffdioxid;Jahresmittel;Immission;13.461426933884932
2012;Zch_Heubeeribüel;NOx;gemessen;2015;Stickoxide | Stickstoffdioxid;Jahresmittel;Immission;11.673862395797814
2013;Zch_Heubeeribüel;NOx;gemessen;2015;Stickoxide | Stickstoffdioxid;Jahresmittel;Immission;12.4457734780854
2014;Zch_Heubeeribüel;NOx;gemessen;2015;Stickoxide | Stickstoffdioxid;Jahresmittel;Immission;11.564973910252055
2015;Zch_Heubeeribüel;NOx;gemessen;2015;Stickoxide | Stickstoffdioxid;Jahresmittel;Immission;13.045831908527473
2016;Zch_Heubeeribüel;NOx;gemessen;2015;Stickoxide | Stickstoffdioxid;Jahresmittel;Immission;11.895601402835196
2017;Zch_Heubeeribüel;NOx;gemessen;2015;Stickoxide | Stickstoffdioxid;Jahresmittel;Immission;9.950354298658192
2018;Zch_Heubeeribüel;NOx;gemessen;2015;Stickoxide | Stickstoffdioxid;Jahresmittel;Immission;9.252539997882353
2019;Zch_Heubeeribüel;NOx;gemessen;2015;Stickoxide | Stickstoffdioxid;Jahresmittel;Immission;8.32431222167036
2020;Zch_Heubeeribüel;NOx;gemessen;2015;Stickoxide | Stickstoffdioxid;Jahresmittel;Immission;7.956004808255556
2021;Zch_Heubeeribüel;NOx;gemessen;2015;Stickoxide | Stickstoffdioxid;Jahresmittel;Immission;7.690565371588889
2022;Zch_Heubeeribüel;NOx;gemessen;2015;Stickoxide | Stickstoffdioxid;Jahresmittel;Immission;6.532320499390449
2023;Zch_Heubeeribüel;NOx;gemessen;2015;Stickoxide | Stickstoffdioxid;Jahresmittel;Immission;5.612762703269122
2024;Zch_Heubeeribüel;NOx;gemessen;2015;Stickoxide | Stickstoffdioxid;Jahresmittel;Immission;6.075887715530055
2025;Zch_Heubeeribüel;NOx;gemessen;2015;Stickoxide | Stickstoffdioxid;Jahresmittel;Immission;6.479938177032877
1992;Zch_Heubeeribüel;NOx;Trend;2015;Stickoxide | Stickstoffdioxid;Jahresmittel;Immission;NA
1993;Zch_Heubeeribüel;NOx;Trend;2015;Stickoxide | Stickstoffdioxid;Jahresmittel;Immission;NA
1994;Zch_Heubeeribüel;NOx;Trend;2015;Stickoxide | Stickstoffdioxid;Jahresmittel;Immission;NA
1995;Zch_Heubeeribüel;NOx;Trend;2015;Stickoxide | Stickstoffdioxid;Jahresmittel;Immission;NA
1996;Zch_Heubeeribüel;NOx;Trend;2015;Stickoxide | Stickstoffdioxid;Jahresmittel;Immission;NA
1997;Zch_Heubeeribüel;NOx;Trend;2015;Stickoxide | Stickstoffdioxid;Jahresmittel;Immission;NA
1998;Zch_Heubeeribüel;NOx;Trend;2015;Stickoxide | Stickstoffdioxid;Jahresmittel;Immission;NA
1999;Zch_Heubeeribüel;NOx;Trend;2015;Stickoxide | Stickstoffdioxid;Jahresmittel;Immission;NA
2000;Zch_Heubeeribüel;NOx;Trend;2015;Stickoxide | Stickstoffdioxid;Jahresmittel;Immission;NA
2001;Zch_Heubeeribüel;NOx;Trend;2015;Stickoxide | Stickstoffdioxid;Jahresmittel;Immission;NA
2002;Zch_Heubeeribüel;NOx;Trend;2015;Stickoxide | Stickstoffdioxid;Jahresmittel;Immission;NA
2003;Zch_Heubeeribüel;NOx;Trend;2015;Stickoxide | Stickstoffdioxid;Jahresmittel;Immission;NA
2004;Zch_Heubeeribüel;NOx;Trend;2015;Stickoxide | Stickstoffdioxid;Jahresmittel;Immission;NA
2005;Zch_Heubeeribüel;NOx;Trend;2015;Stickoxide | Stickstoffdioxid;Jahresmittel;Immission;13.745757649409335
2006;Zch_Heubeeribüel;NOx;Trend;2015;Stickoxide | Stickstoffdioxid;Jahresmittel;Immission;13.523646559820254
2007;Zch_Heubeeribüel;NOx;Trend;2015;Stickoxide | Stickstoffdioxid;Jahresmittel;Immission;13.201434616206734
2008;Zch_Heubeeribüel;NOx;Trend;2015;Stickoxide | Stickstoffdioxid;Jahresmittel;Immission;12.980239201259915
2009;Zch_Heubeeribüel;NOx;Trend;2015;Stickoxide | Stickstoffdioxid;Jahresmittel;Immission;12.680019369481766
2010;Zch_Heubeeribüel;NOx;Trend;2015;Stickoxide | Stickstoffdioxid;Jahresmittel;Immission;12.4812275213001
2011;Zch_Heubeeribüel;NOx;Trend;2015;Stickoxide | Stickstoffdioxid;Jahresmittel;Immission;12.338687549082577
2012;Zch_Heubeeribüel;NOx;Trend;2015;Stickoxide | Stickstoffdioxid;Jahresmittel;Immission;12.065723961650667
2013;Zch_Heubeeribüel;NOx;Trend;2015;Stickoxide | Stickstoffdioxid;Jahresmittel;Immission;12.023451960204493
2014;Zch_Heubeeribüel;NOx;Trend;2015;Stickoxide | Stickstoffdioxid;Jahresmittel;Immission;11.867727173566868
2015;Zch_Heubeeribüel;NOx;Trend;2015;Stickoxide | Stickstoffdioxid;Jahresmittel;Immission;11.92300454512775
2016;Zch_Heubeeribüel;NOx;Trend;2015;Stickoxide | Stickstoffdioxid;Jahresmittel;Immission;11.471166767734482
2017;Zch_Heubeeribüel;NOx;Trend;2015;Stickoxide | Stickstoffdioxid;Jahresmittel;Immission;10.37153448127187
2018;Zch_Heubeeribüel;NOx;Trend;2015;Stickoxide | Stickstoffdioxid;Jahresmittel;Immission;9.73928834657993
2019;Zch_Heubeeribüel;NOx;Trend;2015;Stickoxide | Stickstoffdioxid;Jahresmittel;Immission;9.13496736608032
2020;Zch_Heubeeribüel;NOx;Trend;2015;Stickoxide | Stickstoffdioxid;Jahresmittel;Immission;8.26479652606234
2021;Zch_Heubeeribüel;NOx;Trend;2015;Stickoxide | Stickstoffdioxid;Jahresmittel;Immission;7.927480799971221
2022;Zch_Heubeeribüel;NOx;Trend;2015;Stickoxide | Stickstoffdioxid;Jahresmittel;Immission;7.4960306266392935
2023;Zch_Heubeeribüel;NOx;Trend;2015;Stickoxide | Stickstoffdioxid;Jahresmittel;Immission;7.308229544809016
2024;Zch_Heubeeribüel;NOx;Trend;2015;Stickoxide | Stickstoffdioxid;Jahresmittel;Immission;7.242686252214256
2025;Zch_Heubeeribüel;NOx;Trend;2015;Stickoxide | Stickstoffdioxid;Jahresmittel;Immission;7.248013548325154
2013;Zch_Rosengartenstrasse;NOx;gemessen;2015;Stickoxide | Stickstoffdioxid;Jahresmittel;Immission;NA
2014;Zch_Rosengartenstrasse;NOx;gemessen;2015;Stickoxide | Stickstoffdioxid;Jahresmittel;Immission;58.64379795054794
2015;Zch_Rosengartenstrasse;NOx;gemessen;2015;Stickoxide | Stickstoffdioxid;Jahresmittel;Immission;60.157974188268156
2016;Zch_Rosengartenstrasse;NOx;gemessen;2015;Stickoxide | Stickstoffdioxid;Jahresmittel;Immission;57.374735594818944
2017;Zch_Rosengartenstrasse;NOx;gemessen;2015;Stickoxide | Stickstoffdioxid;Jahresmittel;Immission;56.156592285506846
2018;Zch_Rosengartenstrasse;NOx;gemessen;2015;Stickoxide | Stickstoffdioxid;Jahresmittel;Immission;50.85039205634349
2019;Zch_Rosengartenstrasse;NOx;gemessen;2015;Stickoxide | Stickstoffdioxid;Jahresmittel;Immission;51.428285452575345
2020;Zch_Rosengartenstrasse;NOx;gemessen;2015;Stickoxide | Stickstoffdioxid;Jahresmittel;Immission;41.05774671042896
2021;Zch_Rosengartenstrasse;NOx;gemessen;2015;Stickoxide | Stickstoffdioxid;Jahresmittel;Immission;39.07477765171348
2022;Zch_Rosengartenstrasse;NOx;gemessen;2015;Stickoxide | Stickstoffdioxid;Jahresmittel;Immission;34.800518196491716
2023;Zch_Rosengartenstrasse;NOx;gemessen;2015;Stickoxide | Stickstoffdioxid;Jahresmittel;Immission;32.395533363442304
2024;Zch_Rosengartenstrasse;NOx;gemessen;2015;Stickoxide | Stickstoffdioxid;Jahresmittel;Immission;29.577789244285714
2025;Zch_Rosengartenstrasse;NOx;gemessen;2015;Stickoxide | Stickstoffdioxid;Jahresmittel;Immission;29.353327025978082
2013;Zch_Rosengartenstrasse;NOx;Trend;2015;Stickoxide | Stickstoffdioxid;Jahresmittel;Immission;NA
2014;Zch_Rosengartenstrasse;NOx;Trend;2015;Stickoxide | Stickstoffdioxid;Jahresmittel;Immission;58.10692140417779
2015;Zch_Rosengartenstrasse;NOx;Trend;2015;Stickoxide | Stickstoffdioxid;Jahresmittel;Immission;56.76380986689524
2016;Zch_Rosengartenstrasse;NOx;Trend;2015;Stickoxide | Stickstoffdioxid;Jahresmittel;Immission;55.8156365820242
2017;Zch_Rosengartenstrasse;NOx;Trend;2015;Stickoxide | Stickstoffdioxid;Jahresmittel;Immission;54.941877970090644
2018;Zch_Rosengartenstrasse;NOx;Trend;2015;Stickoxide | Stickstoffdioxid;Jahresmittel;Immission;54.2641895079893
2019;Zch_Rosengartenstrasse;NOx;Trend;2015;Stickoxide | Stickstoffdioxid;Jahresmittel;Immission;53.26393656700865
2020;Zch_Rosengartenstrasse;NOx;Trend;2015;Stickoxide | Stickstoffdioxid;Jahresmittel;Immission;41.19665927237733
2021;Zch_Rosengartenstrasse;NOx;Trend;2015;Stickoxide | Stickstoffdioxid;Jahresmittel;Immission;37.959258967268504
2022;Zch_Rosengartenstrasse;NOx;Trend;2015;Stickoxide | Stickstoffdioxid;Jahresmittel;Immission;35.90805535464019
2023;Zch_Rosengartenstrasse;NOx;Trend;2015;Stickoxide | Stickstoffdioxid;Jahresmittel;Immission;34.132502406834874
2024;Zch_Rosengartenstrasse;NOx;Trend;2015;Stickoxide | Stickstoffdioxid;Jahresmittel;Immission;32.28612564639414
2025;Zch_Rosengartenstrasse;NOx;Trend;2015;Stickoxide | Stickstoffdioxid;Jahresmittel;Immission;31.542820262616495
1990;Zch_Schimmelstrasse;NOx;gemessen;2015;Stickoxide | Stickstoffdioxid;Jahresmittel;Immission;116.38808686086054
1991;Zch_Schimmelstrasse;NOx;gemessen;2015;Stickoxide | Stickstoffdioxid;Jahresmittel;Immission;125.08496775524927
1992;Zch_Schimmelstrasse;NOx;gemessen;2015;Stickoxide | Stickstoffdioxid;Jahresmittel;Immission;111.56760094227405
1993;Zch_Schimmelstrasse;NOx;gemessen;2015;Stickoxide | Stickstoffdioxid;Jahresmittel;Immission;104.5603442992068
1994;Zch_Schimmelstrasse;NOx;gemessen;2015;Stickoxide | Stickstoffdioxid;Jahresmittel;Immission;96.13442505889807
1995;Zch_Schimmelstrasse;NOx;gemessen;2015;Stickoxide | Stickstoffdioxid;Jahresmittel;Immission;92.34296128779006
1996;Zch_Schimmelstrasse;NOx;gemessen;2015;Stickoxide | Stickstoffdioxid;Jahresmittel;Immission;88.3739508584573
1997;Zch_Schimmelstrasse;NOx;gemessen;2015;Stickoxide | Stickstoffdioxid;Jahresmittel;Immission;90.81271399792244
1998;Zch_Schimmelstrasse;NOx;gemessen;2015;Stickoxide | Stickstoffdioxid;Jahresmittel;Immission;85.72383665242253
1999;Zch_Schimmelstrasse;NOx;gemessen;2015;Stickoxide | Stickstoffdioxid;Jahresmittel;Immission;81.35912045767124
2000;Zch_Schimmelstrasse;NOx;gemessen;2015;Stickoxide | Stickstoffdioxid;Jahresmittel;Immission;94.30361282266476
2001;Zch_Schimmelstrasse;NOx;gemessen;2015;Stickoxide | Stickstoffdioxid;Jahresmittel;Immission;71.52864603794444
2002;Zch_Schimmelstrasse;NOx;gemessen;2015;Stickoxide | Stickstoffdioxid;Jahresmittel;Immission;65.92846721407821
2003;Zch_Schimmelstrasse;NOx;gemessen;2015;Stickoxide | Stickstoffdioxid;Jahresmittel;Immission;NA
2004;Zch_Schimmelstrasse;NOx;gemessen;2015;Stickoxide | Stickstoffdioxid;Jahresmittel;Immission;67.21859519358543
2005;Zch_Schimmelstrasse;NOx;gemessen;2015;Stickoxide | Stickstoffdioxid;Jahresmittel;Immission;NA
2006;Zch_Schimmelstrasse;NOx;gemessen;2015;Stickoxide | Stickstoffdioxid;Jahresmittel;Immission;66.83801590358543
2007;Zch_Schimmelstrasse;NOx;gemessen;2015;Stickoxide | Stickstoffdioxid;Jahresmittel;Immission;NA
2008;Zch_Schimmelstrasse;NOx;gemessen;2015;Stickoxide | Stickstoffdioxid;Jahresmittel;Immission;63.79854227504202
2009;Zch_Schimmelstrasse;NOx;gemessen;2015;Stickoxide | Stickstoffdioxid;Jahresmittel;Immission;NA
2010;Zch_Schimmelstrasse;NOx;gemessen;2015;Stickoxide | Stickstoffdioxid;Jahresmittel;Immission;46.06044407935635
2011;Zch_Schimmelstrasse;NOx;gemessen;2015;Stickoxide | Stickstoffdioxid;Jahresmittel;Immission;54.12252103758904
2012;Zch_Schimmelstrasse;NOx;gemessen;2015;Stickoxide | Stickstoffdioxid;Jahresmittel;Immission;48.430190180008196
2013;Zch_Schimmelstrasse;NOx;gemessen;2015;Stickoxide | Stickstoffdioxid;Jahresmittel;Immission;51.9384195104011
2014;Zch_Schimmelstrasse;NOx;gemessen;2015;Stickoxide | Stickstoffdioxid;Jahresmittel;Immission;49.263302270714284
2015;Zch_Schimmelstrasse;NOx;gemessen;2015;Stickoxide | Stickstoffdioxid;Jahresmittel;Immission;50.919196685862744
2016;Zch_Schimmelstrasse;NOx;gemessen;2015;Stickoxide | Stickstoffdioxid;Jahresmittel;Immission;48.56939561051912
2017;Zch_Schimmelstrasse;NOx;gemessen;2015;Stickoxide | Stickstoffdioxid;Jahresmittel;Immission;43.13402556971233
2018;Zch_Schimmelstrasse;NOx;gemessen;2015;Stickoxide | Stickstoffdioxid;Jahresmittel;Immission;40.23503205752909
2019;Zch_Schimmelstrasse;NOx;gemessen;2015;Stickoxide | Stickstoffdioxid;Jahresmittel;Immission;37.26428997915703
2020;Zch_Schimmelstrasse;NOx;gemessen;2015;Stickoxide | Stickstoffdioxid;Jahresmittel;Immission;30.906092351144068
2021;Zch_Schimmelstrasse;NOx;gemessen;2015;Stickoxide | Stickstoffdioxid;Jahresmittel;Immission;29.7947955020831
2022;Zch_Schimmelstrasse;NOx;gemessen;2015;Stickoxide | Stickstoffdioxid;Jahresmittel;Immission;29.241360145252056
2023;Zch_Schimmelstrasse;NOx;gemessen;2015;Stickoxide | Stickstoffdioxid;Jahresmittel;Immission;23.095833791725212
2024;Zch_Schimmelstrasse;NOx;gemessen;2015;Stickoxide | Stickstoffdioxid;Jahresmittel;Immission;23.459723925042614
2025;Zch_Schimmelstrasse;NOx;gemessen;2015;Stickoxide | Stickstoffdioxid;Jahresmittel;Immission;23.7729459926
1990;Zch_Schimmelstrasse;NOx;Trend;2015;Stickoxide | Stickstoffdioxid;Jahresmittel;Immission;113.18094019226471
1991;Zch_Schimmelstrasse;NOx;Trend;2015;Stickoxide | Stickstoffdioxid;Jahresmittel;Immission;112.0032364269856
1992;Zch_Schimmelstrasse;NOx;Trend;2015;Stickoxide | Stickstoffdioxid;Jahresmittel;Immission;106.8673889366094
1993;Zch_Schimmelstrasse;NOx;Trend;2015;Stickoxide | Stickstoffdioxid;Jahresmittel;Immission;103.14096810894713
1994;Zch_Schimmelstrasse;NOx;Trend;2015;Stickoxide | Stickstoffdioxid;Jahresmittel;Immission;99.59707590790443
1995;Zch_Schimmelstrasse;NOx;Trend;2015;Stickoxide | Stickstoffdioxid;Jahresmittel;Immission;95.51512349928393
1996;Zch_Schimmelstrasse;NOx;Trend;2015;Stickoxide | Stickstoffdioxid;Jahresmittel;Immission;92.28463480297088
1997;Zch_Schimmelstrasse;NOx;Trend;2015;Stickoxide | Stickstoffdioxid;Jahresmittel;Immission;90.54781353410597
1998;Zch_Schimmelstrasse;NOx;Trend;2015;Stickoxide | Stickstoffdioxid;Jahresmittel;Immission;88.69918205605079
1999;Zch_Schimmelstrasse;NOx;Trend;2015;Stickoxide | Stickstoffdioxid;Jahresmittel;Immission;87.25338213281312
2000;Zch_Schimmelstrasse;NOx;Trend;2015;Stickoxide | Stickstoffdioxid;Jahresmittel;Immission;89.87625676598664
2001;Zch_Schimmelstrasse;NOx;Trend;2015;Stickoxide | Stickstoffdioxid;Jahresmittel;Immission;75.92466875128882
2002;Zch_Schimmelstrasse;NOx;Trend;2015;Stickoxide | Stickstoffdioxid;Jahresmittel;Immission;69.39853809715717
2003;Zch_Schimmelstrasse;NOx;Trend;2015;Stickoxide | Stickstoffdioxid;Jahresmittel;Immission;NA
2004;Zch_Schimmelstrasse;NOx;Trend;2015;Stickoxide | Stickstoffdioxid;Jahresmittel;Immission;66.25427586097221
2005;Zch_Schimmelstrasse;NOx;Trend;2015;Stickoxide | Stickstoffdioxid;Jahresmittel;Immission;NA
2006;Zch_Schimmelstrasse;NOx;Trend;2015;Stickoxide | Stickstoffdioxid;Jahresmittel;Immission;63.61932576742378
2007;Zch_Schimmelstrasse;NOx;Trend;2015;Stickoxide | Stickstoffdioxid;Jahresmittel;Immission;NA
2008;Zch_Schimmelstrasse;NOx;Trend;2015;Stickoxide | Stickstoffdioxid;Jahresmittel;Immission;59.414424691349105
2009;Zch_Schimmelstrasse;NOx;Trend;2015;Stickoxide | Stickstoffdioxid;Jahresmittel;Immission;NA
2010;Zch_Schimmelstrasse;NOx;Trend;2015;Stickoxide | Stickstoffdioxid;Jahresmittel;Immission;50.41122979522066
2011;Zch_Schimmelstrasse;NOx;Trend;2015;Stickoxide | Stickstoffdioxid;Jahresmittel;Immission;49.693675055125034
2012;Zch_Schimmelstrasse;NOx;Trend;2015;Stickoxide | Stickstoffdioxid;Jahresmittel;Immission;48.850794637069214
2013;Zch_Schimmelstrasse;NOx;Trend;2015;Stickoxide | Stickstoffdioxid;Jahresmittel;Immission;48.58487131852702
2014;Zch_Schimmelstrasse;NOx;Trend;2015;Stickoxide | Stickstoffdioxid;Jahresmittel;Immission;48.26767570733498
2015;Zch_Schimmelstrasse;NOx;Trend;2015;Stickoxide | Stickstoffdioxid;Jahresmittel;Immission;47.84168202533261
2016;Zch_Schimmelstrasse;NOx;Trend;2015;Stickoxide | Stickstoffdioxid;Jahresmittel;Immission;47.35852315738151
2017;Zch_Schimmelstrasse;NOx;Trend;2015;Stickoxide | Stickstoffdioxid;Jahresmittel;Immission;45.17988016406728
2018;Zch_Schimmelstrasse;NOx;Trend;2015;Stickoxide | Stickstoffdioxid;Jahresmittel;Immission;42.82021989521818
2019;Zch_Schimmelstrasse;NOx;Trend;2015;Stickoxide | Stickstoffdioxid;Jahresmittel;Immission;39.18272084358199
2020;Zch_Schimmelstrasse;NOx;Trend;2015;Stickoxide | Stickstoffdioxid;Jahresmittel;Immission;34.28585830954055
2021;Zch_Schimmelstrasse;NOx;Trend;2015;Stickoxide | Stickstoffdioxid;Jahresmittel;Immission;32.60014290046929
2022;Zch_Schimmelstrasse;NOx;Trend;2015;Stickoxide | Stickstoffdioxid;Jahresmittel;Immission;31.572776312737858
2023;Zch_Schimmelstrasse;NOx;Trend;2015;Stickoxide | Stickstoffdioxid;Jahresmittel;Immission;30.13900223460268
2024;Zch_Schimmelstrasse;NOx;Trend;2015;Stickoxide | Stickstoffdioxid;Jahresmittel;Immission;29.385383028804096
2025;Zch_Schimmelstrasse;NOx;Trend;2015;Stickoxide | Stickstoffdioxid;Jahresmittel;Immission;28.947337142637803
2003;Zch_Schwamendingen;NOx;gemessen;2015;Stickoxide | Stickstoffdioxid;Jahresmittel;Immission;70.99019453711864
2004;Zch_Schwamendingen;NOx;gemessen;2015;Stickoxide | Stickstoffdioxid;Jahresmittel;Immission;NA
2005;Zch_Schwamendingen;NOx;gemessen;2015;Stickoxide | Stickstoffdioxid;Jahresmittel;Immission;64.91386152854749
2006;Zch_Schwamendingen;NOx;gemessen;2015;Stickoxide | Stickstoffdioxid;Jahresmittel;Immission;NA
2007;Zch_Schwamendingen;NOx;gemessen;2015;Stickoxide | Stickstoffdioxid;Jahresmittel;Immission;62.00752034689751
2008;Zch_Schwamendingen;NOx;gemessen;2015;Stickoxide | Stickstoffdioxid;Jahresmittel;Immission;NA
2009;Zch_Schwamendingen;NOx;gemessen;2015;Stickoxide | Stickstoffdioxid;Jahresmittel;Immission;59.018728725882355
2010;Zch_Schwamendingen;NOx;gemessen;2015;Stickoxide | Stickstoffdioxid;Jahresmittel;Immission;NA
2015;Zch_Schwamendingen;NOx;gemessen;2015;Stickoxide | Stickstoffdioxid;Jahresmittel;Immission;54.8698246060452
2016;Zch_Schwamendingen;NOx;gemessen;2015;Stickoxide | Stickstoffdioxid;Jahresmittel;Immission;NA
2003;Zch_Schwamendingen;NOx;Trend;2015;Stickoxide | Stickstoffdioxid;Jahresmittel;Immission;68.55948988749857
2004;Zch_Schwamendingen;NOx;Trend;2015;Stickoxide | Stickstoffdioxid;Jahresmittel;Immission;NA
2005;Zch_Schwamendingen;NOx;Trend;2015;Stickoxide | Stickstoffdioxid;Jahresmittel;Immission;64.37706420864878
2006;Zch_Schwamendingen;NOx;Trend;2015;Stickoxide | Stickstoffdioxid;Jahresmittel;Immission;NA
2007;Zch_Schwamendingen;NOx;Trend;2015;Stickoxide | Stickstoffdioxid;Jahresmittel;Immission;62.449694900064024
2008;Zch_Schwamendingen;NOx;Trend;2015;Stickoxide | Stickstoffdioxid;Jahresmittel;Immission;NA
2009;Zch_Schwamendingen;NOx;Trend;2015;Stickoxide | Stickstoffdioxid;Jahresmittel;Immission;59.3870890057798
2010;Zch_Schwamendingen;NOx;Trend;2015;Stickoxide | Stickstoffdioxid;Jahresmittel;Immission;NA
2015;Zch_Schwamendingen;NOx;Trend;2015;Stickoxide | Stickstoffdioxid;Jahresmittel;Immission;57.16429910512306
2016;Zch_Schwamendingen;NOx;Trend;2015;Stickoxide | Stickstoffdioxid;Jahresmittel;Immission;NA
1990;Zch_Stampfenbachstrasse;NOx;gemessen;2015;Stickoxide | Stickstoffdioxid;Jahresmittel;Immission;82.34585286833334
1991;Zch_Stampfenbachstrasse;NOx;gemessen;2015;Stickoxide | Stickstoffdioxid;Jahresmittel;Immission;74.22383292509804
1992;Zch_Stampfenbachstrasse;NOx;gemessen;2015;Stickoxide | Stickstoffdioxid;Jahresmittel;Immission;71.54657055137884
1993;Zch_Stampfenbachstrasse;NOx;gemessen;2015;Stickoxide | Stickstoffdioxid;Jahresmittel;Immission;62.56094743845304
1994;Zch_Stampfenbachstrasse;NOx;gemessen;2015;Stickoxide | Stickstoffdioxid;Jahresmittel;Immission;56.13174173687671
1995;Zch_Stampfenbachstrasse;NOx;gemessen;2015;Stickoxide | Stickstoffdioxid;Jahresmittel;Immission;54.3917406416741
1996;Zch_Stampfenbachstrasse;NOx;gemessen;2015;Stickoxide | Stickstoffdioxid;Jahresmittel;Immission;53.80210198911233
1997;Zch_Stampfenbachstrasse;NOx;gemessen;2015;Stickoxide | Stickstoffdioxid;Jahresmittel;Immission;53.50411604050281
1998;Zch_Stampfenbachstrasse;NOx;gemessen;2015;Stickoxide | Stickstoffdioxid;Jahresmittel;Immission;49.46406070548493
1999;Zch_Stampfenbachstrasse;NOx;gemessen;2015;Stickoxide | Stickstoffdioxid;Jahresmittel;Immission;48.79106208847383
2000;Zch_Stampfenbachstrasse;NOx;gemessen;2015;Stickoxide | Stickstoffdioxid;Jahresmittel;Immission;44.64655798265374
2001;Zch_Stampfenbachstrasse;NOx;gemessen;2015;Stickoxide | Stickstoffdioxid;Jahresmittel;Immission;41.178512635925415
2002;Zch_Stampfenbachstrasse;NOx;gemessen;2015;Stickoxide | Stickstoffdioxid;Jahresmittel;Immission;39.66237443858517
2003;Zch_Stampfenbachstrasse;NOx;gemessen;2015;Stickoxide | Stickstoffdioxid;Jahresmittel;Immission;46.08878824885511
2004;Zch_Stampfenbachstrasse;NOx;gemessen;2015;Stickoxide | Stickstoffdioxid;Jahresmittel;Immission;40.372401118124294
2005;Zch_Stampfenbachstrasse;NOx;gemessen;2015;Stickoxide | Stickstoffdioxid;Jahresmittel;Immission;36.463804465043836
2006;Zch_Stampfenbachstrasse;NOx;gemessen;2015;Stickoxide | Stickstoffdioxid;Jahresmittel;Immission;37.83048137819178
2007;Zch_Stampfenbachstrasse;NOx;gemessen;2015;Stickoxide | Stickstoffdioxid;Jahresmittel;Immission;32.57680357493699
2008;Zch_Stampfenbachstrasse;NOx;gemessen;2015;Stickoxide | Stickstoffdioxid;Jahresmittel;Immission;34.78643740227933
2009;Zch_Stampfenbachstrasse;NOx;gemessen;2015;Stickoxide | Stickstoffdioxid;Jahresmittel;Immission;35.459881703602775
2010;Zch_Stampfenbachstrasse;NOx;gemessen;2015;Stickoxide | Stickstoffdioxid;Jahresmittel;Immission;33.91154368609066
2011;Zch_Stampfenbachstrasse;NOx;gemessen;2015;Stickoxide | Stickstoffdioxid;Jahresmittel;Immission;36.15954470043454
2012;Zch_Stampfenbachstrasse;NOx;gemessen;2015;Stickoxide | Stickstoffdioxid;Jahresmittel;Immission;33.11237960015028
2013;Zch_Stampfenbachstrasse;NOx;gemessen;2015;Stickoxide | Stickstoffdioxid;Jahresmittel;Immission;34.34916964516438
2014;Zch_Stampfenbachstrasse;NOx;gemessen;2015;Stickoxide | Stickstoffdioxid;Jahresmittel;Immission;32.9568347922137
2015;Zch_Stampfenbachstrasse;NOx;gemessen;2015;Stickoxide | Stickstoffdioxid;Jahresmittel;Immission;34.19528308565206
2016;Zch_Stampfenbachstrasse;NOx;gemessen;2015;Stickoxide | Stickstoffdioxid;Jahresmittel;Immission;31.70211777909315
2017;Zch_Stampfenbachstrasse;NOx;gemessen;2015;Stickoxide | Stickstoffdioxid;Jahresmittel;Immission;27.324426661147946
2018;Zch_Stampfenbachstrasse;NOx;gemessen;2015;Stickoxide | Stickstoffdioxid;Jahresmittel;Immission;25.332941796505494
2019;Zch_Stampfenbachstrasse;NOx;gemessen;2015;Stickoxide | Stickstoffdioxid;Jahresmittel;Immission;23.10828992367671
2020;Zch_Stampfenbachstrasse;NOx;gemessen;2015;Stickoxide | Stickstoffdioxid;Jahresmittel;Immission;20.27195270763014
2021;Zch_Stampfenbachstrasse;NOx;gemessen;2015;Stickoxide | Stickstoffdioxid;Jahresmittel;Immission;18.77940398470685
2022;Zch_Stampfenbachstrasse;NOx;gemessen;2015;Stickoxide | Stickstoffdioxid;Jahresmittel;Immission;18.00718871851781
2023;Zch_Stampfenbachstrasse;NOx;gemessen;2015;Stickoxide | Stickstoffdioxid;Jahresmittel;Immission;15.190164889443835
2024;Zch_Stampfenbachstrasse;NOx;gemessen;2015;Stickoxide | Stickstoffdioxid;Jahresmittel;Immission;14.809563328662088
2025;Zch_Stampfenbachstrasse;NOx;gemessen;2015;Stickoxide | Stickstoffdioxid;Jahresmittel;Immission;15.339228465022346
1990;Zch_Stampfenbachstrasse;NOx;Trend;2015;Stickoxide | Stickstoffdioxid;Jahresmittel;Immission;75.84541618360545
1991;Zch_Stampfenbachstrasse;NOx;Trend;2015;Stickoxide | Stickstoffdioxid;Jahresmittel;Immission;70.7535700776863
1992;Zch_Stampfenbachstrasse;NOx;Trend;2015;Stickoxide | Stickstoffdioxid;Jahresmittel;Immission;67.83277010925998
1993;Zch_Stampfenbachstrasse;NOx;Trend;2015;Stickoxide | Stickstoffdioxid;Jahresmittel;Immission;61.97430683170936
1994;Zch_Stampfenbachstrasse;NOx;Trend;2015;Stickoxide | Stickstoffdioxid;Jahresmittel;Immission;58.715193346347604
1995;Zch_Stampfenbachstrasse;NOx;Trend;2015;Stickoxide | Stickstoffdioxid;Jahresmittel;Immission;56.87593916338877
1996;Zch_Stampfenbachstrasse;NOx;Trend;2015;Stickoxide | Stickstoffdioxid;Jahresmittel;Immission;54.849225692036036
1997;Zch_Stampfenbachstrasse;NOx;Trend;2015;Stickoxide | Stickstoffdioxid;Jahresmittel;Immission;53.61154173175075
1998;Zch_Stampfenbachstrasse;NOx;Trend;2015;Stickoxide | Stickstoffdioxid;Jahresmittel;Immission;51.2415472246109
1999;Zch_Stampfenbachstrasse;NOx;Trend;2015;Stickoxide | Stickstoffdioxid;Jahresmittel;Immission;49.74862702247397
2000;Zch_Stampfenbachstrasse;NOx;Trend;2015;Stickoxide | Stickstoffdioxid;Jahresmittel;Immission;48.44152745691904
2001;Zch_Stampfenbachstrasse;NOx;Trend;2015;Stickoxide | Stickstoffdioxid;Jahresmittel;Immission;44.95648973183476
2002;Zch_Stampfenbachstrasse;NOx;Trend;2015;Stickoxide | Stickstoffdioxid;Jahresmittel;Immission;43.06131469982312
2003;Zch_Stampfenbachstrasse;NOx;Trend;2015;Stickoxide | Stickstoffdioxid;Jahresmittel;Immission;42.48926348611057
2004;Zch_Stampfenbachstrasse;NOx;Trend;2015;Stickoxide | Stickstoffdioxid;Jahresmittel;Immission;40.21349370164064
2005;Zch_Stampfenbachstrasse;NOx;Trend;2015;Stickoxide | Stickstoffdioxid;Jahresmittel;Immission;36.80839476558659
2006;Zch_Stampfenbachstrasse;NOx;Trend;2015;Stickoxide | Stickstoffdioxid;Jahresmittel;Immission;35.47891841098035
2007;Zch_Stampfenbachstrasse;NOx;Trend;2015;Stickoxide | Stickstoffdioxid;Jahresmittel;Immission;34.70392689144521
2008;Zch_Stampfenbachstrasse;NOx;Trend;2015;Stickoxide | Stickstoffdioxid;Jahresmittel;Immission;34.38126975145516
2009;Zch_Stampfenbachstrasse;NOx;Trend;2015;Stickoxide | Stickstoffdioxid;Jahresmittel;Immission;34.03986954594235
2010;Zch_Stampfenbachstrasse;NOx;Trend;2015;Stickoxide | Stickstoffdioxid;Jahresmittel;Immission;33.590056090743026
2011;Zch_Stampfenbachstrasse;NOx;Trend;2015;Stickoxide | Stickstoffdioxid;Jahresmittel;Immission;33.41043678265416
2012;Zch_Stampfenbachstrasse;NOx;Trend;2015;Stickoxide | Stickstoffdioxid;Jahresmittel;Immission;33.184728004690854
2013;Zch_Stampfenbachstrasse;NOx;Trend;2015;Stickoxide | Stickstoffdioxid;Jahresmittel;Immission;32.93885957532055
2014;Zch_Stampfenbachstrasse;NOx;Trend;2015;Stickoxide | Stickstoffdioxid;Jahresmittel;Immission;32.695649764078155
2015;Zch_Stampfenbachstrasse;NOx;Trend;2015;Stickoxide | Stickstoffdioxid;Jahresmittel;Immission;32.210544587599905
2016;Zch_Stampfenbachstrasse;NOx;Trend;2015;Stickoxide | Stickstoffdioxid;Jahresmittel;Immission;31.750325709180856
2017;Zch_Stampfenbachstrasse;NOx;Trend;2015;Stickoxide | Stickstoffdioxid;Jahresmittel;Immission;29.233684399817797
2018;Zch_Stampfenbachstrasse;NOx;Trend;2015;Stickoxide | Stickstoffdioxid;Jahresmittel;Immission;26.96770111117209
2019;Zch_Stampfenbachstrasse;NOx;Trend;2015;Stickoxide | Stickstoffdioxid;Jahresmittel;Immission;24.448188008957434
2020;Zch_Stampfenbachstrasse;NOx;Trend;2015;Stickoxide | Stickstoffdioxid;Jahresmittel;Immission;21.86987723227258
2021;Zch_Stampfenbachstrasse;NOx;Trend;2015;Stickoxide | Stickstoffdioxid;Jahresmittel;Immission;20.66733389630492
2022;Zch_Stampfenbachstrasse;NOx;Trend;2015;Stickoxide | Stickstoffdioxid;Jahresmittel;Immission;20.027673010287337
2023;Zch_Stampfenbachstrasse;NOx;Trend;2015;Stickoxide | Stickstoffdioxid;Jahresmittel;Immission;19.371635922627526
2024;Zch_Stampfenbachstrasse;NOx;Trend;2015;Stickoxide | Stickstoffdioxid;Jahresmittel;Immission;18.871124444822296
2025;Zch_Stampfenbachstrasse;NOx;Trend;2015;Stickoxide | Stickstoffdioxid;Jahresmittel;Immission;18.64134672702179
2000;Zürich-Kaserne;NOx;gemessen;2015;Stickoxide | Stickstoffdioxid;Jahresmittel;Immission;62.533701657458565
2001;Zürich-Kaserne;NOx;gemessen;2015;Stickoxide | Stickstoffdioxid;Jahresmittel;Immission;58.73030303030303
2002;Zürich-Kaserne;NOx;gemessen;2015;Stickoxide | Stickstoffdioxid;Jahresmittel;Immission;55.26308539944903
2003;Zürich-Kaserne;NOx;gemessen;2015;Stickoxide | Stickstoffdioxid;Jahresmittel;Immission;67.29944903581267
2004;Zürich-Kaserne;NOx;gemessen;2015;Stickoxide | Stickstoffdioxid;Jahresmittel;Immission;53.41160220994475
2005;Zürich-Kaserne;NOx;gemessen;2015;Stickoxide | Stickstoffdioxid;Jahresmittel;Immission;55.52575342465754
2006;Zürich-Kaserne;NOx;gemessen;2015;Stickoxide | Stickstoffdioxid;Jahresmittel;Immission;60.13095890410959
2007;Zürich-Kaserne;NOx;gemessen;2015;Stickoxide | Stickstoffdioxid;Jahresmittel;Immission;51.378787878787875
2008;Zürich-Kaserne;NOx;gemessen;2015;Stickoxide | Stickstoffdioxid;Jahresmittel;Immission;51.864657534246575
2009;Zürich-Kaserne;NOx;gemessen;2015;Stickoxide | Stickstoffdioxid;Jahresmittel;Immission;50.10328767123288
2010;Zürich-Kaserne;NOx;gemessen;2015;Stickoxide | Stickstoffdioxid;Jahresmittel;Immission;47.95922865013774
2011;Zürich-Kaserne;NOx;gemessen;2015;Stickoxide | Stickstoffdioxid;Jahresmittel;Immission;51.55835616438356
2012;Zürich-Kaserne;NOx;gemessen;2015;Stickoxide | Stickstoffdioxid;Jahresmittel;Immission;46.19016393442623
2013;Zürich-Kaserne;NOx;gemessen;2015;Stickoxide | Stickstoffdioxid;Jahresmittel;Immission;49.049863013698634
2014;Zürich-Kaserne;NOx;gemessen;2015;Stickoxide | Stickstoffdioxid;Jahresmittel;Immission;44.97068493150685
2015;Zürich-Kaserne;NOx;gemessen;2015;Stickoxide | Stickstoffdioxid;Jahresmittel;Immission;48.35702479338843
2016;Zürich-Kaserne;NOx;gemessen;2015;Stickoxide | Stickstoffdioxid;Jahresmittel;Immission;44.08164383561644
2017;Zürich-Kaserne;NOx;gemessen;2015;Stickoxide | Stickstoffdioxid;Jahresmittel;Immission;38.648189415041784
2018;Zürich-Kaserne;NOx;gemessen;2015;Stickoxide | Stickstoffdioxid;Jahresmittel;Immission;35.408767123287674
2019;Zürich-Kaserne;NOx;gemessen;2015;Stickoxide | Stickstoffdioxid;Jahresmittel;Immission;33.36961325966851
2020;Zürich-Kaserne;NOx;gemessen;2015;Stickoxide | Stickstoffdioxid;Jahresmittel;Immission;29.51120218579235
2021;Zürich-Kaserne;NOx;gemessen;2015;Stickoxide | Stickstoffdioxid;Jahresmittel;Immission;27.969421487603306
2022;Zürich-Kaserne;NOx;gemessen;2015;Stickoxide | Stickstoffdioxid;Jahresmittel;Immission;27.350415512465375
2023;Zürich-Kaserne;NOx;gemessen;2015;Stickoxide | Stickstoffdioxid;Jahresmittel;Immission;22.30767123287671
2024;Zürich-Kaserne;NOx;gemessen;2015;Stickoxide | Stickstoffdioxid;Jahresmittel;Immission;22.17225274725275
2025;Zürich-Kaserne;NOx;gemessen;2015;Stickoxide | Stickstoffdioxid;Jahresmittel;Immission;25.615109890109892
2000;Zürich-Kaserne;NOx;Trend;2015;Stickoxide | Stickstoffdioxid;Jahresmittel;Immission;62.103790132187434
2001;Zürich-Kaserne;NOx;Trend;2015;Stickoxide | Stickstoffdioxid;Jahresmittel;Immission;60.42596282399755
2002;Zürich-Kaserne;NOx;Trend;2015;Stickoxide | Stickstoffdioxid;Jahresmittel;Immission;58.78583290082645
2003;Zürich-Kaserne;NOx;Trend;2015;Stickoxide | Stickstoffdioxid;Jahresmittel;Immission;58.25909422339557
2004;Zürich-Kaserne;NOx;Trend;2015;Stickoxide | Stickstoffdioxid;Jahresmittel;Immission;56.105476603949256
2005;Zürich-Kaserne;NOx;Trend;2015;Stickoxide | Stickstoffdioxid;Jahresmittel;Immission;54.39441597508879
2006;Zürich-Kaserne;NOx;Trend;2015;Stickoxide | Stickstoffdioxid;Jahresmittel;Immission;53.659548403145614
2007;Zürich-Kaserne;NOx;Trend;2015;Stickoxide | Stickstoffdioxid;Jahresmittel;Immission;52.42461784047546
2008;Zürich-Kaserne;NOx;Trend;2015;Stickoxide | Stickstoffdioxid;Jahresmittel;Immission;51.294110790867585
2009;Zürich-Kaserne;NOx;Trend;2015;Stickoxide | Stickstoffdioxid;Jahresmittel;Immission;50.1880042210553
2010;Zürich-Kaserne;NOx;Trend;2015;Stickoxide | Stickstoffdioxid;Jahresmittel;Immission;49.48060166176921
2011;Zürich-Kaserne;NOx;Trend;2015;Stickoxide | Stickstoffdioxid;Jahresmittel;Immission;48.55906541643836
2012;Zürich-Kaserne;NOx;Trend;2015;Stickoxide | Stickstoffdioxid;Jahresmittel;Immission;48.09142135827768
2013;Zürich-Kaserne;NOx;Trend;2015;Stickoxide | Stickstoffdioxid;Jahresmittel;Immission;47.351847303348556
2014;Zürich-Kaserne;NOx;Trend;2015;Stickoxide | Stickstoffdioxid;Jahresmittel;Immission;46.91674961653983
2015;Zürich-Kaserne;NOx;Trend;2015;Stickoxide | Stickstoffdioxid;Jahresmittel;Immission;45.87846726481992
2016;Zürich-Kaserne;NOx;Trend;2015;Stickoxide | Stickstoffdioxid;Jahresmittel;Immission;44.836505339523086
2017;Zürich-Kaserne;NOx;Trend;2015;Stickoxide | Stickstoffdioxid;Jahresmittel;Immission;40.33329067099969
2018;Zürich-Kaserne;NOx;Trend;2015;Stickoxide | Stickstoffdioxid;Jahresmittel;Immission;37.56655448173516
2019;Zürich-Kaserne;NOx;Trend;2015;Stickoxide | Stickstoffdioxid;Jahresmittel;Immission;35.029634517546555
2020;Zürich-Kaserne;NOx;Trend;2015;Stickoxide | Stickstoffdioxid;Jahresmittel;Immission;31.494344275096136
2021;Zürich-Kaserne;NOx;Trend;2015;Stickoxide | Stickstoffdioxid;Jahresmittel;Immission;29.94385539781655
2022;Zürich-Kaserne;NOx;Trend;2015;Stickoxide | Stickstoffdioxid;Jahresmittel;Immission;29.16552354709141
2023;Zürich-Kaserne;NOx;Trend;2015;Stickoxide | Stickstoffdioxid;Jahresmittel;Immission;28.28814219812278
2024;Zürich-Kaserne;NOx;Trend;2015;Stickoxide | Stickstoffdioxid;Jahresmittel;Immission;27.99728036624949
2025;Zürich-Kaserne;NOx;Trend;2015;Stickoxide | Stickstoffdioxid;Jahresmittel;Immission;28.14383457091982
2000;Dübendorf-EMPA;eBC;gemessen;2020;Russ im Feinstaub;Jahresmittel;Immission;NA
2001;Dübendorf-EMPA;eBC;gemessen;2020;Russ im Feinstaub;Jahresmittel;Immission;NA
2002;Dübendorf-EMPA;eBC;gemessen;2020;Russ im Feinstaub;Jahresmittel;Immission;NA
2003;Dübendorf-EMPA;eBC;gemessen;2020;Russ im Feinstaub;Jahresmittel;Immission;NA
2004;Dübendorf-EMPA;eBC;gemessen;2020;Russ im Feinstaub;Jahresmittel;Immission;NA
2005;Dübendorf-EMPA;eBC;gemessen;2020;Russ im Feinstaub;Jahresmittel;Immission;NA
2006;Dübendorf-EMPA;eBC;gemessen;2020;Russ im Feinstaub;Jahresmittel;Immission;NA
2007;Dübendorf-EMPA;eBC;gemessen;2020;Russ im Feinstaub;Jahresmittel;Immission;NA
2008;Dübendorf-EMPA;eBC;gemessen;2020;Russ im Feinstaub;Jahresmittel;Immission;NA
2009;Dübendorf-EMPA;eBC;gemessen;2020;Russ im Feinstaub;Jahresmittel;Immission;NA
2010;Dübendorf-EMPA;eBC;gemessen;2020;Russ im Feinstaub;Jahresmittel;Immission;NA
2011;Dübendorf-EMPA;eBC;gemessen;2020;Russ im Feinstaub;Jahresmittel;Immission;1.0610027855153203
2012;Dübendorf-EMPA;eBC;gemessen;2020;Russ im Feinstaub;Jahresmittel;Immission;0.8805479452054794
2013;Dübendorf-EMPA;eBC;gemessen;2020;Russ im Feinstaub;Jahresmittel;Immission;0.8402203856749312
2014;Dübendorf-EMPA;eBC;gemessen;2020;Russ im Feinstaub;Jahresmittel;Immission;0.756
2015;Dübendorf-EMPA;eBC;gemessen;2020;Russ im Feinstaub;Jahresmittel;Immission;0.7614958448753463
2016;Dübendorf-EMPA;eBC;gemessen;2020;Russ im Feinstaub;Jahresmittel;Immission;0.6756830601092896
2017;Dübendorf-EMPA;eBC;gemessen;2020;Russ im Feinstaub;Jahresmittel;Immission;0.5862637362637363
2018;Dübendorf-EMPA;eBC;gemessen;2020;Russ im Feinstaub;Jahresmittel;Immission;0.5695530726256983
2019;Dübendorf-EMPA;eBC;gemessen;2020;Russ im Feinstaub;Jahresmittel;Immission;0.5027777777777778
2020;Dübendorf-EMPA;eBC;gemessen;2020;Russ im Feinstaub;Jahresmittel;Immission;0.4745098039215686
2021;Dübendorf-EMPA;eBC;gemessen;2020;Russ im Feinstaub;Jahresmittel;Immission;NA
2022;Dübendorf-EMPA;eBC;gemessen;2020;Russ im Feinstaub;Jahresmittel;Immission;NA
2023;Dübendorf-EMPA;eBC;gemessen;2020;Russ im Feinstaub;Jahresmittel;Immission;0.3494475138121547
2024;Dübendorf-EMPA;eBC;gemessen;2020;Russ im Feinstaub;Jahresmittel;Immission;0.3320441988950276
2025;Dübendorf-EMPA;eBC;gemessen;2020;Russ im Feinstaub;Jahresmittel;Immission;0.3711111111111111
2000;Dübendorf-EMPA;eBC;Trend;2020;Russ im Feinstaub;Jahresmittel;Immission;NA
2001;Dübendorf-EMPA;eBC;Trend;2020;Russ im Feinstaub;Jahresmittel;Immission;NA
2002;Dübendorf-EMPA;eBC;Trend;2020;Russ im Feinstaub;Jahresmittel;Immission;NA
2003;Dübendorf-EMPA;eBC;Trend;2020;Russ im Feinstaub;Jahresmittel;Immission;NA
2004;Dübendorf-EMPA;eBC;Trend;2020;Russ im Feinstaub;Jahresmittel;Immission;NA
2005;Dübendorf-EMPA;eBC;Trend;2020;Russ im Feinstaub;Jahresmittel;Immission;NA
2006;Dübendorf-EMPA;eBC;Trend;2020;Russ im Feinstaub;Jahresmittel;Immission;NA
2007;Dübendorf-EMPA;eBC;Trend;2020;Russ im Feinstaub;Jahresmittel;Immission;NA
2008;Dübendorf-EMPA;eBC;Trend;2020;Russ im Feinstaub;Jahresmittel;Immission;NA
2009;Dübendorf-EMPA;eBC;Trend;2020;Russ im Feinstaub;Jahresmittel;Immission;NA
2010;Dübendorf-EMPA;eBC;Trend;2020;Russ im Feinstaub;Jahresmittel;Immission;NA
2011;Dübendorf-EMPA;eBC;Trend;2020;Russ im Feinstaub;Jahresmittel;Immission;0.9464372705044878
2012;Dübendorf-EMPA;eBC;Trend;2020;Russ im Feinstaub;Jahresmittel;Immission;0.8509537290208016
2013;Dübendorf-EMPA;eBC;Trend;2020;Russ im Feinstaub;Jahresmittel;Immission;0.8138103150698909
2014;Dübendorf-EMPA;eBC;Trend;2020;Russ im Feinstaub;Jahresmittel;Immission;0.7805057487301588
2015;Dübendorf-EMPA;eBC;Trend;2020;Russ im Feinstaub;Jahresmittel;Immission;0.7438169185903355
2016;Dübendorf-EMPA;eBC;Trend;2020;Russ im Feinstaub;Jahresmittel;Immission;0.7133943232645213
2017;Dübendorf-EMPA;eBC;Trend;2020;Russ im Feinstaub;Jahresmittel;Immission;0.598031087962963
2018;Dübendorf-EMPA;eBC;Trend;2020;Russ im Feinstaub;Jahresmittel;Immission;0.5524108245396235
2019;Dübendorf-EMPA;eBC;Trend;2020;Russ im Feinstaub;Jahresmittel;Immission;0.5208066367798355
2020;Dübendorf-EMPA;eBC;Trend;2020;Russ im Feinstaub;Jahresmittel;Immission;0.48740339117128345
2021;Dübendorf-EMPA;eBC;Trend;2020;Russ im Feinstaub;Jahresmittel;Immission;NA
2022;Dübendorf-EMPA;eBC;Trend;2020;Russ im Feinstaub;Jahresmittel;Immission;NA
2023;Dübendorf-EMPA;eBC;Trend;2020;Russ im Feinstaub;Jahresmittel;Immission;0.4304464897176183
2024;Dübendorf-EMPA;eBC;Trend;2020;Russ im Feinstaub;Jahresmittel;Immission;0.42020212226314724
2025;Dübendorf-EMPA;eBC;Trend;2020;Russ im Feinstaub;Jahresmittel;Immission;0.41824880540123466
2001;Opf_Balsberg;eBC;gemessen;2020;Russ im Feinstaub;Jahresmittel;Immission;NA
2002;Opf_Balsberg;eBC;gemessen;2020;Russ im Feinstaub;Jahresmittel;Immission;NA
2003;Opf_Balsberg;eBC;gemessen;2020;Russ im Feinstaub;Jahresmittel;Immission;NA
2004;Opf_Balsberg;eBC;gemessen;2020;Russ im Feinstaub;Jahresmittel;Immission;NA
2006;Opf_Balsberg;eBC;gemessen;2020;Russ im Feinstaub;Jahresmittel;Immission;NA
2007;Opf_Balsberg;eBC;gemessen;2020;Russ im Feinstaub;Jahresmittel;Immission;NA
2008;Opf_Balsberg;eBC;gemessen;2020;Russ im Feinstaub;Jahresmittel;Immission;NA
2009;Opf_Balsberg;eBC;gemessen;2020;Russ im Feinstaub;Jahresmittel;Immission;NA
2010;Opf_Balsberg;eBC;gemessen;2020;Russ im Feinstaub;Jahresmittel;Immission;NA
2011;Opf_Balsberg;eBC;gemessen;2020;Russ im Feinstaub;Jahresmittel;Immission;NA
2012;Opf_Balsberg;eBC;gemessen;2020;Russ im Feinstaub;Jahresmittel;Immission;NA
2013;Opf_Balsberg;eBC;gemessen;2020;Russ im Feinstaub;Jahresmittel;Immission;NA
2014;Opf_Balsberg;eBC;gemessen;2020;Russ im Feinstaub;Jahresmittel;Immission;1.2965700198083334
2015;Opf_Balsberg;eBC;gemessen;2020;Russ im Feinstaub;Jahresmittel;Immission;0.9697577267403314
2016;Opf_Balsberg;eBC;gemessen;2020;Russ im Feinstaub;Jahresmittel;Immission;0.9655157285619834
2017;Opf_Balsberg;eBC;gemessen;2020;Russ im Feinstaub;Jahresmittel;Immission;1.151403971769863
2018;Opf_Balsberg;eBC;gemessen;2020;Russ im Feinstaub;Jahresmittel;Immission;0.6678193020958905
2019;Opf_Balsberg;eBC;gemessen;2020;Russ im Feinstaub;Jahresmittel;Immission;0.6670813691620879
2020;Opf_Balsberg;eBC;gemessen;2020;Russ im Feinstaub;Jahresmittel;Immission;0.5229016838406594
2021;Opf_Balsberg;eBC;gemessen;2020;Russ im Feinstaub;Jahresmittel;Immission;0.5762923155911602
2022;Opf_Balsberg;eBC;gemessen;2020;Russ im Feinstaub;Jahresmittel;Immission;0.5361239478273973
2023;Opf_Balsberg;eBC;gemessen;2020;Russ im Feinstaub;Jahresmittel;Immission;0.4881539830552486
2024;Opf_Balsberg;eBC;gemessen;2020;Russ im Feinstaub;Jahresmittel;Immission;0.45173507135519125
2025;Opf_Balsberg;eBC;gemessen;2020;Russ im Feinstaub;Jahresmittel;Immission;0.5369787298684932
2001;Opf_Balsberg;eBC;Trend;2020;Russ im Feinstaub;Jahresmittel;Immission;NA
2002;Opf_Balsberg;eBC;Trend;2020;Russ im Feinstaub;Jahresmittel;Immission;NA
2003;Opf_Balsberg;eBC;Trend;2020;Russ im Feinstaub;Jahresmittel;Immission;NA
2004;Opf_Balsberg;eBC;Trend;2020;Russ im Feinstaub;Jahresmittel;Immission;NA
2006;Opf_Balsberg;eBC;Trend;2020;Russ im Feinstaub;Jahresmittel;Immission;NA
2007;Opf_Balsberg;eBC;Trend;2020;Russ im Feinstaub;Jahresmittel;Immission;NA
2008;Opf_Balsberg;eBC;Trend;2020;Russ im Feinstaub;Jahresmittel;Immission;NA
2009;Opf_Balsberg;eBC;Trend;2020;Russ im Feinstaub;Jahresmittel;Immission;NA
2010;Opf_Balsberg;eBC;Trend;2020;Russ im Feinstaub;Jahresmittel;Immission;NA
2011;Opf_Balsberg;eBC;Trend;2020;Russ im Feinstaub;Jahresmittel;Immission;NA
2012;Opf_Balsberg;eBC;Trend;2020;Russ im Feinstaub;Jahresmittel;Immission;NA
2013;Opf_Balsberg;eBC;Trend;2020;Russ im Feinstaub;Jahresmittel;Immission;NA
2014;Opf_Balsberg;eBC;Trend;2020;Russ im Feinstaub;Jahresmittel;Immission;1.1617919257215834
2015;Opf_Balsberg;eBC;Trend;2020;Russ im Feinstaub;Jahresmittel;Immission;1.0203453805763187
2016;Opf_Balsberg;eBC;Trend;2020;Russ im Feinstaub;Jahresmittel;Immission;1.0127370327264624
2017;Opf_Balsberg;eBC;Trend;2020;Russ im Feinstaub;Jahresmittel;Immission;1.0487377660275388
2018;Opf_Balsberg;eBC;Trend;2020;Russ im Feinstaub;Jahresmittel;Immission;0.6976478886777995
2019;Opf_Balsberg;eBC;Trend;2020;Russ im Feinstaub;Jahresmittel;Immission;0.6380659713143753
2020;Opf_Balsberg;eBC;Trend;2020;Russ im Feinstaub;Jahresmittel;Immission;0.5714092839399791
2021;Opf_Balsberg;eBC;Trend;2020;Russ im Feinstaub;Jahresmittel;Immission;0.5612654181504384
2022;Opf_Balsberg;eBC;Trend;2020;Russ im Feinstaub;Jahresmittel;Immission;0.5531222475159218
2023;Opf_Balsberg;eBC;Trend;2020;Russ im Feinstaub;Jahresmittel;Immission;0.5402987214357862
2024;Opf_Balsberg;eBC;Trend;2020;Russ im Feinstaub;Jahresmittel;Immission;0.5297140277764915
2025;Opf_Balsberg;eBC;Trend;2020;Russ im Feinstaub;Jahresmittel;Immission;0.5350298377767787
2000;Zürich-Kaserne;eBC;gemessen;2020;Russ im Feinstaub;Jahresmittel;Immission;NA
2001;Zürich-Kaserne;eBC;gemessen;2020;Russ im Feinstaub;Jahresmittel;Immission;NA
2002;Zürich-Kaserne;eBC;gemessen;2020;Russ im Feinstaub;Jahresmittel;Immission;NA
2003;Zürich-Kaserne;eBC;gemessen;2020;Russ im Feinstaub;Jahresmittel;Immission;NA
2004;Zürich-Kaserne;eBC;gemessen;2020;Russ im Feinstaub;Jahresmittel;Immission;NA
2005;Zürich-Kaserne;eBC;gemessen;2020;Russ im Feinstaub;Jahresmittel;Immission;NA
2006;Zürich-Kaserne;eBC;gemessen;2020;Russ im Feinstaub;Jahresmittel;Immission;NA
2007;Zürich-Kaserne;eBC;gemessen;2020;Russ im Feinstaub;Jahresmittel;Immission;NA
2008;Zürich-Kaserne;eBC;gemessen;2020;Russ im Feinstaub;Jahresmittel;Immission;NA
2009;Zürich-Kaserne;eBC;gemessen;2020;Russ im Feinstaub;Jahresmittel;Immission;NA
2010;Zürich-Kaserne;eBC;gemessen;2020;Russ im Feinstaub;Jahresmittel;Immission;0.9950276243093923
2011;Zürich-Kaserne;eBC;gemessen;2020;Russ im Feinstaub;Jahresmittel;Immission;1.0564383561643835
2012;Zürich-Kaserne;eBC;gemessen;2020;Russ im Feinstaub;Jahresmittel;Immission;0.8366120218579235
2013;Zürich-Kaserne;eBC;gemessen;2020;Russ im Feinstaub;Jahresmittel;Immission;0.8254189944134078
2014;Zürich-Kaserne;eBC;gemessen;2020;Russ im Feinstaub;Jahresmittel;Immission;0.7502747252747253
2015;Zürich-Kaserne;eBC;gemessen;2020;Russ im Feinstaub;Jahresmittel;Immission;0.7162983425414364
2016;Zürich-Kaserne;eBC;gemessen;2020;Russ im Feinstaub;Jahresmittel;Immission;0.5862258953168045
2017;Zürich-Kaserne;eBC;gemessen;2020;Russ im Feinstaub;Jahresmittel;Immission;0.48662952646239555
2018;Zürich-Kaserne;eBC;gemessen;2020;Russ im Feinstaub;Jahresmittel;Immission;0.4915068493150685
2019;Zürich-Kaserne;eBC;gemessen;2020;Russ im Feinstaub;Jahresmittel;Immission;0.4212707182320442
2020;Zürich-Kaserne;eBC;gemessen;2020;Russ im Feinstaub;Jahresmittel;Immission;0.4046703296703297
2021;Zürich-Kaserne;eBC;gemessen;2020;Russ im Feinstaub;Jahresmittel;Immission;0.36481994459833794
2022;Zürich-Kaserne;eBC;gemessen;2020;Russ im Feinstaub;Jahresmittel;Immission;0.4180790960451977
2023;Zürich-Kaserne;eBC;gemessen;2020;Russ im Feinstaub;Jahresmittel;Immission;0.3712707182320442
2024;Zürich-Kaserne;eBC;gemessen;2020;Russ im Feinstaub;Jahresmittel;Immission;0.37637362637362637
2025;Zürich-Kaserne;eBC;gemessen;2020;Russ im Feinstaub;Jahresmittel;Immission;0.41578947368421054
2000;Zürich-Kaserne;eBC;Trend;2020;Russ im Feinstaub;Jahresmittel;Immission;NA
2001;Zürich-Kaserne;eBC;Trend;2020;Russ im Feinstaub;Jahresmittel;Immission;NA
2002;Zürich-Kaserne;eBC;Trend;2020;Russ im Feinstaub;Jahresmittel;Immission;NA
2003;Zürich-Kaserne;eBC;Trend;2020;Russ im Feinstaub;Jahresmittel;Immission;NA
2004;Zürich-Kaserne;eBC;Trend;2020;Russ im Feinstaub;Jahresmittel;Immission;NA
2005;Zürich-Kaserne;eBC;Trend;2020;Russ im Feinstaub;Jahresmittel;Immission;NA
2006;Zürich-Kaserne;eBC;Trend;2020;Russ im Feinstaub;Jahresmittel;Immission;NA
2007;Zürich-Kaserne;eBC;Trend;2020;Russ im Feinstaub;Jahresmittel;Immission;NA
2008;Zürich-Kaserne;eBC;Trend;2020;Russ im Feinstaub;Jahresmittel;Immission;NA
2009;Zürich-Kaserne;eBC;Trend;2020;Russ im Feinstaub;Jahresmittel;Immission;NA
2010;Zürich-Kaserne;eBC;Trend;2020;Russ im Feinstaub;Jahresmittel;Immission;0.984125724114999
2011;Zürich-Kaserne;eBC;Trend;2020;Russ im Feinstaub;Jahresmittel;Immission;0.9329598247082699
2012;Zürich-Kaserne;eBC;Trend;2020;Russ im Feinstaub;Jahresmittel;Immission;0.8437934365513053
2013;Zürich-Kaserne;eBC;Trend;2020;Russ im Feinstaub;Jahresmittel;Immission;0.8211503067452928
2014;Zürich-Kaserne;eBC;Trend;2020;Russ im Feinstaub;Jahresmittel;Immission;0.7429187255799756
2015;Zürich-Kaserne;eBC;Trend;2020;Russ im Feinstaub;Jahresmittel;Immission;0.6684220033251485
2016;Zürich-Kaserne;eBC;Trend;2020;Russ im Feinstaub;Jahresmittel;Immission;0.595362135751454
2017;Zürich-Kaserne;eBC;Trend;2020;Russ im Feinstaub;Jahresmittel;Immission;0.5075282816465492
2018;Zürich-Kaserne;eBC;Trend;2020;Russ im Feinstaub;Jahresmittel;Immission;0.4789362168949773
2019;Zürich-Kaserne;eBC;Trend;2020;Russ im Feinstaub;Jahresmittel;Immission;0.4541220752506651
2020;Zürich-Kaserne;eBC;Trend;2020;Russ im Feinstaub;Jahresmittel;Immission;0.43617697115384624
2021;Zürich-Kaserne;eBC;Trend;2020;Russ im Feinstaub;Jahresmittel;Immission;0.42965399199753784
2022;Zürich-Kaserne;eBC;Trend;2020;Russ im Feinstaub;Jahresmittel;Immission;0.4286809191253401
2023;Zürich-Kaserne;eBC;Trend;2020;Russ im Feinstaub;Jahresmittel;Immission;0.42735008154286896
2024;Zürich-Kaserne;eBC;Trend;2020;Russ im Feinstaub;Jahresmittel;Immission;0.42357117465404975
2025;Zürich-Kaserne;eBC;Trend;2020;Russ im Feinstaub;Jahresmittel;Immission;0.4272498742177081
2000;Dübendorf-EMPA;PM2.5;gemessen;2021;Feinstaub PM2.5;Jahresmittel;relative Immission;NA
2001;Dübendorf-EMPA;PM2.5;gemessen;2021;Feinstaub PM2.5;Jahresmittel;relative Immission;NA
2002;Dübendorf-EMPA;PM2.5;gemessen;2021;Feinstaub PM2.5;Jahresmittel;relative Immission;NA
2003;Dübendorf-EMPA;PM2.5;gemessen;2021;Feinstaub PM2.5;Jahresmittel;relative Immission;NA
2004;Dübendorf-EMPA;PM2.5;gemessen;2021;Feinstaub PM2.5;Jahresmittel;relative Immission;NA
2005;Dübendorf-EMPA;PM2.5;gemessen;2021;Feinstaub PM2.5;Jahresmittel;relative Immission;NA
2006;Dübendorf-EMPA;PM2.5;gemessen;2021;Feinstaub PM2.5;Jahresmittel;relative Immission;NA
2007;Dübendorf-EMPA;PM2.5;gemessen;2021;Feinstaub PM2.5;Jahresmittel;relative Immission;NA
2008;Dübendorf-EMPA;PM2.5;gemessen;2021;Feinstaub PM2.5;Jahresmittel;relative Immission;NA
2009;Dübendorf-EMPA;PM2.5;gemessen;2021;Feinstaub PM2.5;Jahresmittel;relative Immission;NA
2010;Dübendorf-EMPA;PM2.5;gemessen;2021;Feinstaub PM2.5;Jahresmittel;relative Immission;NA
2011;Dübendorf-EMPA;PM2.5;gemessen;2021;Feinstaub PM2.5;Jahresmittel;relative Immission;NA
2012;Dübendorf-EMPA;PM2.5;gemessen;2021;Feinstaub PM2.5;Jahresmittel;relative Immission;NA
2013;Dübendorf-EMPA;PM2.5;gemessen;2021;Feinstaub PM2.5;Jahresmittel;relative Immission;NA
2014;Dübendorf-EMPA;PM2.5;gemessen;2021;Feinstaub PM2.5;Jahresmittel;relative Immission;NA
2015;Dübendorf-EMPA;PM2.5;gemessen;2021;Feinstaub PM2.5;Jahresmittel;relative Immission;NA
2016;Dübendorf-EMPA;PM2.5;gemessen;2021;Feinstaub PM2.5;Jahresmittel;relative Immission;1.1356880294070641
2017;Dübendorf-EMPA;PM2.5;gemessen;2021;Feinstaub PM2.5;Jahresmittel;relative Immission;1.116957008150871
2018;Dübendorf-EMPA;PM2.5;gemessen;2021;Feinstaub PM2.5;Jahresmittel;relative Immission;1.2578198226205828
2019;Dübendorf-EMPA;PM2.5;gemessen;2021;Feinstaub PM2.5;Jahresmittel;relative Immission;1.0517055527945687
2020;Dübendorf-EMPA;PM2.5;gemessen;2021;Feinstaub PM2.5;Jahresmittel;relative Immission;0.9743007831229025
2021;Dübendorf-EMPA;PM2.5;gemessen;2021;Feinstaub PM2.5;Jahresmittel;relative Immission;1
2022;Dübendorf-EMPA;PM2.5;gemessen;2021;Feinstaub PM2.5;Jahresmittel;relative Immission;1.111219215300781
2023;Dübendorf-EMPA;PM2.5;gemessen;2021;Feinstaub PM2.5;Jahresmittel;relative Immission;0.9408386442800503
2024;Dübendorf-EMPA;PM2.5;gemessen;2021;Feinstaub PM2.5;Jahresmittel;relative Immission;0.8424543964311884
2025;Dübendorf-EMPA;PM2.5;gemessen;2021;Feinstaub PM2.5;Jahresmittel;relative Immission;1.0815277086845831
2000;Dübendorf-EMPA;PM2.5;Trend;2021;Feinstaub PM2.5;Jahresmittel;relative Immission;NA
2001;Dübendorf-EMPA;PM2.5;Trend;2021;Feinstaub PM2.5;Jahresmittel;relative Immission;NA
2002;Dübendorf-EMPA;PM2.5;Trend;2021;Feinstaub PM2.5;Jahresmittel;relative Immission;NA
2003;Dübendorf-EMPA;PM2.5;Trend;2021;Feinstaub PM2.5;Jahresmittel;relative Immission;NA
2004;Dübendorf-EMPA;PM2.5;Trend;2021;Feinstaub PM2.5;Jahresmittel;relative Immission;NA
2005;Dübendorf-EMPA;PM2.5;Trend;2021;Feinstaub PM2.5;Jahresmittel;relative Immission;NA
2006;Dübendorf-EMPA;PM2.5;Trend;2021;Feinstaub PM2.5;Jahresmittel;relative Immission;NA
2007;Dübendorf-EMPA;PM2.5;Trend;2021;Feinstaub PM2.5;Jahresmittel;relative Immission;NA
2008;Dübendorf-EMPA;PM2.5;Trend;2021;Feinstaub PM2.5;Jahresmittel;relative Immission;NA
2009;Dübendorf-EMPA;PM2.5;Trend;2021;Feinstaub PM2.5;Jahresmittel;relative Immission;NA
2010;Dübendorf-EMPA;PM2.5;Trend;2021;Feinstaub PM2.5;Jahresmittel;relative Immission;NA
2011;Dübendorf-EMPA;PM2.5;Trend;2021;Feinstaub PM2.5;Jahresmittel;relative Immission;NA
2012;Dübendorf-EMPA;PM2.5;Trend;2021;Feinstaub PM2.5;Jahresmittel;relative Immission;NA
2013;Dübendorf-EMPA;PM2.5;Trend;2021;Feinstaub PM2.5;Jahresmittel;relative Immission;NA
2014;Dübendorf-EMPA;PM2.5;Trend;2021;Feinstaub PM2.5;Jahresmittel;relative Immission;NA
2015;Dübendorf-EMPA;PM2.5;Trend;2021;Feinstaub PM2.5;Jahresmittel;relative Immission;NA
2016;Dübendorf-EMPA;PM2.5;Trend;2021;Feinstaub PM2.5;Jahresmittel;relative Immission;1.087050127795898
2017;Dübendorf-EMPA;PM2.5;Trend;2021;Feinstaub PM2.5;Jahresmittel;relative Immission;1.0564757727430236
2018;Dübendorf-EMPA;PM2.5;Trend;2021;Feinstaub PM2.5;Jahresmittel;relative Immission;1.0532308740508458
2019;Dübendorf-EMPA;PM2.5;Trend;2021;Feinstaub PM2.5;Jahresmittel;relative Immission;1.0292266318812917
2020;Dübendorf-EMPA;PM2.5;Trend;2021;Feinstaub PM2.5;Jahresmittel;relative Immission;1.0063386178904004
2021;Dübendorf-EMPA;PM2.5;Trend;2021;Feinstaub PM2.5;Jahresmittel;relative Immission;1
2022;Dübendorf-EMPA;PM2.5;Trend;2021;Feinstaub PM2.5;Jahresmittel;relative Immission;0.9978714645361108
2023;Dübendorf-EMPA;PM2.5;Trend;2021;Feinstaub PM2.5;Jahresmittel;relative Immission;0.9778266496507484
2024;Dübendorf-EMPA;PM2.5;Trend;2021;Feinstaub PM2.5;Jahresmittel;relative Immission;0.9668265612654218
2025;Dübendorf-EMPA;PM2.5;Trend;2021;Feinstaub PM2.5;Jahresmittel;relative Immission;0.991879858012391
2020;Klo_Feld;PM2.5;gemessen;2021;Feinstaub PM2.5;Jahresmittel;relative Immission;0.9689221132360614
2021;Klo_Feld;PM2.5;gemessen;2021;Feinstaub PM2.5;Jahresmittel;relative Immission;1
2022;Klo_Feld;PM2.5;gemessen;2021;Feinstaub PM2.5;Jahresmittel;relative Immission;0.9502788432356
2023;Klo_Feld;PM2.5;gemessen;2021;Feinstaub PM2.5;Jahresmittel;relative Immission;0.8582580930812506
2024;Klo_Feld;PM2.5;gemessen;2021;Feinstaub PM2.5;Jahresmittel;relative Immission;NA
2025;Klo_Feld;PM2.5;gemessen;2021;Feinstaub PM2.5;Jahresmittel;relative Immission;NA
2020;Klo_Feld;PM2.5;Trend;2021;Feinstaub PM2.5;Jahresmittel;relative Immission;1.0244414697300017
2021;Klo_Feld;PM2.5;Trend;2021;Feinstaub PM2.5;Jahresmittel;relative Immission;1
2022;Klo_Feld;PM2.5;Trend;2021;Feinstaub PM2.5;Jahresmittel;relative Immission;0.9709547542008232
2023;Klo_Feld;PM2.5;Trend;2021;Feinstaub PM2.5;Jahresmittel;relative Immission;0.9319939856801489
2024;Klo_Feld;PM2.5;Trend;2021;Feinstaub PM2.5;Jahresmittel;relative Immission;NA
2025;Klo_Feld;PM2.5;Trend;2021;Feinstaub PM2.5;Jahresmittel;relative Immission;NA
2001;Opf_Balsberg;PM2.5;gemessen;2021;Feinstaub PM2.5;Jahresmittel;relative Immission;NA
2002;Opf_Balsberg;PM2.5;gemessen;2021;Feinstaub PM2.5;Jahresmittel;relative Immission;NA
2003;Opf_Balsberg;PM2.5;gemessen;2021;Feinstaub PM2.5;Jahresmittel;relative Immission;NA
2004;Opf_Balsberg;PM2.5;gemessen;2021;Feinstaub PM2.5;Jahresmittel;relative Immission;NA
2006;Opf_Balsberg;PM2.5;gemessen;2021;Feinstaub PM2.5;Jahresmittel;relative Immission;NA
2007;Opf_Balsberg;PM2.5;gemessen;2021;Feinstaub PM2.5;Jahresmittel;relative Immission;NA
2008;Opf_Balsberg;PM2.5;gemessen;2021;Feinstaub PM2.5;Jahresmittel;relative Immission;NA
2009;Opf_Balsberg;PM2.5;gemessen;2021;Feinstaub PM2.5;Jahresmittel;relative Immission;NA
2010;Opf_Balsberg;PM2.5;gemessen;2021;Feinstaub PM2.5;Jahresmittel;relative Immission;NA
2011;Opf_Balsberg;PM2.5;gemessen;2021;Feinstaub PM2.5;Jahresmittel;relative Immission;NA
2012;Opf_Balsberg;PM2.5;gemessen;2021;Feinstaub PM2.5;Jahresmittel;relative Immission;NA
2013;Opf_Balsberg;PM2.5;gemessen;2021;Feinstaub PM2.5;Jahresmittel;relative Immission;NA
2014;Opf_Balsberg;PM2.5;gemessen;2021;Feinstaub PM2.5;Jahresmittel;relative Immission;NA
2015;Opf_Balsberg;PM2.5;gemessen;2021;Feinstaub PM2.5;Jahresmittel;relative Immission;NA
2016;Opf_Balsberg;PM2.5;gemessen;2021;Feinstaub PM2.5;Jahresmittel;relative Immission;NA
2017;Opf_Balsberg;PM2.5;gemessen;2021;Feinstaub PM2.5;Jahresmittel;relative Immission;NA
2018;Opf_Balsberg;PM2.5;gemessen;2021;Feinstaub PM2.5;Jahresmittel;relative Immission;1.2200953004182382
2019;Opf_Balsberg;PM2.5;gemessen;2021;Feinstaub PM2.5;Jahresmittel;relative Immission;1.090646054508605
2020;Opf_Balsberg;PM2.5;gemessen;2021;Feinstaub PM2.5;Jahresmittel;relative Immission;1.0497245953133933
2021;Opf_Balsberg;PM2.5;gemessen;2021;Feinstaub PM2.5;Jahresmittel;relative Immission;1
2022;Opf_Balsberg;PM2.5;gemessen;2021;Feinstaub PM2.5;Jahresmittel;relative Immission;1.0046679304321737
2023;Opf_Balsberg;PM2.5;gemessen;2021;Feinstaub PM2.5;Jahresmittel;relative Immission;0.9465676064840818
2024;Opf_Balsberg;PM2.5;gemessen;2021;Feinstaub PM2.5;Jahresmittel;relative Immission;0.8719845041100873
2025;Opf_Balsberg;PM2.5;gemessen;2021;Feinstaub PM2.5;Jahresmittel;relative Immission;1.0466854172396944
2001;Opf_Balsberg;PM2.5;Trend;2021;Feinstaub PM2.5;Jahresmittel;relative Immission;NA
2002;Opf_Balsberg;PM2.5;Trend;2021;Feinstaub PM2.5;Jahresmittel;relative Immission;NA
2003;Opf_Balsberg;PM2.5;Trend;2021;Feinstaub PM2.5;Jahresmittel;relative Immission;NA
2004;Opf_Balsberg;PM2.5;Trend;2021;Feinstaub PM2.5;Jahresmittel;relative Immission;NA
2006;Opf_Balsberg;PM2.5;Trend;2021;Feinstaub PM2.5;Jahresmittel;relative Immission;NA
2007;Opf_Balsberg;PM2.5;Trend;2021;Feinstaub PM2.5;Jahresmittel;relative Immission;NA
2008;Opf_Balsberg;PM2.5;Trend;2021;Feinstaub PM2.5;Jahresmittel;relative Immission;NA
2009;Opf_Balsberg;PM2.5;Trend;2021;Feinstaub PM2.5;Jahresmittel;relative Immission;NA
2010;Opf_Balsberg;PM2.5;Trend;2021;Feinstaub PM2.5;Jahresmittel;relative Immission;NA
2011;Opf_Balsberg;PM2.5;Trend;2021;Feinstaub PM2.5;Jahresmittel;relative Immission;NA
2012;Opf_Balsberg;PM2.5;Trend;2021;Feinstaub PM2.5;Jahresmittel;relative Immission;NA
2013;Opf_Balsberg;PM2.5;Trend;2021;Feinstaub PM2.5;Jahresmittel;relative Immission;NA
2014;Opf_Balsberg;PM2.5;Trend;2021;Feinstaub PM2.5;Jahresmittel;relative Immission;NA
2015;Opf_Balsberg;PM2.5;Trend;2021;Feinstaub PM2.5;Jahresmittel;relative Immission;NA
2016;Opf_Balsberg;PM2.5;Trend;2021;Feinstaub PM2.5;Jahresmittel;relative Immission;NA
2017;Opf_Balsberg;PM2.5;Trend;2021;Feinstaub PM2.5;Jahresmittel;relative Immission;NA
2018;Opf_Balsberg;PM2.5;Trend;2021;Feinstaub PM2.5;Jahresmittel;relative Immission;1.12156242217284
2019;Opf_Balsberg;PM2.5;Trend;2021;Feinstaub PM2.5;Jahresmittel;relative Immission;1.0514597148877045
2020;Opf_Balsberg;PM2.5;Trend;2021;Feinstaub PM2.5;Jahresmittel;relative Immission;1.0155439088334628
2021;Opf_Balsberg;PM2.5;Trend;2021;Feinstaub PM2.5;Jahresmittel;relative Immission;1
2022;Opf_Balsberg;PM2.5;Trend;2021;Feinstaub PM2.5;Jahresmittel;relative Immission;0.9837323098459363
2023;Opf_Balsberg;PM2.5;Trend;2021;Feinstaub PM2.5;Jahresmittel;relative Immission;0.9591976147128899
2024;Opf_Balsberg;PM2.5;Trend;2021;Feinstaub PM2.5;Jahresmittel;relative Immission;0.9394645222989839
2025;Opf_Balsberg;PM2.5;Trend;2021;Feinstaub PM2.5;Jahresmittel;relative Immission;0.9746848235396187
2013;Zch_Rosengartenstrasse;PM2.5;gemessen;2021;Feinstaub PM2.5;Jahresmittel;relative Immission;NA
2014;Zch_Rosengartenstrasse;PM2.5;gemessen;2021;Feinstaub PM2.5;Jahresmittel;relative Immission;NA
2015;Zch_Rosengartenstrasse;PM2.5;gemessen;2021;Feinstaub PM2.5;Jahresmittel;relative Immission;NA
2016;Zch_Rosengartenstrasse;PM2.5;gemessen;2021;Feinstaub PM2.5;Jahresmittel;relative Immission;NA
2017;Zch_Rosengartenstrasse;PM2.5;gemessen;2021;Feinstaub PM2.5;Jahresmittel;relative Immission;NA
2018;Zch_Rosengartenstrasse;PM2.5;gemessen;2021;Feinstaub PM2.5;Jahresmittel;relative Immission;1.1107294803124246
2019;Zch_Rosengartenstrasse;PM2.5;gemessen;2021;Feinstaub PM2.5;Jahresmittel;relative Immission;0.934416838968303
2020;Zch_Rosengartenstrasse;PM2.5;gemessen;2021;Feinstaub PM2.5;Jahresmittel;relative Immission;0.9949857030532616
2021;Zch_Rosengartenstrasse;PM2.5;gemessen;2021;Feinstaub PM2.5;Jahresmittel;relative Immission;1
2022;Zch_Rosengartenstrasse;PM2.5;gemessen;2021;Feinstaub PM2.5;Jahresmittel;relative Immission;0.8332736957235143
2023;Zch_Rosengartenstrasse;PM2.5;gemessen;2021;Feinstaub PM2.5;Jahresmittel;relative Immission;0.788815720651796
2024;Zch_Rosengartenstrasse;PM2.5;gemessen;2021;Feinstaub PM2.5;Jahresmittel;relative Immission;0.7053632508692157
2025;Zch_Rosengartenstrasse;PM2.5;gemessen;2021;Feinstaub PM2.5;Jahresmittel;relative Immission;0.7319987974455364
2013;Zch_Rosengartenstrasse;PM2.5;Trend;2021;Feinstaub PM2.5;Jahresmittel;relative Immission;NA
2014;Zch_Rosengartenstrasse;PM2.5;Trend;2021;Feinstaub PM2.5;Jahresmittel;relative Immission;NA
2015;Zch_Rosengartenstrasse;PM2.5;Trend;2021;Feinstaub PM2.5;Jahresmittel;relative Immission;NA
2016;Zch_Rosengartenstrasse;PM2.5;Trend;2021;Feinstaub PM2.5;Jahresmittel;relative Immission;NA
2017;Zch_Rosengartenstrasse;PM2.5;Trend;2021;Feinstaub PM2.5;Jahresmittel;relative Immission;NA
2018;Zch_Rosengartenstrasse;PM2.5;Trend;2021;Feinstaub PM2.5;Jahresmittel;relative Immission;1.0701570515932695
2019;Zch_Rosengartenstrasse;PM2.5;Trend;2021;Feinstaub PM2.5;Jahresmittel;relative Immission;1.0181820741617995
2020;Zch_Rosengartenstrasse;PM2.5;Trend;2021;Feinstaub PM2.5;Jahresmittel;relative Immission;1.010148992496434
2021;Zch_Rosengartenstrasse;PM2.5;Trend;2021;Feinstaub PM2.5;Jahresmittel;relative Immission;1
2022;Zch_Rosengartenstrasse;PM2.5;Trend;2021;Feinstaub PM2.5;Jahresmittel;relative Immission;0.8723970604751025
2023;Zch_Rosengartenstrasse;PM2.5;Trend;2021;Feinstaub PM2.5;Jahresmittel;relative Immission;0.8068493649435062
2024;Zch_Rosengartenstrasse;PM2.5;Trend;2021;Feinstaub PM2.5;Jahresmittel;relative Immission;0.7674735967637982
2025;Zch_Rosengartenstrasse;PM2.5;Trend;2021;Feinstaub PM2.5;Jahresmittel;relative Immission;0.7535642128736838
1990;Zch_Schimmelstrasse;PM2.5;gemessen;2021;Feinstaub PM2.5;Jahresmittel;relative Immission;NA
1991;Zch_Schimmelstrasse;PM2.5;gemessen;2021;Feinstaub PM2.5;Jahresmittel;relative Immission;NA
1992;Zch_Schimmelstrasse;PM2.5;gemessen;2021;Feinstaub PM2.5;Jahresmittel;relative Immission;NA
1993;Zch_Schimmelstrasse;PM2.5;gemessen;2021;Feinstaub PM2.5;Jahresmittel;relative Immission;NA
1994;Zch_Schimmelstrasse;PM2.5;gemessen;2021;Feinstaub PM2.5;Jahresmittel;relative Immission;NA
1995;Zch_Schimmelstrasse;PM2.5;gemessen;2021;Feinstaub PM2.5;Jahresmittel;relative Immission;NA
1996;Zch_Schimmelstrasse;PM2.5;gemessen;2021;Feinstaub PM2.5;Jahresmittel;relative Immission;NA
1997;Zch_Schimmelstrasse;PM2.5;gemessen;2021;Feinstaub PM2.5;Jahresmittel;relative Immission;NA
1998;Zch_Schimmelstrasse;PM2.5;gemessen;2021;Feinstaub PM2.5;Jahresmittel;relative Immission;NA
1999;Zch_Schimmelstrasse;PM2.5;gemessen;2021;Feinstaub PM2.5;Jahresmittel;relative Immission;NA
2000;Zch_Schimmelstrasse;PM2.5;gemessen;2021;Feinstaub PM2.5;Jahresmittel;relative Immission;NA
2001;Zch_Schimmelstrasse;PM2.5;gemessen;2021;Feinstaub PM2.5;Jahresmittel;relative Immission;NA
2002;Zch_Schimmelstrasse;PM2.5;gemessen;2021;Feinstaub PM2.5;Jahresmittel;relative Immission;NA
2003;Zch_Schimmelstrasse;PM2.5;gemessen;2021;Feinstaub PM2.5;Jahresmittel;relative Immission;NA
2004;Zch_Schimmelstrasse;PM2.5;gemessen;2021;Feinstaub PM2.5;Jahresmittel;relative Immission;NA
2005;Zch_Schimmelstrasse;PM2.5;gemessen;2021;Feinstaub PM2.5;Jahresmittel;relative Immission;NA
2006;Zch_Schimmelstrasse;PM2.5;gemessen;2021;Feinstaub PM2.5;Jahresmittel;relative Immission;NA
2007;Zch_Schimmelstrasse;PM2.5;gemessen;2021;Feinstaub PM2.5;Jahresmittel;relative Immission;NA
2008;Zch_Schimmelstrasse;PM2.5;gemessen;2021;Feinstaub PM2.5;Jahresmittel;relative Immission;NA
2009;Zch_Schimmelstrasse;PM2.5;gemessen;2021;Feinstaub PM2.5;Jahresmittel;relative Immission;NA
2010;Zch_Schimmelstrasse;PM2.5;gemessen;2021;Feinstaub PM2.5;Jahresmittel;relative Immission;NA
2011;Zch_Schimmelstrasse;PM2.5;gemessen;2021;Feinstaub PM2.5;Jahresmittel;relative Immission;NA
2012;Zch_Schimmelstrasse;PM2.5;gemessen;2021;Feinstaub PM2.5;Jahresmittel;relative Immission;NA
2013;Zch_Schimmelstrasse;PM2.5;gemessen;2021;Feinstaub PM2.5;Jahresmittel;relative Immission;NA
2014;Zch_Schimmelstrasse;PM2.5;gemessen;2021;Feinstaub PM2.5;Jahresmittel;relative Immission;NA
2015;Zch_Schimmelstrasse;PM2.5;gemessen;2021;Feinstaub PM2.5;Jahresmittel;relative Immission;NA
2016;Zch_Schimmelstrasse;PM2.5;gemessen;2021;Feinstaub PM2.5;Jahresmittel;relative Immission;NA
2017;Zch_Schimmelstrasse;PM2.5;gemessen;2021;Feinstaub PM2.5;Jahresmittel;relative Immission;1.1453184554331564
2018;Zch_Schimmelstrasse;PM2.5;gemessen;2021;Feinstaub PM2.5;Jahresmittel;relative Immission;1.3018507826991805
2019;Zch_Schimmelstrasse;PM2.5;gemessen;2021;Feinstaub PM2.5;Jahresmittel;relative Immission;1.069075100411043
2020;Zch_Schimmelstrasse;PM2.5;gemessen;2021;Feinstaub PM2.5;Jahresmittel;relative Immission;0.9884698015292975
2021;Zch_Schimmelstrasse;PM2.5;gemessen;2021;Feinstaub PM2.5;Jahresmittel;relative Immission;1
2022;Zch_Schimmelstrasse;PM2.5;gemessen;2021;Feinstaub PM2.5;Jahresmittel;relative Immission;1.0555242716708528
2023;Zch_Schimmelstrasse;PM2.5;gemessen;2021;Feinstaub PM2.5;Jahresmittel;relative Immission;0.895057121547376
2024;Zch_Schimmelstrasse;PM2.5;gemessen;2021;Feinstaub PM2.5;Jahresmittel;relative Immission;0.7831792904365493
2025;Zch_Schimmelstrasse;PM2.5;gemessen;2021;Feinstaub PM2.5;Jahresmittel;relative Immission;0.9003063793240008
1990;Zch_Schimmelstrasse;PM2.5;Trend;2021;Feinstaub PM2.5;Jahresmittel;relative Immission;NA
1991;Zch_Schimmelstrasse;PM2.5;Trend;2021;Feinstaub PM2.5;Jahresmittel;relative Immission;NA
1992;Zch_Schimmelstrasse;PM2.5;Trend;2021;Feinstaub PM2.5;Jahresmittel;relative Immission;NA
1993;Zch_Schimmelstrasse;PM2.5;Trend;2021;Feinstaub PM2.5;Jahresmittel;relative Immission;NA
1994;Zch_Schimmelstrasse;PM2.5;Trend;2021;Feinstaub PM2.5;Jahresmittel;relative Immission;NA
1995;Zch_Schimmelstrasse;PM2.5;Trend;2021;Feinstaub PM2.5;Jahresmittel;relative Immission;NA
1996;Zch_Schimmelstrasse;PM2.5;Trend;2021;Feinstaub PM2.5;Jahresmittel;relative Immission;NA
1997;Zch_Schimmelstrasse;PM2.5;Trend;2021;Feinstaub PM2.5;Jahresmittel;relative Immission;NA
1998;Zch_Schimmelstrasse;PM2.5;Trend;2021;Feinstaub PM2.5;Jahresmittel;relative Immission;NA
1999;Zch_Schimmelstrasse;PM2.5;Trend;2021;Feinstaub PM2.5;Jahresmittel;relative Immission;NA
2000;Zch_Schimmelstrasse;PM2.5;Trend;2021;Feinstaub PM2.5;Jahresmittel;relative Immission;NA
2001;Zch_Schimmelstrasse;PM2.5;Trend;2021;Feinstaub PM2.5;Jahresmittel;relative Immission;NA
2002;Zch_Schimmelstrasse;PM2.5;Trend;2021;Feinstaub PM2.5;Jahresmittel;relative Immission;NA
2003;Zch_Schimmelstrasse;PM2.5;Trend;2021;Feinstaub PM2.5;Jahresmittel;relative Immission;NA
2004;Zch_Schimmelstrasse;PM2.5;Trend;2021;Feinstaub PM2.5;Jahresmittel;relative Immission;NA
2005;Zch_Schimmelstrasse;PM2.5;Trend;2021;Feinstaub PM2.5;Jahresmittel;relative Immission;NA
2006;Zch_Schimmelstrasse;PM2.5;Trend;2021;Feinstaub PM2.5;Jahresmittel;relative Immission;NA
2007;Zch_Schimmelstrasse;PM2.5;Trend;2021;Feinstaub PM2.5;Jahresmittel;relative Immission;NA
2008;Zch_Schimmelstrasse;PM2.5;Trend;2021;Feinstaub PM2.5;Jahresmittel;relative Immission;NA
2009;Zch_Schimmelstrasse;PM2.5;Trend;2021;Feinstaub PM2.5;Jahresmittel;relative Immission;NA
2010;Zch_Schimmelstrasse;PM2.5;Trend;2021;Feinstaub PM2.5;Jahresmittel;relative Immission;NA
2011;Zch_Schimmelstrasse;PM2.5;Trend;2021;Feinstaub PM2.5;Jahresmittel;relative Immission;NA
2012;Zch_Schimmelstrasse;PM2.5;Trend;2021;Feinstaub PM2.5;Jahresmittel;relative Immission;NA
2013;Zch_Schimmelstrasse;PM2.5;Trend;2021;Feinstaub PM2.5;Jahresmittel;relative Immission;NA
2014;Zch_Schimmelstrasse;PM2.5;Trend;2021;Feinstaub PM2.5;Jahresmittel;relative Immission;NA
2015;Zch_Schimmelstrasse;PM2.5;Trend;2021;Feinstaub PM2.5;Jahresmittel;relative Immission;NA
2016;Zch_Schimmelstrasse;PM2.5;Trend;2021;Feinstaub PM2.5;Jahresmittel;relative Immission;NA
2017;Zch_Schimmelstrasse;PM2.5;Trend;2021;Feinstaub PM2.5;Jahresmittel;relative Immission;1.1172816745571383
2018;Zch_Schimmelstrasse;PM2.5;Trend;2021;Feinstaub PM2.5;Jahresmittel;relative Immission;1.0816241650685072
2019;Zch_Schimmelstrasse;PM2.5;Trend;2021;Feinstaub PM2.5;Jahresmittel;relative Immission;1.0468275208779878
2020;Zch_Schimmelstrasse;PM2.5;Trend;2021;Feinstaub PM2.5;Jahresmittel;relative Immission;1.0115238893516056
2021;Zch_Schimmelstrasse;PM2.5;Trend;2021;Feinstaub PM2.5;Jahresmittel;relative Immission;1
2022;Zch_Schimmelstrasse;PM2.5;Trend;2021;Feinstaub PM2.5;Jahresmittel;relative Immission;0.9697355748058619
2023;Zch_Schimmelstrasse;PM2.5;Trend;2021;Feinstaub PM2.5;Jahresmittel;relative Immission;0.9127938605672613
2024;Zch_Schimmelstrasse;PM2.5;Trend;2021;Feinstaub PM2.5;Jahresmittel;relative Immission;0.8529955265830406
2025;Zch_Schimmelstrasse;PM2.5;Trend;2021;Feinstaub PM2.5;Jahresmittel;relative Immission;0.8518563655586929
1990;Zch_Stampfenbachstrasse;PM2.5;gemessen;2021;Feinstaub PM2.5;Jahresmittel;relative Immission;NA
1991;Zch_Stampfenbachstrasse;PM2.5;gemessen;2021;Feinstaub PM2.5;Jahresmittel;relative Immission;NA
1992;Zch_Stampfenbachstrasse;PM2.5;gemessen;2021;Feinstaub PM2.5;Jahresmittel;relative Immission;NA
1993;Zch_Stampfenbachstrasse;PM2.5;gemessen;2021;Feinstaub PM2.5;Jahresmittel;relative Immission;NA
1994;Zch_Stampfenbachstrasse;PM2.5;gemessen;2021;Feinstaub PM2.5;Jahresmittel;relative Immission;NA
1995;Zch_Stampfenbachstrasse;PM2.5;gemessen;2021;Feinstaub PM2.5;Jahresmittel;relative Immission;NA
1996;Zch_Stampfenbachstrasse;PM2.5;gemessen;2021;Feinstaub PM2.5;Jahresmittel;relative Immission;NA
1997;Zch_Stampfenbachstrasse;PM2.5;gemessen;2021;Feinstaub PM2.5;Jahresmittel;relative Immission;NA
1998;Zch_Stampfenbachstrasse;PM2.5;gemessen;2021;Feinstaub PM2.5;Jahresmittel;relative Immission;NA
1999;Zch_Stampfenbachstrasse;PM2.5;gemessen;2021;Feinstaub PM2.5;Jahresmittel;relative Immission;NA
2000;Zch_Stampfenbachstrasse;PM2.5;gemessen;2021;Feinstaub PM2.5;Jahresmittel;relative Immission;NA
2001;Zch_Stampfenbachstrasse;PM2.5;gemessen;2021;Feinstaub PM2.5;Jahresmittel;relative Immission;NA
2002;Zch_Stampfenbachstrasse;PM2.5;gemessen;2021;Feinstaub PM2.5;Jahresmittel;relative Immission;NA
2003;Zch_Stampfenbachstrasse;PM2.5;gemessen;2021;Feinstaub PM2.5;Jahresmittel;relative Immission;NA
2004;Zch_Stampfenbachstrasse;PM2.5;gemessen;2021;Feinstaub PM2.5;Jahresmittel;relative Immission;NA
2005;Zch_Stampfenbachstrasse;PM2.5;gemessen;2021;Feinstaub PM2.5;Jahresmittel;relative Immission;NA
2006;Zch_Stampfenbachstrasse;PM2.5;gemessen;2021;Feinstaub PM2.5;Jahresmittel;relative Immission;NA
2007;Zch_Stampfenbachstrasse;PM2.5;gemessen;2021;Feinstaub PM2.5;Jahresmittel;relative Immission;NA
2008;Zch_Stampfenbachstrasse;PM2.5;gemessen;2021;Feinstaub PM2.5;Jahresmittel;relative Immission;NA
2009;Zch_Stampfenbachstrasse;PM2.5;gemessen;2021;Feinstaub PM2.5;Jahresmittel;relative Immission;NA
2010;Zch_Stampfenbachstrasse;PM2.5;gemessen;2021;Feinstaub PM2.5;Jahresmittel;relative Immission;NA
2011;Zch_Stampfenbachstrasse;PM2.5;gemessen;2021;Feinstaub PM2.5;Jahresmittel;relative Immission;NA
2012;Zch_Stampfenbachstrasse;PM2.5;gemessen;2021;Feinstaub PM2.5;Jahresmittel;relative Immission;NA
2013;Zch_Stampfenbachstrasse;PM2.5;gemessen;2021;Feinstaub PM2.5;Jahresmittel;relative Immission;NA
2014;Zch_Stampfenbachstrasse;PM2.5;gemessen;2021;Feinstaub PM2.5;Jahresmittel;relative Immission;NA
2015;Zch_Stampfenbachstrasse;PM2.5;gemessen;2021;Feinstaub PM2.5;Jahresmittel;relative Immission;NA
2016;Zch_Stampfenbachstrasse;PM2.5;gemessen;2021;Feinstaub PM2.5;Jahresmittel;relative Immission;NA
2017;Zch_Stampfenbachstrasse;PM2.5;gemessen;2021;Feinstaub PM2.5;Jahresmittel;relative Immission;1.0631947660350927
2018;Zch_Stampfenbachstrasse;PM2.5;gemessen;2021;Feinstaub PM2.5;Jahresmittel;relative Immission;1.210678525604579
2019;Zch_Stampfenbachstrasse;PM2.5;gemessen;2021;Feinstaub PM2.5;Jahresmittel;relative Immission;1.0374014859935883
2020;Zch_Stampfenbachstrasse;PM2.5;gemessen;2021;Feinstaub PM2.5;Jahresmittel;relative Immission;0.982276691311659
2021;Zch_Stampfenbachstrasse;PM2.5;gemessen;2021;Feinstaub PM2.5;Jahresmittel;relative Immission;1
2022;Zch_Stampfenbachstrasse;PM2.5;gemessen;2021;Feinstaub PM2.5;Jahresmittel;relative Immission;1.001791254781951
2023;Zch_Stampfenbachstrasse;PM2.5;gemessen;2021;Feinstaub PM2.5;Jahresmittel;relative Immission;0.8864746854599813
2024;Zch_Stampfenbachstrasse;PM2.5;gemessen;2021;Feinstaub PM2.5;Jahresmittel;relative Immission;0.7598125227299454
2025;Zch_Stampfenbachstrasse;PM2.5;gemessen;2021;Feinstaub PM2.5;Jahresmittel;relative Immission;0.8717540110933053
1990;Zch_Stampfenbachstrasse;PM2.5;Trend;2021;Feinstaub PM2.5;Jahresmittel;relative Immission;NA
1991;Zch_Stampfenbachstrasse;PM2.5;Trend;2021;Feinstaub PM2.5;Jahresmittel;relative Immission;NA
1992;Zch_Stampfenbachstrasse;PM2.5;Trend;2021;Feinstaub PM2.5;Jahresmittel;relative Immission;NA
1993;Zch_Stampfenbachstrasse;PM2.5;Trend;2021;Feinstaub PM2.5;Jahresmittel;relative Immission;NA
1994;Zch_Stampfenbachstrasse;PM2.5;Trend;2021;Feinstaub PM2.5;Jahresmittel;relative Immission;NA
1995;Zch_Stampfenbachstrasse;PM2.5;Trend;2021;Feinstaub PM2.5;Jahresmittel;relative Immission;NA
1996;Zch_Stampfenbachstrasse;PM2.5;Trend;2021;Feinstaub PM2.5;Jahresmittel;relative Immission;NA
1997;Zch_Stampfenbachstrasse;PM2.5;Trend;2021;Feinstaub PM2.5;Jahresmittel;relative Immission;NA
1998;Zch_Stampfenbachstrasse;PM2.5;Trend;2021;Feinstaub PM2.5;Jahresmittel;relative Immission;NA
1999;Zch_Stampfenbachstrasse;PM2.5;Trend;2021;Feinstaub PM2.5;Jahresmittel;relative Immission;NA
2000;Zch_Stampfenbachstrasse;PM2.5;Trend;2021;Feinstaub PM2.5;Jahresmittel;relative Immission;NA
2001;Zch_Stampfenbachstrasse;PM2.5;Trend;2021;Feinstaub PM2.5;Jahresmittel;relative Immission;NA
2002;Zch_Stampfenbachstrasse;PM2.5;Trend;2021;Feinstaub PM2.5;Jahresmittel;relative Immission;NA
2003;Zch_Stampfenbachstrasse;PM2.5;Trend;2021;Feinstaub PM2.5;Jahresmittel;relative Immission;NA
2004;Zch_Stampfenbachstrasse;PM2.5;Trend;2021;Feinstaub PM2.5;Jahresmittel;relative Immission;NA
2005;Zch_Stampfenbachstrasse;PM2.5;Trend;2021;Feinstaub PM2.5;Jahresmittel;relative Immission;NA
2006;Zch_Stampfenbachstrasse;PM2.5;Trend;2021;Feinstaub PM2.5;Jahresmittel;relative Immission;NA
2007;Zch_Stampfenbachstrasse;PM2.5;Trend;2021;Feinstaub PM2.5;Jahresmittel;relative Immission;NA
2008;Zch_Stampfenbachstrasse;PM2.5;Trend;2021;Feinstaub PM2.5;Jahresmittel;relative Immission;NA
2009;Zch_Stampfenbachstrasse;PM2.5;Trend;2021;Feinstaub PM2.5;Jahresmittel;relative Immission;NA
2010;Zch_Stampfenbachstrasse;PM2.5;Trend;2021;Feinstaub PM2.5;Jahresmittel;relative Immission;NA
2011;Zch_Stampfenbachstrasse;PM2.5;Trend;2021;Feinstaub PM2.5;Jahresmittel;relative Immission;NA
2012;Zch_Stampfenbachstrasse;PM2.5;Trend;2021;Feinstaub PM2.5;Jahresmittel;relative Immission;NA
2013;Zch_Stampfenbachstrasse;PM2.5;Trend;2021;Feinstaub PM2.5;Jahresmittel;relative Immission;NA
2014;Zch_Stampfenbachstrasse;PM2.5;Trend;2021;Feinstaub PM2.5;Jahresmittel;relative Immission;NA
2015;Zch_Stampfenbachstrasse;PM2.5;Trend;2021;Feinstaub PM2.5;Jahresmittel;relative Immission;NA
2016;Zch_Stampfenbachstrasse;PM2.5;Trend;2021;Feinstaub PM2.5;Jahresmittel;relative Immission;NA
2017;Zch_Stampfenbachstrasse;PM2.5;Trend;2021;Feinstaub PM2.5;Jahresmittel;relative Immission;1.0784518785686568
2018;Zch_Stampfenbachstrasse;PM2.5;Trend;2021;Feinstaub PM2.5;Jahresmittel;relative Immission;1.0638683622983187
2019;Zch_Stampfenbachstrasse;PM2.5;Trend;2021;Feinstaub PM2.5;Jahresmittel;relative Immission;1.0267332938104656
2020;Zch_Stampfenbachstrasse;PM2.5;Trend;2021;Feinstaub PM2.5;Jahresmittel;relative Immission;1.004948469390119
2021;Zch_Stampfenbachstrasse;PM2.5;Trend;2021;Feinstaub PM2.5;Jahresmittel;relative Immission;1
2022;Zch_Stampfenbachstrasse;PM2.5;Trend;2021;Feinstaub PM2.5;Jahresmittel;relative Immission;0.9564589214922965
2023;Zch_Stampfenbachstrasse;PM2.5;Trend;2021;Feinstaub PM2.5;Jahresmittel;relative Immission;0.8887781574813544
2024;Zch_Stampfenbachstrasse;PM2.5;Trend;2021;Feinstaub PM2.5;Jahresmittel;relative Immission;0.8500738883256316
2025;Zch_Stampfenbachstrasse;PM2.5;Trend;2021;Feinstaub PM2.5;Jahresmittel;relative Immission;0.8582258705738531
2000;Zürich-Kaserne;PM2.5;gemessen;2021;Feinstaub PM2.5;Jahresmittel;relative Immission;NA
2001;Zürich-Kaserne;PM2.5;gemessen;2021;Feinstaub PM2.5;Jahresmittel;relative Immission;NA
2002;Zürich-Kaserne;PM2.5;gemessen;2021;Feinstaub PM2.5;Jahresmittel;relative Immission;NA
2003;Zürich-Kaserne;PM2.5;gemessen;2021;Feinstaub PM2.5;Jahresmittel;relative Immission;NA
2004;Zürich-Kaserne;PM2.5;gemessen;2021;Feinstaub PM2.5;Jahresmittel;relative Immission;NA
2005;Zürich-Kaserne;PM2.5;gemessen;2021;Feinstaub PM2.5;Jahresmittel;relative Immission;NA
2006;Zürich-Kaserne;PM2.5;gemessen;2021;Feinstaub PM2.5;Jahresmittel;relative Immission;NA
2007;Zürich-Kaserne;PM2.5;gemessen;2021;Feinstaub PM2.5;Jahresmittel;relative Immission;NA
2008;Zürich-Kaserne;PM2.5;gemessen;2021;Feinstaub PM2.5;Jahresmittel;relative Immission;NA
2009;Zürich-Kaserne;PM2.5;gemessen;2021;Feinstaub PM2.5;Jahresmittel;relative Immission;NA
2010;Zürich-Kaserne;PM2.5;gemessen;2021;Feinstaub PM2.5;Jahresmittel;relative Immission;NA
2011;Zürich-Kaserne;PM2.5;gemessen;2021;Feinstaub PM2.5;Jahresmittel;relative Immission;NA
2012;Zürich-Kaserne;PM2.5;gemessen;2021;Feinstaub PM2.5;Jahresmittel;relative Immission;NA
2013;Zürich-Kaserne;PM2.5;gemessen;2021;Feinstaub PM2.5;Jahresmittel;relative Immission;NA
2014;Zürich-Kaserne;PM2.5;gemessen;2021;Feinstaub PM2.5;Jahresmittel;relative Immission;NA
2015;Zürich-Kaserne;PM2.5;gemessen;2021;Feinstaub PM2.5;Jahresmittel;relative Immission;NA
2016;Zürich-Kaserne;PM2.5;gemessen;2021;Feinstaub PM2.5;Jahresmittel;relative Immission;1.1489366462021118
2017;Zürich-Kaserne;PM2.5;gemessen;2021;Feinstaub PM2.5;Jahresmittel;relative Immission;1.1619292592479291
2018;Zürich-Kaserne;PM2.5;gemessen;2021;Feinstaub PM2.5;Jahresmittel;relative Immission;1.2683471504175716
2019;Zürich-Kaserne;PM2.5;gemessen;2021;Feinstaub PM2.5;Jahresmittel;relative Immission;1.0616156587834578
2020;Zürich-Kaserne;PM2.5;gemessen;2021;Feinstaub PM2.5;Jahresmittel;relative Immission;0.9264897852538755
2021;Zürich-Kaserne;PM2.5;gemessen;2021;Feinstaub PM2.5;Jahresmittel;relative Immission;1
2022;Zürich-Kaserne;PM2.5;gemessen;2021;Feinstaub PM2.5;Jahresmittel;relative Immission;0.9944053260264718
2023;Zürich-Kaserne;PM2.5;gemessen;2021;Feinstaub PM2.5;Jahresmittel;relative Immission;0.814188259047386
2024;Zürich-Kaserne;PM2.5;gemessen;2021;Feinstaub PM2.5;Jahresmittel;relative Immission;0.7601005301327112
2025;Zürich-Kaserne;PM2.5;gemessen;2021;Feinstaub PM2.5;Jahresmittel;relative Immission;0.9607022046008499
2000;Zürich-Kaserne;PM2.5;Trend;2021;Feinstaub PM2.5;Jahresmittel;relative Immission;NA
2001;Zürich-Kaserne;PM2.5;Trend;2021;Feinstaub PM2.5;Jahresmittel;relative Immission;NA
2002;Zürich-Kaserne;PM2.5;Trend;2021;Feinstaub PM2.5;Jahresmittel;relative Immission;NA
2003;Zürich-Kaserne;PM2.5;Trend;2021;Feinstaub PM2.5;Jahresmittel;relative Immission;NA
2004;Zürich-Kaserne;PM2.5;Trend;2021;Feinstaub PM2.5;Jahresmittel;relative Immission;NA
2005;Zürich-Kaserne;PM2.5;Trend;2021;Feinstaub PM2.5;Jahresmittel;relative Immission;NA
2006;Zürich-Kaserne;PM2.5;Trend;2021;Feinstaub PM2.5;Jahresmittel;relative Immission;NA
2007;Zürich-Kaserne;PM2.5;Trend;2021;Feinstaub PM2.5;Jahresmittel;relative Immission;NA
2008;Zürich-Kaserne;PM2.5;Trend;2021;Feinstaub PM2.5;Jahresmittel;relative Immission;NA
2009;Zürich-Kaserne;PM2.5;Trend;2021;Feinstaub PM2.5;Jahresmittel;relative Immission;NA
2010;Zürich-Kaserne;PM2.5;Trend;2021;Feinstaub PM2.5;Jahresmittel;relative Immission;NA
2011;Zürich-Kaserne;PM2.5;Trend;2021;Feinstaub PM2.5;Jahresmittel;relative Immission;NA
2012;Zürich-Kaserne;PM2.5;Trend;2021;Feinstaub PM2.5;Jahresmittel;relative Immission;NA
2013;Zürich-Kaserne;PM2.5;Trend;2021;Feinstaub PM2.5;Jahresmittel;relative Immission;NA
2014;Zürich-Kaserne;PM2.5;Trend;2021;Feinstaub PM2.5;Jahresmittel;relative Immission;NA
2015;Zürich-Kaserne;PM2.5;Trend;2021;Feinstaub PM2.5;Jahresmittel;relative Immission;NA
2016;Zürich-Kaserne;PM2.5;Trend;2021;Feinstaub PM2.5;Jahresmittel;relative Immission;1.1661669355618074
2017;Zürich-Kaserne;PM2.5;Trend;2021;Feinstaub PM2.5;Jahresmittel;relative Immission;1.1178390437399766
2018;Zürich-Kaserne;PM2.5;Trend;2021;Feinstaub PM2.5;Jahresmittel;relative Immission;1.105212158743683
2019;Zürich-Kaserne;PM2.5;Trend;2021;Feinstaub PM2.5;Jahresmittel;relative Immission;1.0603030083466887
2020;Zürich-Kaserne;PM2.5;Trend;2021;Feinstaub PM2.5;Jahresmittel;relative Immission;1.0098782367361487
2021;Zürich-Kaserne;PM2.5;Trend;2021;Feinstaub PM2.5;Jahresmittel;relative Immission;1
2022;Zürich-Kaserne;PM2.5;Trend;2021;Feinstaub PM2.5;Jahresmittel;relative Immission;0.9674665459276152
2023;Zürich-Kaserne;PM2.5;Trend;2021;Feinstaub PM2.5;Jahresmittel;relative Immission;0.9204110896908192
2024;Zürich-Kaserne;PM2.5;Trend;2021;Feinstaub PM2.5;Jahresmittel;relative Immission;0.905901353930974
2025;Zürich-Kaserne;PM2.5;Trend;2021;Feinstaub PM2.5;Jahresmittel;relative Immission;0.9277006535625038
1990;Bachtel/Wald;PM10;gemessen;2015;Feinstaub PM10;Jahresmittel;relative Immission;NA
1991;Bachtel/Wald;PM10;gemessen;2015;Feinstaub PM10;Jahresmittel;relative Immission;NA
1992;Bachtel/Wald;PM10;gemessen;2015;Feinstaub PM10;Jahresmittel;relative Immission;NA
1993;Bachtel/Wald;PM10;gemessen;2015;Feinstaub PM10;Jahresmittel;relative Immission;NA
1994;Bachtel/Wald;PM10;gemessen;2015;Feinstaub PM10;Jahresmittel;relative Immission;NA
1995;Bachtel/Wald;PM10;gemessen;2015;Feinstaub PM10;Jahresmittel;relative Immission;NA
1996;Bachtel/Wald;PM10;gemessen;2015;Feinstaub PM10;Jahresmittel;relative Immission;NA
1997;Bachtel/Wald;PM10;gemessen;2015;Feinstaub PM10;Jahresmittel;relative Immission;NA
1998;Bachtel/Wald;PM10;gemessen;2015;Feinstaub PM10;Jahresmittel;relative Immission;NA
1999;Bachtel/Wald;PM10;gemessen;2015;Feinstaub PM10;Jahresmittel;relative Immission;NA
2000;Bachtel/Wald;PM10;gemessen;2015;Feinstaub PM10;Jahresmittel;relative Immission;NA
2001;Bachtel/Wald;PM10;gemessen;2015;Feinstaub PM10;Jahresmittel;relative Immission;NA
2002;Bachtel/Wald;PM10;gemessen;2015;Feinstaub PM10;Jahresmittel;relative Immission;NA
2003;Bachtel/Wald;PM10;gemessen;2015;Feinstaub PM10;Jahresmittel;relative Immission;NA
2004;Bachtel/Wald;PM10;gemessen;2015;Feinstaub PM10;Jahresmittel;relative Immission;NA
2005;Bachtel/Wald;PM10;gemessen;2015;Feinstaub PM10;Jahresmittel;relative Immission;NA
2006;Bachtel/Wald;PM10;gemessen;2015;Feinstaub PM10;Jahresmittel;relative Immission;NA
2007;Bachtel/Wald;PM10;gemessen;2015;Feinstaub PM10;Jahresmittel;relative Immission;NA
2008;Bachtel/Wald;PM10;gemessen;2015;Feinstaub PM10;Jahresmittel;relative Immission;NA
2009;Bachtel/Wald;PM10;gemessen;2015;Feinstaub PM10;Jahresmittel;relative Immission;1.326007115011455
2010;Bachtel/Wald;PM10;gemessen;2015;Feinstaub PM10;Jahresmittel;relative Immission;1.3527604536240323
2011;Bachtel/Wald;PM10;gemessen;2015;Feinstaub PM10;Jahresmittel;relative Immission;1.3046533113979302
2012;Bachtel/Wald;PM10;gemessen;2015;Feinstaub PM10;Jahresmittel;relative Immission;1.101005672077907
2013;Bachtel/Wald;PM10;gemessen;2015;Feinstaub PM10;Jahresmittel;relative Immission;1.2343685527579755
2014;Bachtel/Wald;PM10;gemessen;2015;Feinstaub PM10;Jahresmittel;relative Immission;NA
2015;Bachtel/Wald;PM10;gemessen;2015;Feinstaub PM10;Jahresmittel;relative Immission;1
2016;Bachtel/Wald;PM10;gemessen;2015;Feinstaub PM10;Jahresmittel;relative Immission;0.9016683715471115
2017;Bachtel/Wald;PM10;gemessen;2015;Feinstaub PM10;Jahresmittel;relative Immission;0.9971016650891005
2018;Bachtel/Wald;PM10;gemessen;2015;Feinstaub PM10;Jahresmittel;relative Immission;1.0927872950666282
2019;Bachtel/Wald;PM10;gemessen;2015;Feinstaub PM10;Jahresmittel;relative Immission;0.9078601730936849
2020;Bachtel/Wald;PM10;gemessen;2015;Feinstaub PM10;Jahresmittel;relative Immission;0.8467352271354609
2021;Bachtel/Wald;PM10;gemessen;2015;Feinstaub PM10;Jahresmittel;relative Immission;0.8791333989156788
2022;Bachtel/Wald;PM10;gemessen;2015;Feinstaub PM10;Jahresmittel;relative Immission;NA
2023;Bachtel/Wald;PM10;gemessen;2015;Feinstaub PM10;Jahresmittel;relative Immission;0.8842092946578882
2024;Bachtel/Wald;PM10;gemessen;2015;Feinstaub PM10;Jahresmittel;relative Immission;NA
2025;Bachtel/Wald;PM10;gemessen;2015;Feinstaub PM10;Jahresmittel;relative Immission;0.8751256596778083
1990;Bachtel/Wald;PM10;Trend;2015;Feinstaub PM10;Jahresmittel;relative Immission;NA
1991;Bachtel/Wald;PM10;Trend;2015;Feinstaub PM10;Jahresmittel;relative Immission;NA
1992;Bachtel/Wald;PM10;Trend;2015;Feinstaub PM10;Jahresmittel;relative Immission;NA
1993;Bachtel/Wald;PM10;Trend;2015;Feinstaub PM10;Jahresmittel;relative Immission;NA
1994;Bachtel/Wald;PM10;Trend;2015;Feinstaub PM10;Jahresmittel;relative Immission;NA
1995;Bachtel/Wald;PM10;Trend;2015;Feinstaub PM10;Jahresmittel;relative Immission;NA
1996;Bachtel/Wald;PM10;Trend;2015;Feinstaub PM10;Jahresmittel;relative Immission;NA
1997;Bachtel/Wald;PM10;Trend;2015;Feinstaub PM10;Jahresmittel;relative Immission;NA
1998;Bachtel/Wald;PM10;Trend;2015;Feinstaub PM10;Jahresmittel;relative Immission;NA
1999;Bachtel/Wald;PM10;Trend;2015;Feinstaub PM10;Jahresmittel;relative Immission;NA
2000;Bachtel/Wald;PM10;Trend;2015;Feinstaub PM10;Jahresmittel;relative Immission;NA
2001;Bachtel/Wald;PM10;Trend;2015;Feinstaub PM10;Jahresmittel;relative Immission;NA
2002;Bachtel/Wald;PM10;Trend;2015;Feinstaub PM10;Jahresmittel;relative Immission;NA
2003;Bachtel/Wald;PM10;Trend;2015;Feinstaub PM10;Jahresmittel;relative Immission;NA
2004;Bachtel/Wald;PM10;Trend;2015;Feinstaub PM10;Jahresmittel;relative Immission;NA
2005;Bachtel/Wald;PM10;Trend;2015;Feinstaub PM10;Jahresmittel;relative Immission;NA
2006;Bachtel/Wald;PM10;Trend;2015;Feinstaub PM10;Jahresmittel;relative Immission;NA
2007;Bachtel/Wald;PM10;Trend;2015;Feinstaub PM10;Jahresmittel;relative Immission;NA
2008;Bachtel/Wald;PM10;Trend;2015;Feinstaub PM10;Jahresmittel;relative Immission;NA
2009;Bachtel/Wald;PM10;Trend;2015;Feinstaub PM10;Jahresmittel;relative Immission;1.2344908564299886
2010;Bachtel/Wald;PM10;Trend;2015;Feinstaub PM10;Jahresmittel;relative Immission;1.1810323284932567
2011;Bachtel/Wald;PM10;Trend;2015;Feinstaub PM10;Jahresmittel;relative Immission;1.1408904560096476
2012;Bachtel/Wald;PM10;Trend;2015;Feinstaub PM10;Jahresmittel;relative Immission;1.0955057415269465
2013;Bachtel/Wald;PM10;Trend;2015;Feinstaub PM10;Jahresmittel;relative Immission;1.1095880795256887
2014;Bachtel/Wald;PM10;Trend;2015;Feinstaub PM10;Jahresmittel;relative Immission;NA
2015;Bachtel/Wald;PM10;Trend;2015;Feinstaub PM10;Jahresmittel;relative Immission;1
2016;Bachtel/Wald;PM10;Trend;2015;Feinstaub PM10;Jahresmittel;relative Immission;0.9730628299686644
2017;Bachtel/Wald;PM10;Trend;2015;Feinstaub PM10;Jahresmittel;relative Immission;0.9646407515215977
2018;Bachtel/Wald;PM10;Trend;2015;Feinstaub PM10;Jahresmittel;relative Immission;0.957435458055649
2019;Bachtel/Wald;PM10;Trend;2015;Feinstaub PM10;Jahresmittel;relative Immission;0.9370906990637595
2020;Bachtel/Wald;PM10;Trend;2015;Feinstaub PM10;Jahresmittel;relative Immission;0.9171022229437078
2021;Bachtel/Wald;PM10;Trend;2015;Feinstaub PM10;Jahresmittel;relative Immission;0.9058677817726969
2022;Bachtel/Wald;PM10;Trend;2015;Feinstaub PM10;Jahresmittel;relative Immission;NA
2023;Bachtel/Wald;PM10;Trend;2015;Feinstaub PM10;Jahresmittel;relative Immission;0.8999993586151293
2024;Bachtel/Wald;PM10;Trend;2015;Feinstaub PM10;Jahresmittel;relative Immission;NA
2025;Bachtel/Wald;PM10;Trend;2015;Feinstaub PM10;Jahresmittel;relative Immission;0.9086600895992519
2000;Dübendorf-EMPA;PM10;gemessen;2015;Feinstaub PM10;Jahresmittel;relative Immission;NA
2001;Dübendorf-EMPA;PM10;gemessen;2015;Feinstaub PM10;Jahresmittel;relative Immission;1.1972866196069931
2002;Dübendorf-EMPA;PM10;gemessen;2015;Feinstaub PM10;Jahresmittel;relative Immission;1.4475001444800897
2003;Dübendorf-EMPA;PM10;gemessen;2015;Feinstaub PM10;Jahresmittel;relative Immission;1.6839204605635585
2004;Dübendorf-EMPA;PM10;gemessen;2015;Feinstaub PM10;Jahresmittel;relative Immission;1.3806132406567255
2005;Dübendorf-EMPA;PM10;gemessen;2015;Feinstaub PM10;Jahresmittel;relative Immission;1.332300422865556
2006;Dübendorf-EMPA;PM10;gemessen;2015;Feinstaub PM10;Jahresmittel;relative Immission;1.4907734618705155
2007;Dübendorf-EMPA;PM10;gemessen;2015;Feinstaub PM10;Jahresmittel;relative Immission;1.2735521354113541
2008;Dübendorf-EMPA;PM10;gemessen;2015;Feinstaub PM10;Jahresmittel;relative Immission;1.1562034548287137
2009;Dübendorf-EMPA;PM10;gemessen;2015;Feinstaub PM10;Jahresmittel;relative Immission;1.1692184757267454
2010;Dübendorf-EMPA;PM10;gemessen;2015;Feinstaub PM10;Jahresmittel;relative Immission;1.145674616082587
2011;Dübendorf-EMPA;PM10;gemessen;2015;Feinstaub PM10;Jahresmittel;relative Immission;1.154328029745331
2012;Dübendorf-EMPA;PM10;gemessen;2015;Feinstaub PM10;Jahresmittel;relative Immission;1.0219650408313503
2013;Dübendorf-EMPA;PM10;gemessen;2015;Feinstaub PM10;Jahresmittel;relative Immission;1.1070716960018632
2014;Dübendorf-EMPA;PM10;gemessen;2015;Feinstaub PM10;Jahresmittel;relative Immission;0.8618239715122151
2015;Dübendorf-EMPA;PM10;gemessen;2015;Feinstaub PM10;Jahresmittel;relative Immission;1
2016;Dübendorf-EMPA;PM10;gemessen;2015;Feinstaub PM10;Jahresmittel;relative Immission;0.8606036966919334
2017;Dübendorf-EMPA;PM10;gemessen;2015;Feinstaub PM10;Jahresmittel;relative Immission;0.8612247693071511
2018;Dübendorf-EMPA;PM10;gemessen;2015;Feinstaub PM10;Jahresmittel;relative Immission;0.9275992535652531
2019;Dübendorf-EMPA;PM10;gemessen;2015;Feinstaub PM10;Jahresmittel;relative Immission;0.7949016452380545
2020;Dübendorf-EMPA;PM10;gemessen;2015;Feinstaub PM10;Jahresmittel;relative Immission;0.7450004712720639
2021;Dübendorf-EMPA;PM10;gemessen;2015;Feinstaub PM10;Jahresmittel;relative Immission;0.7994029989458932
2022;Dübendorf-EMPA;PM10;gemessen;2015;Feinstaub PM10;Jahresmittel;relative Immission;0.8604886065980722
2023;Dübendorf-EMPA;PM10;gemessen;2015;Feinstaub PM10;Jahresmittel;relative Immission;0.7139408673023916
2024;Dübendorf-EMPA;PM10;gemessen;2015;Feinstaub PM10;Jahresmittel;relative Immission;0.6921851964218506
2025;Dübendorf-EMPA;PM10;gemessen;2015;Feinstaub PM10;Jahresmittel;relative Immission;0.8012820846296737
2000;Dübendorf-EMPA;PM10;Trend;2015;Feinstaub PM10;Jahresmittel;relative Immission;NA
2001;Dübendorf-EMPA;PM10;Trend;2015;Feinstaub PM10;Jahresmittel;relative Immission;1.4867070884709088
2002;Dübendorf-EMPA;PM10;Trend;2015;Feinstaub PM10;Jahresmittel;relative Immission;1.4736780079757281
2003;Dübendorf-EMPA;PM10;Trend;2015;Feinstaub PM10;Jahresmittel;relative Immission;1.464066330120968
2004;Dübendorf-EMPA;PM10;Trend;2015;Feinstaub PM10;Jahresmittel;relative Immission;1.4242544843430174
2005;Dübendorf-EMPA;PM10;Trend;2015;Feinstaub PM10;Jahresmittel;relative Immission;1.3951007266648028
2006;Dübendorf-EMPA;PM10;Trend;2015;Feinstaub PM10;Jahresmittel;relative Immission;1.3738399786429705
2007;Dübendorf-EMPA;PM10;Trend;2015;Feinstaub PM10;Jahresmittel;relative Immission;1.340794285675219
2008;Dübendorf-EMPA;PM10;Trend;2015;Feinstaub PM10;Jahresmittel;relative Immission;1.2864427295835141
2009;Dübendorf-EMPA;PM10;Trend;2015;Feinstaub PM10;Jahresmittel;relative Immission;1.2444544760224632
2010;Dübendorf-EMPA;PM10;Trend;2015;Feinstaub PM10;Jahresmittel;relative Immission;1.2041655347715619
2011;Dübendorf-EMPA;PM10;Trend;2015;Feinstaub PM10;Jahresmittel;relative Immission;1.145561606313174
2012;Dübendorf-EMPA;PM10;Trend;2015;Feinstaub PM10;Jahresmittel;relative Immission;1.0907905568957244
2013;Dübendorf-EMPA;PM10;Trend;2015;Feinstaub PM10;Jahresmittel;relative Immission;1.0752250450102923
2014;Dübendorf-EMPA;PM10;Trend;2015;Feinstaub PM10;Jahresmittel;relative Immission;1.0238826960110092
2015;Dübendorf-EMPA;PM10;Trend;2015;Feinstaub PM10;Jahresmittel;relative Immission;1
2016;Dübendorf-EMPA;PM10;Trend;2015;Feinstaub PM10;Jahresmittel;relative Immission;0.980516627777252
2017;Dübendorf-EMPA;PM10;Trend;2015;Feinstaub PM10;Jahresmittel;relative Immission;0.9545632454315566
2018;Dübendorf-EMPA;PM10;Trend;2015;Feinstaub PM10;Jahresmittel;relative Immission;0.9416242367092362
2019;Dübendorf-EMPA;PM10;Trend;2015;Feinstaub PM10;Jahresmittel;relative Immission;0.9192835151496532
2020;Dübendorf-EMPA;PM10;Trend;2015;Feinstaub PM10;Jahresmittel;relative Immission;0.9077355998402515
2021;Dübendorf-EMPA;PM10;Trend;2015;Feinstaub PM10;Jahresmittel;relative Immission;0.9032234456718164
2022;Dübendorf-EMPA;PM10;Trend;2015;Feinstaub PM10;Jahresmittel;relative Immission;0.9007500889676053
2023;Dübendorf-EMPA;PM10;Trend;2015;Feinstaub PM10;Jahresmittel;relative Immission;0.888087214734829
2024;Dübendorf-EMPA;PM10;Trend;2015;Feinstaub PM10;Jahresmittel;relative Immission;0.8834020045182696
2025;Dübendorf-EMPA;PM10;Trend;2015;Feinstaub PM10;Jahresmittel;relative Immission;0.8975591994387392
2001;Opf_Balsberg;PM10;gemessen;2015;Feinstaub PM10;Jahresmittel;relative Immission;NA
2002;Opf_Balsberg;PM10;gemessen;2015;Feinstaub PM10;Jahresmittel;relative Immission;NA
2003;Opf_Balsberg;PM10;gemessen;2015;Feinstaub PM10;Jahresmittel;relative Immission;NA
2004;Opf_Balsberg;PM10;gemessen;2015;Feinstaub PM10;Jahresmittel;relative Immission;1.5299243336264827
2006;Opf_Balsberg;PM10;gemessen;2015;Feinstaub PM10;Jahresmittel;relative Immission;1.6391797783256654
2007;Opf_Balsberg;PM10;gemessen;2015;Feinstaub PM10;Jahresmittel;relative Immission;NA
2008;Opf_Balsberg;PM10;gemessen;2015;Feinstaub PM10;Jahresmittel;relative Immission;1.315899240647235
2009;Opf_Balsberg;PM10;gemessen;2015;Feinstaub PM10;Jahresmittel;relative Immission;1.3112101997900598
2010;Opf_Balsberg;PM10;gemessen;2015;Feinstaub PM10;Jahresmittel;relative Immission;1.2680696961808378
2011;Opf_Balsberg;PM10;gemessen;2015;Feinstaub PM10;Jahresmittel;relative Immission;1.2855943690713438
2012;Opf_Balsberg;PM10;gemessen;2015;Feinstaub PM10;Jahresmittel;relative Immission;1.0810336709287287
2013;Opf_Balsberg;PM10;gemessen;2015;Feinstaub PM10;Jahresmittel;relative Immission;1.199977117688524
2014;Opf_Balsberg;PM10;gemessen;2015;Feinstaub PM10;Jahresmittel;relative Immission;0.949415068647802
2015;Opf_Balsberg;PM10;gemessen;2015;Feinstaub PM10;Jahresmittel;relative Immission;1
2016;Opf_Balsberg;PM10;gemessen;2015;Feinstaub PM10;Jahresmittel;relative Immission;0.9393274702704476
2017;Opf_Balsberg;PM10;gemessen;2015;Feinstaub PM10;Jahresmittel;relative Immission;0.9977301762594862
2018;Opf_Balsberg;PM10;gemessen;2015;Feinstaub PM10;Jahresmittel;relative Immission;0.9630641406642328
2019;Opf_Balsberg;PM10;gemessen;2015;Feinstaub PM10;Jahresmittel;relative Immission;0.8746863746833061
2020;Opf_Balsberg;PM10;gemessen;2015;Feinstaub PM10;Jahresmittel;relative Immission;0.8096006126875411
2021;Opf_Balsberg;PM10;gemessen;2015;Feinstaub PM10;Jahresmittel;relative Immission;0.8272354353966198
2022;Opf_Balsberg;PM10;gemessen;2015;Feinstaub PM10;Jahresmittel;relative Immission;0.8372153240779254
2023;Opf_Balsberg;PM10;gemessen;2015;Feinstaub PM10;Jahresmittel;relative Immission;0.778978846461114
2024;Opf_Balsberg;PM10;gemessen;2015;Feinstaub PM10;Jahresmittel;relative Immission;0.7288106209837228
2025;Opf_Balsberg;PM10;gemessen;2015;Feinstaub PM10;Jahresmittel;relative Immission;0.8719903687931152
2001;Opf_Balsberg;PM10;Trend;2015;Feinstaub PM10;Jahresmittel;relative Immission;NA
2002;Opf_Balsberg;PM10;Trend;2015;Feinstaub PM10;Jahresmittel;relative Immission;NA
2003;Opf_Balsberg;PM10;Trend;2015;Feinstaub PM10;Jahresmittel;relative Immission;NA
2004;Opf_Balsberg;PM10;Trend;2015;Feinstaub PM10;Jahresmittel;relative Immission;1.472635747187442
2006;Opf_Balsberg;PM10;Trend;2015;Feinstaub PM10;Jahresmittel;relative Immission;1.4023777378224438
2007;Opf_Balsberg;PM10;Trend;2015;Feinstaub PM10;Jahresmittel;relative Immission;NA
2008;Opf_Balsberg;PM10;Trend;2015;Feinstaub PM10;Jahresmittel;relative Immission;1.3401322346389617
2009;Opf_Balsberg;PM10;Trend;2015;Feinstaub PM10;Jahresmittel;relative Immission;1.3002987937440076
2010;Opf_Balsberg;PM10;Trend;2015;Feinstaub PM10;Jahresmittel;relative Immission;1.2430739208159796
2011;Opf_Balsberg;PM10;Trend;2015;Feinstaub PM10;Jahresmittel;relative Immission;1.2144379245343782
2012;Opf_Balsberg;PM10;Trend;2015;Feinstaub PM10;Jahresmittel;relative Immission;1.1504934598338405
2013;Opf_Balsberg;PM10;Trend;2015;Feinstaub PM10;Jahresmittel;relative Immission;1.1100236556454794
2014;Opf_Balsberg;PM10;Trend;2015;Feinstaub PM10;Jahresmittel;relative Immission;1.0358747125377576
2015;Opf_Balsberg;PM10;Trend;2015;Feinstaub PM10;Jahresmittel;relative Immission;1
2016;Opf_Balsberg;PM10;Trend;2015;Feinstaub PM10;Jahresmittel;relative Immission;0.980143201751928
2017;Opf_Balsberg;PM10;Trend;2015;Feinstaub PM10;Jahresmittel;relative Immission;0.9656605848939225
2018;Opf_Balsberg;PM10;Trend;2015;Feinstaub PM10;Jahresmittel;relative Immission;0.9452660711192159
2019;Opf_Balsberg;PM10;Trend;2015;Feinstaub PM10;Jahresmittel;relative Immission;0.913657734291451
2020;Opf_Balsberg;PM10;Trend;2015;Feinstaub PM10;Jahresmittel;relative Immission;0.8917940910692711
2021;Opf_Balsberg;PM10;Trend;2015;Feinstaub PM10;Jahresmittel;relative Immission;0.8816569307662154
2022;Opf_Balsberg;PM10;Trend;2015;Feinstaub PM10;Jahresmittel;relative Immission;0.8720746176563093
2023;Opf_Balsberg;PM10;Trend;2015;Feinstaub PM10;Jahresmittel;relative Immission;0.8590285900701474
2024;Opf_Balsberg;PM10;Trend;2015;Feinstaub PM10;Jahresmittel;relative Immission;0.8556299795319193
2025;Opf_Balsberg;PM10;Trend;2015;Feinstaub PM10;Jahresmittel;relative Immission;0.9023076346399675
2013;Zch_Rosengartenstrasse;PM10;gemessen;2015;Feinstaub PM10;Jahresmittel;relative Immission;NA
2014;Zch_Rosengartenstrasse;PM10;gemessen;2015;Feinstaub PM10;Jahresmittel;relative Immission;0.9685215348778952
2015;Zch_Rosengartenstrasse;PM10;gemessen;2015;Feinstaub PM10;Jahresmittel;relative Immission;1
2016;Zch_Rosengartenstrasse;PM10;gemessen;2015;Feinstaub PM10;Jahresmittel;relative Immission;0.8807182222560256
2017;Zch_Rosengartenstrasse;PM10;gemessen;2015;Feinstaub PM10;Jahresmittel;relative Immission;0.8681145227060331
2018;Zch_Rosengartenstrasse;PM10;gemessen;2015;Feinstaub PM10;Jahresmittel;relative Immission;0.9014917009362541
2019;Zch_Rosengartenstrasse;PM10;gemessen;2015;Feinstaub PM10;Jahresmittel;relative Immission;0.8080751231769472
2020;Zch_Rosengartenstrasse;PM10;gemessen;2015;Feinstaub PM10;Jahresmittel;relative Immission;0.7563335512430296
2021;Zch_Rosengartenstrasse;PM10;gemessen;2015;Feinstaub PM10;Jahresmittel;relative Immission;0.7659501090548183
2022;Zch_Rosengartenstrasse;PM10;gemessen;2015;Feinstaub PM10;Jahresmittel;relative Immission;0.7584101118892054
2023;Zch_Rosengartenstrasse;PM10;gemessen;2015;Feinstaub PM10;Jahresmittel;relative Immission;0.6899543892546919
2024;Zch_Rosengartenstrasse;PM10;gemessen;2015;Feinstaub PM10;Jahresmittel;relative Immission;0.6540257667874355
2025;Zch_Rosengartenstrasse;PM10;gemessen;2015;Feinstaub PM10;Jahresmittel;relative Immission;0.6721666457474461
2013;Zch_Rosengartenstrasse;PM10;Trend;2015;Feinstaub PM10;Jahresmittel;relative Immission;NA
2014;Zch_Rosengartenstrasse;PM10;Trend;2015;Feinstaub PM10;Jahresmittel;relative Immission;1.0577624951377353
2015;Zch_Rosengartenstrasse;PM10;Trend;2015;Feinstaub PM10;Jahresmittel;relative Immission;1
2016;Zch_Rosengartenstrasse;PM10;Trend;2015;Feinstaub PM10;Jahresmittel;relative Immission;0.9798128310333929
2017;Zch_Rosengartenstrasse;PM10;Trend;2015;Feinstaub PM10;Jahresmittel;relative Immission;0.9436934062332631
2018;Zch_Rosengartenstrasse;PM10;Trend;2015;Feinstaub PM10;Jahresmittel;relative Immission;0.9384177716712858
2019;Zch_Rosengartenstrasse;PM10;Trend;2015;Feinstaub PM10;Jahresmittel;relative Immission;0.9053157448763921
2020;Zch_Rosengartenstrasse;PM10;Trend;2015;Feinstaub PM10;Jahresmittel;relative Immission;0.8674956012709288
2021;Zch_Rosengartenstrasse;PM10;Trend;2015;Feinstaub PM10;Jahresmittel;relative Immission;0.8414127156839639
2022;Zch_Rosengartenstrasse;PM10;Trend;2015;Feinstaub PM10;Jahresmittel;relative Immission;0.8114068044981059
2023;Zch_Rosengartenstrasse;PM10;Trend;2015;Feinstaub PM10;Jahresmittel;relative Immission;0.7849024141173634
2024;Zch_Rosengartenstrasse;PM10;Trend;2015;Feinstaub PM10;Jahresmittel;relative Immission;0.7585957559959996
2025;Zch_Rosengartenstrasse;PM10;Trend;2015;Feinstaub PM10;Jahresmittel;relative Immission;0.7517814169175145
1990;Zch_Schimmelstrasse;PM10;gemessen;2015;Feinstaub PM10;Jahresmittel;relative Immission;NA
1991;Zch_Schimmelstrasse;PM10;gemessen;2015;Feinstaub PM10;Jahresmittel;relative Immission;NA
1992;Zch_Schimmelstrasse;PM10;gemessen;2015;Feinstaub PM10;Jahresmittel;relative Immission;NA
1993;Zch_Schimmelstrasse;PM10;gemessen;2015;Feinstaub PM10;Jahresmittel;relative Immission;NA
1994;Zch_Schimmelstrasse;PM10;gemessen;2015;Feinstaub PM10;Jahresmittel;relative Immission;NA
1995;Zch_Schimmelstrasse;PM10;gemessen;2015;Feinstaub PM10;Jahresmittel;relative Immission;NA
1996;Zch_Schimmelstrasse;PM10;gemessen;2015;Feinstaub PM10;Jahresmittel;relative Immission;NA
1997;Zch_Schimmelstrasse;PM10;gemessen;2015;Feinstaub PM10;Jahresmittel;relative Immission;NA
1998;Zch_Schimmelstrasse;PM10;gemessen;2015;Feinstaub PM10;Jahresmittel;relative Immission;NA
1999;Zch_Schimmelstrasse;PM10;gemessen;2015;Feinstaub PM10;Jahresmittel;relative Immission;NA
2000;Zch_Schimmelstrasse;PM10;gemessen;2015;Feinstaub PM10;Jahresmittel;relative Immission;NA
2001;Zch_Schimmelstrasse;PM10;gemessen;2015;Feinstaub PM10;Jahresmittel;relative Immission;NA
2002;Zch_Schimmelstrasse;PM10;gemessen;2015;Feinstaub PM10;Jahresmittel;relative Immission;NA
2003;Zch_Schimmelstrasse;PM10;gemessen;2015;Feinstaub PM10;Jahresmittel;relative Immission;NA
2004;Zch_Schimmelstrasse;PM10;gemessen;2015;Feinstaub PM10;Jahresmittel;relative Immission;NA
2005;Zch_Schimmelstrasse;PM10;gemessen;2015;Feinstaub PM10;Jahresmittel;relative Immission;NA
2006;Zch_Schimmelstrasse;PM10;gemessen;2015;Feinstaub PM10;Jahresmittel;relative Immission;NA
2007;Zch_Schimmelstrasse;PM10;gemessen;2015;Feinstaub PM10;Jahresmittel;relative Immission;NA
2008;Zch_Schimmelstrasse;PM10;gemessen;2015;Feinstaub PM10;Jahresmittel;relative Immission;NA
2009;Zch_Schimmelstrasse;PM10;gemessen;2015;Feinstaub PM10;Jahresmittel;relative Immission;NA
2010;Zch_Schimmelstrasse;PM10;gemessen;2015;Feinstaub PM10;Jahresmittel;relative Immission;1.2242441070120018
2011;Zch_Schimmelstrasse;PM10;gemessen;2015;Feinstaub PM10;Jahresmittel;relative Immission;1.3365934038564327
2012;Zch_Schimmelstrasse;PM10;gemessen;2015;Feinstaub PM10;Jahresmittel;relative Immission;1.0699996208938831
2013;Zch_Schimmelstrasse;PM10;gemessen;2015;Feinstaub PM10;Jahresmittel;relative Immission;1.1982853044281312
2014;Zch_Schimmelstrasse;PM10;gemessen;2015;Feinstaub PM10;Jahresmittel;relative Immission;0.9121850630503371
2015;Zch_Schimmelstrasse;PM10;gemessen;2015;Feinstaub PM10;Jahresmittel;relative Immission;1
2016;Zch_Schimmelstrasse;PM10;gemessen;2015;Feinstaub PM10;Jahresmittel;relative Immission;0.9092234395217769
2017;Zch_Schimmelstrasse;PM10;gemessen;2015;Feinstaub PM10;Jahresmittel;relative Immission;0.9134651332062306
2018;Zch_Schimmelstrasse;PM10;gemessen;2015;Feinstaub PM10;Jahresmittel;relative Immission;0.9445984683941633
2019;Zch_Schimmelstrasse;PM10;gemessen;2015;Feinstaub PM10;Jahresmittel;relative Immission;0.816316069552419
2020;Zch_Schimmelstrasse;PM10;gemessen;2015;Feinstaub PM10;Jahresmittel;relative Immission;0.7679401552524192
2021;Zch_Schimmelstrasse;PM10;gemessen;2015;Feinstaub PM10;Jahresmittel;relative Immission;0.7786832457273648
2022;Zch_Schimmelstrasse;PM10;gemessen;2015;Feinstaub PM10;Jahresmittel;relative Immission;0.8288518541430072
2023;Zch_Schimmelstrasse;PM10;gemessen;2015;Feinstaub PM10;Jahresmittel;relative Immission;0.657302860857889
2024;Zch_Schimmelstrasse;PM10;gemessen;2015;Feinstaub PM10;Jahresmittel;relative Immission;0.603153896508455
2025;Zch_Schimmelstrasse;PM10;gemessen;2015;Feinstaub PM10;Jahresmittel;relative Immission;0.7114685539239451
1990;Zch_Schimmelstrasse;PM10;Trend;2015;Feinstaub PM10;Jahresmittel;relative Immission;NA
1991;Zch_Schimmelstrasse;PM10;Trend;2015;Feinstaub PM10;Jahresmittel;relative Immission;NA
1992;Zch_Schimmelstrasse;PM10;Trend;2015;Feinstaub PM10;Jahresmittel;relative Immission;NA
1993;Zch_Schimmelstrasse;PM10;Trend;2015;Feinstaub PM10;Jahresmittel;relative Immission;NA
1994;Zch_Schimmelstrasse;PM10;Trend;2015;Feinstaub PM10;Jahresmittel;relative Immission;NA
1995;Zch_Schimmelstrasse;PM10;Trend;2015;Feinstaub PM10;Jahresmittel;relative Immission;NA
1996;Zch_Schimmelstrasse;PM10;Trend;2015;Feinstaub PM10;Jahresmittel;relative Immission;NA
1997;Zch_Schimmelstrasse;PM10;Trend;2015;Feinstaub PM10;Jahresmittel;relative Immission;NA
1998;Zch_Schimmelstrasse;PM10;Trend;2015;Feinstaub PM10;Jahresmittel;relative Immission;NA
1999;Zch_Schimmelstrasse;PM10;Trend;2015;Feinstaub PM10;Jahresmittel;relative Immission;NA
2000;Zch_Schimmelstrasse;PM10;Trend;2015;Feinstaub PM10;Jahresmittel;relative Immission;NA
2001;Zch_Schimmelstrasse;PM10;Trend;2015;Feinstaub PM10;Jahresmittel;relative Immission;NA
2002;Zch_Schimmelstrasse;PM10;Trend;2015;Feinstaub PM10;Jahresmittel;relative Immission;NA
2003;Zch_Schimmelstrasse;PM10;Trend;2015;Feinstaub PM10;Jahresmittel;relative Immission;NA
2004;Zch_Schimmelstrasse;PM10;Trend;2015;Feinstaub PM10;Jahresmittel;relative Immission;NA
2005;Zch_Schimmelstrasse;PM10;Trend;2015;Feinstaub PM10;Jahresmittel;relative Immission;NA
2006;Zch_Schimmelstrasse;PM10;Trend;2015;Feinstaub PM10;Jahresmittel;relative Immission;NA
2007;Zch_Schimmelstrasse;PM10;Trend;2015;Feinstaub PM10;Jahresmittel;relative Immission;NA
2008;Zch_Schimmelstrasse;PM10;Trend;2015;Feinstaub PM10;Jahresmittel;relative Immission;NA
2009;Zch_Schimmelstrasse;PM10;Trend;2015;Feinstaub PM10;Jahresmittel;relative Immission;NA
2010;Zch_Schimmelstrasse;PM10;Trend;2015;Feinstaub PM10;Jahresmittel;relative Immission;1.3264759650767883
2011;Zch_Schimmelstrasse;PM10;Trend;2015;Feinstaub PM10;Jahresmittel;relative Immission;1.2981076734323291
2012;Zch_Schimmelstrasse;PM10;Trend;2015;Feinstaub PM10;Jahresmittel;relative Immission;1.1821856224832417
2013;Zch_Schimmelstrasse;PM10;Trend;2015;Feinstaub PM10;Jahresmittel;relative Immission;1.1323327887425514
2014;Zch_Schimmelstrasse;PM10;Trend;2015;Feinstaub PM10;Jahresmittel;relative Immission;1.0333144652903665
2015;Zch_Schimmelstrasse;PM10;Trend;2015;Feinstaub PM10;Jahresmittel;relative Immission;1
2016;Zch_Schimmelstrasse;PM10;Trend;2015;Feinstaub PM10;Jahresmittel;relative Immission;0.9870283710803592
2017;Zch_Schimmelstrasse;PM10;Trend;2015;Feinstaub PM10;Jahresmittel;relative Immission;0.9608427043884428
2018;Zch_Schimmelstrasse;PM10;Trend;2015;Feinstaub PM10;Jahresmittel;relative Immission;0.9414530554796886
2019;Zch_Schimmelstrasse;PM10;Trend;2015;Feinstaub PM10;Jahresmittel;relative Immission;0.8928564719305597
2020;Zch_Schimmelstrasse;PM10;Trend;2015;Feinstaub PM10;Jahresmittel;relative Immission;0.8582979378071576
2021;Zch_Schimmelstrasse;PM10;Trend;2015;Feinstaub PM10;Jahresmittel;relative Immission;0.8445810636382294
2022;Zch_Schimmelstrasse;PM10;Trend;2015;Feinstaub PM10;Jahresmittel;relative Immission;0.8220211292793606
2023;Zch_Schimmelstrasse;PM10;Trend;2015;Feinstaub PM10;Jahresmittel;relative Immission;0.7789812264159763
2024;Zch_Schimmelstrasse;PM10;Trend;2015;Feinstaub PM10;Jahresmittel;relative Immission;0.7586222922043379
2025;Zch_Schimmelstrasse;PM10;Trend;2015;Feinstaub PM10;Jahresmittel;relative Immission;0.7656380883420654
2003;Zch_Schwamendingen;PM10;gemessen;2015;Feinstaub PM10;Jahresmittel;relative Immission;1.713981150100934
2004;Zch_Schwamendingen;PM10;gemessen;2015;Feinstaub PM10;Jahresmittel;relative Immission;NA
2005;Zch_Schwamendingen;PM10;gemessen;2015;Feinstaub PM10;Jahresmittel;relative Immission;1.4390188223554914
2006;Zch_Schwamendingen;PM10;gemessen;2015;Feinstaub PM10;Jahresmittel;relative Immission;NA
2007;Zch_Schwamendingen;PM10;gemessen;2015;Feinstaub PM10;Jahresmittel;relative Immission;1.291882598482889
2008;Zch_Schwamendingen;PM10;gemessen;2015;Feinstaub PM10;Jahresmittel;relative Immission;NA
2009;Zch_Schwamendingen;PM10;gemessen;2015;Feinstaub PM10;Jahresmittel;relative Immission;1.2521140118732634
2010;Zch_Schwamendingen;PM10;gemessen;2015;Feinstaub PM10;Jahresmittel;relative Immission;NA
2015;Zch_Schwamendingen;PM10;gemessen;2015;Feinstaub PM10;Jahresmittel;relative Immission;1
2016;Zch_Schwamendingen;PM10;gemessen;2015;Feinstaub PM10;Jahresmittel;relative Immission;NA
2003;Zch_Schwamendingen;PM10;Trend;2015;Feinstaub PM10;Jahresmittel;relative Immission;1.4606564473906742
2004;Zch_Schwamendingen;PM10;Trend;2015;Feinstaub PM10;Jahresmittel;relative Immission;NA
2005;Zch_Schwamendingen;PM10;Trend;2015;Feinstaub PM10;Jahresmittel;relative Immission;1.2849078852262186
2006;Zch_Schwamendingen;PM10;Trend;2015;Feinstaub PM10;Jahresmittel;relative Immission;NA
2007;Zch_Schwamendingen;PM10;Trend;2015;Feinstaub PM10;Jahresmittel;relative Immission;1.2391847723230967
2008;Zch_Schwamendingen;PM10;Trend;2015;Feinstaub PM10;Jahresmittel;relative Immission;NA
2009;Zch_Schwamendingen;PM10;Trend;2015;Feinstaub PM10;Jahresmittel;relative Immission;1.1533773218251229
2010;Zch_Schwamendingen;PM10;Trend;2015;Feinstaub PM10;Jahresmittel;relative Immission;NA
2015;Zch_Schwamendingen;PM10;Trend;2015;Feinstaub PM10;Jahresmittel;relative Immission;1
2016;Zch_Schwamendingen;PM10;Trend;2015;Feinstaub PM10;Jahresmittel;relative Immission;NA
1990;Zch_Stampfenbachstrasse;PM10;gemessen;2015;Feinstaub PM10;Jahresmittel;relative Immission;NA
1991;Zch_Stampfenbachstrasse;PM10;gemessen;2015;Feinstaub PM10;Jahresmittel;relative Immission;NA
1992;Zch_Stampfenbachstrasse;PM10;gemessen;2015;Feinstaub PM10;Jahresmittel;relative Immission;NA
1993;Zch_Stampfenbachstrasse;PM10;gemessen;2015;Feinstaub PM10;Jahresmittel;relative Immission;NA
1994;Zch_Stampfenbachstrasse;PM10;gemessen;2015;Feinstaub PM10;Jahresmittel;relative Immission;NA
1995;Zch_Stampfenbachstrasse;PM10;gemessen;2015;Feinstaub PM10;Jahresmittel;relative Immission;NA
1996;Zch_Stampfenbachstrasse;PM10;gemessen;2015;Feinstaub PM10;Jahresmittel;relative Immission;NA
1997;Zch_Stampfenbachstrasse;PM10;gemessen;2015;Feinstaub PM10;Jahresmittel;relative Immission;NA
1998;Zch_Stampfenbachstrasse;PM10;gemessen;2015;Feinstaub PM10;Jahresmittel;relative Immission;NA
1999;Zch_Stampfenbachstrasse;PM10;gemessen;2015;Feinstaub PM10;Jahresmittel;relative Immission;NA
2000;Zch_Stampfenbachstrasse;PM10;gemessen;2015;Feinstaub PM10;Jahresmittel;relative Immission;1.374874399422534
2001;Zch_Stampfenbachstrasse;PM10;gemessen;2015;Feinstaub PM10;Jahresmittel;relative Immission;1.4389916043399154
2002;Zch_Stampfenbachstrasse;PM10;gemessen;2015;Feinstaub PM10;Jahresmittel;relative Immission;1.5640611812377294
2003;Zch_Stampfenbachstrasse;PM10;gemessen;2015;Feinstaub PM10;Jahresmittel;relative Immission;1.7970881815547075
2004;Zch_Stampfenbachstrasse;PM10;gemessen;2015;Feinstaub PM10;Jahresmittel;relative Immission;1.4323345760514017
2005;Zch_Stampfenbachstrasse;PM10;gemessen;2015;Feinstaub PM10;Jahresmittel;relative Immission;1.4778115283446653
2006;Zch_Stampfenbachstrasse;PM10;gemessen;2015;Feinstaub PM10;Jahresmittel;relative Immission;1.6667273357737866
2007;Zch_Stampfenbachstrasse;PM10;gemessen;2015;Feinstaub PM10;Jahresmittel;relative Immission;1.3694876956942217
2008;Zch_Stampfenbachstrasse;PM10;gemessen;2015;Feinstaub PM10;Jahresmittel;relative Immission;1.2632129316546172
2009;Zch_Stampfenbachstrasse;PM10;gemessen;2015;Feinstaub PM10;Jahresmittel;relative Immission;1.3537385209045325
2010;Zch_Stampfenbachstrasse;PM10;gemessen;2015;Feinstaub PM10;Jahresmittel;relative Immission;1.2656818586152405
2011;Zch_Stampfenbachstrasse;PM10;gemessen;2015;Feinstaub PM10;Jahresmittel;relative Immission;1.2337762652818367
2012;Zch_Stampfenbachstrasse;PM10;gemessen;2015;Feinstaub PM10;Jahresmittel;relative Immission;1.097033691733885
2013;Zch_Stampfenbachstrasse;PM10;gemessen;2015;Feinstaub PM10;Jahresmittel;relative Immission;1.2545393692810785
2014;Zch_Stampfenbachstrasse;PM10;gemessen;2015;Feinstaub PM10;Jahresmittel;relative Immission;0.9523401591963752
2015;Zch_Stampfenbachstrasse;PM10;gemessen;2015;Feinstaub PM10;Jahresmittel;relative Immission;1
2016;Zch_Stampfenbachstrasse;PM10;gemessen;2015;Feinstaub PM10;Jahresmittel;relative Immission;0.9110389934132116
2017;Zch_Stampfenbachstrasse;PM10;gemessen;2015;Feinstaub PM10;Jahresmittel;relative Immission;0.8911303318598308
2018;Zch_Stampfenbachstrasse;PM10;gemessen;2015;Feinstaub PM10;Jahresmittel;relative Immission;1.0056667780342425
2019;Zch_Stampfenbachstrasse;PM10;gemessen;2015;Feinstaub PM10;Jahresmittel;relative Immission;0.8480500892265722
2020;Zch_Stampfenbachstrasse;PM10;gemessen;2015;Feinstaub PM10;Jahresmittel;relative Immission;0.784711928745535
2021;Zch_Stampfenbachstrasse;PM10;gemessen;2015;Feinstaub PM10;Jahresmittel;relative Immission;0.8081421152626485
2022;Zch_Stampfenbachstrasse;PM10;gemessen;2015;Feinstaub PM10;Jahresmittel;relative Immission;0.8477441602950709
2023;Zch_Stampfenbachstrasse;PM10;gemessen;2015;Feinstaub PM10;Jahresmittel;relative Immission;0.7333332886489151
2024;Zch_Stampfenbachstrasse;PM10;gemessen;2015;Feinstaub PM10;Jahresmittel;relative Immission;0.6549212010004808
2025;Zch_Stampfenbachstrasse;PM10;gemessen;2015;Feinstaub PM10;Jahresmittel;relative Immission;0.7298663792941336
1990;Zch_Stampfenbachstrasse;PM10;Trend;2015;Feinstaub PM10;Jahresmittel;relative Immission;NA
1991;Zch_Stampfenbachstrasse;PM10;Trend;2015;Feinstaub PM10;Jahresmittel;relative Immission;NA
1992;Zch_Stampfenbachstrasse;PM10;Trend;2015;Feinstaub PM10;Jahresmittel;relative Immission;NA
1993;Zch_Stampfenbachstrasse;PM10;Trend;2015;Feinstaub PM10;Jahresmittel;relative Immission;NA
1994;Zch_Stampfenbachstrasse;PM10;Trend;2015;Feinstaub PM10;Jahresmittel;relative Immission;NA
1995;Zch_Stampfenbachstrasse;PM10;Trend;2015;Feinstaub PM10;Jahresmittel;relative Immission;NA
1996;Zch_Stampfenbachstrasse;PM10;Trend;2015;Feinstaub PM10;Jahresmittel;relative Immission;NA
1997;Zch_Stampfenbachstrasse;PM10;Trend;2015;Feinstaub PM10;Jahresmittel;relative Immission;NA
1998;Zch_Stampfenbachstrasse;PM10;Trend;2015;Feinstaub PM10;Jahresmittel;relative Immission;NA
1999;Zch_Stampfenbachstrasse;PM10;Trend;2015;Feinstaub PM10;Jahresmittel;relative Immission;NA
2000;Zch_Stampfenbachstrasse;PM10;Trend;2015;Feinstaub PM10;Jahresmittel;relative Immission;1.582571819264384
2001;Zch_Stampfenbachstrasse;PM10;Trend;2015;Feinstaub PM10;Jahresmittel;relative Immission;1.58517168129268
2002;Zch_Stampfenbachstrasse;PM10;Trend;2015;Feinstaub PM10;Jahresmittel;relative Immission;1.5859805307736148
2003;Zch_Stampfenbachstrasse;PM10;Trend;2015;Feinstaub PM10;Jahresmittel;relative Immission;1.5783979758741433
2004;Zch_Stampfenbachstrasse;PM10;Trend;2015;Feinstaub PM10;Jahresmittel;relative Immission;1.536232114501707
2005;Zch_Stampfenbachstrasse;PM10;Trend;2015;Feinstaub PM10;Jahresmittel;relative Immission;1.5116528504014142
2006;Zch_Stampfenbachstrasse;PM10;Trend;2015;Feinstaub PM10;Jahresmittel;relative Immission;1.483293209965306
2007;Zch_Stampfenbachstrasse;PM10;Trend;2015;Feinstaub PM10;Jahresmittel;relative Immission;1.4465015405935213
2008;Zch_Stampfenbachstrasse;PM10;Trend;2015;Feinstaub PM10;Jahresmittel;relative Immission;1.4027120731961855
2009;Zch_Stampfenbachstrasse;PM10;Trend;2015;Feinstaub PM10;Jahresmittel;relative Immission;1.3714469785761403
2010;Zch_Stampfenbachstrasse;PM10;Trend;2015;Feinstaub PM10;Jahresmittel;relative Immission;1.331190326517559
2011;Zch_Stampfenbachstrasse;PM10;Trend;2015;Feinstaub PM10;Jahresmittel;relative Immission;1.2632533568700528
2012;Zch_Stampfenbachstrasse;PM10;Trend;2015;Feinstaub PM10;Jahresmittel;relative Immission;1.2095465977133488
2013;Zch_Stampfenbachstrasse;PM10;Trend;2015;Feinstaub PM10;Jahresmittel;relative Immission;1.1806252544468505
2014;Zch_Stampfenbachstrasse;PM10;Trend;2015;Feinstaub PM10;Jahresmittel;relative Immission;1.0558675653673673
2015;Zch_Stampfenbachstrasse;PM10;Trend;2015;Feinstaub PM10;Jahresmittel;relative Immission;1
2016;Zch_Stampfenbachstrasse;PM10;Trend;2015;Feinstaub PM10;Jahresmittel;relative Immission;0.9766121504785735
2017;Zch_Stampfenbachstrasse;PM10;Trend;2015;Feinstaub PM10;Jahresmittel;relative Immission;0.9591727307569862
2018;Zch_Stampfenbachstrasse;PM10;Trend;2015;Feinstaub PM10;Jahresmittel;relative Immission;0.9605800113848367
2019;Zch_Stampfenbachstrasse;PM10;Trend;2015;Feinstaub PM10;Jahresmittel;relative Immission;0.9251931752822816
2020;Zch_Stampfenbachstrasse;PM10;Trend;2015;Feinstaub PM10;Jahresmittel;relative Immission;0.8829330552252059
2021;Zch_Stampfenbachstrasse;PM10;Trend;2015;Feinstaub PM10;Jahresmittel;relative Immission;0.8765678486458606
2022;Zch_Stampfenbachstrasse;PM10;Trend;2015;Feinstaub PM10;Jahresmittel;relative Immission;0.8604973575789331
2023;Zch_Stampfenbachstrasse;PM10;Trend;2015;Feinstaub PM10;Jahresmittel;relative Immission;0.8190102453187692
2024;Zch_Stampfenbachstrasse;PM10;Trend;2015;Feinstaub PM10;Jahresmittel;relative Immission;0.7913929448045902
2025;Zch_Stampfenbachstrasse;PM10;Trend;2015;Feinstaub PM10;Jahresmittel;relative Immission;0.7989464405732449
2000;Zürich-Kaserne;PM10;gemessen;2015;Feinstaub PM10;Jahresmittel;relative Immission;NA
2001;Zürich-Kaserne;PM10;gemessen;2015;Feinstaub PM10;Jahresmittel;relative Immission;NA
2002;Zürich-Kaserne;PM10;gemessen;2015;Feinstaub PM10;Jahresmittel;relative Immission;1.5408214170903867
2003;Zürich-Kaserne;PM10;gemessen;2015;Feinstaub PM10;Jahresmittel;relative Immission;1.738013875809221
2004;Zürich-Kaserne;PM10;gemessen;2015;Feinstaub PM10;Jahresmittel;relative Immission;1.4683984375980266
2005;Zürich-Kaserne;PM10;gemessen;2015;Feinstaub PM10;Jahresmittel;relative Immission;1.4388640589828074
2006;Zürich-Kaserne;PM10;gemessen;2015;Feinstaub PM10;Jahresmittel;relative Immission;1.554746280659212
2007;Zürich-Kaserne;PM10;gemessen;2015;Feinstaub PM10;Jahresmittel;relative Immission;1.2754027949955957
2008;Zürich-Kaserne;PM10;gemessen;2015;Feinstaub PM10;Jahresmittel;relative Immission;1.16983655759632
2009;Zürich-Kaserne;PM10;gemessen;2015;Feinstaub PM10;Jahresmittel;relative Immission;1.2099908024108028
2010;Zürich-Kaserne;PM10;gemessen;2015;Feinstaub PM10;Jahresmittel;relative Immission;1.1617296838808597
2011;Zürich-Kaserne;PM10;gemessen;2015;Feinstaub PM10;Jahresmittel;relative Immission;1.2062277754216553
2012;Zürich-Kaserne;PM10;gemessen;2015;Feinstaub PM10;Jahresmittel;relative Immission;1.0347731412553778
2013;Zürich-Kaserne;PM10;gemessen;2015;Feinstaub PM10;Jahresmittel;relative Immission;1.1143805221430658
2014;Zürich-Kaserne;PM10;gemessen;2015;Feinstaub PM10;Jahresmittel;relative Immission;0.8706978109809805
2015;Zürich-Kaserne;PM10;gemessen;2015;Feinstaub PM10;Jahresmittel;relative Immission;1
2016;Zürich-Kaserne;PM10;gemessen;2015;Feinstaub PM10;Jahresmittel;relative Immission;0.8680487684099965
2017;Zürich-Kaserne;PM10;gemessen;2015;Feinstaub PM10;Jahresmittel;relative Immission;0.8827742979661225
2018;Zürich-Kaserne;PM10;gemessen;2015;Feinstaub PM10;Jahresmittel;relative Immission;0.9436107395687208
2019;Zürich-Kaserne;PM10;gemessen;2015;Feinstaub PM10;Jahresmittel;relative Immission;0.8084457599186988
2020;Zürich-Kaserne;PM10;gemessen;2015;Feinstaub PM10;Jahresmittel;relative Immission;0.7208580481073265
2021;Zürich-Kaserne;PM10;gemessen;2015;Feinstaub PM10;Jahresmittel;relative Immission;0.7694189801976967
2022;Zürich-Kaserne;PM10;gemessen;2015;Feinstaub PM10;Jahresmittel;relative Immission;0.8252736869170674
2023;Zürich-Kaserne;PM10;gemessen;2015;Feinstaub PM10;Jahresmittel;relative Immission;0.7202720777737904
2024;Zürich-Kaserne;PM10;gemessen;2015;Feinstaub PM10;Jahresmittel;relative Immission;0.7033709694929974
2025;Zürich-Kaserne;PM10;gemessen;2015;Feinstaub PM10;Jahresmittel;relative Immission;0.7994098647753308
2000;Zürich-Kaserne;PM10;Trend;2015;Feinstaub PM10;Jahresmittel;relative Immission;NA
2001;Zürich-Kaserne;PM10;Trend;2015;Feinstaub PM10;Jahresmittel;relative Immission;NA
2002;Zürich-Kaserne;PM10;Trend;2015;Feinstaub PM10;Jahresmittel;relative Immission;1.6693702091579758
2003;Zürich-Kaserne;PM10;Trend;2015;Feinstaub PM10;Jahresmittel;relative Immission;1.6477131131747709
2004;Zürich-Kaserne;PM10;Trend;2015;Feinstaub PM10;Jahresmittel;relative Immission;1.5911845581036548
2005;Zürich-Kaserne;PM10;Trend;2015;Feinstaub PM10;Jahresmittel;relative Immission;1.5433508620213505
2006;Zürich-Kaserne;PM10;Trend;2015;Feinstaub PM10;Jahresmittel;relative Immission;1.4967839281284507
2007;Zürich-Kaserne;PM10;Trend;2015;Feinstaub PM10;Jahresmittel;relative Immission;1.4373375198981866
2008;Zürich-Kaserne;PM10;Trend;2015;Feinstaub PM10;Jahresmittel;relative Immission;1.3696423162655893
2009;Zürich-Kaserne;PM10;Trend;2015;Feinstaub PM10;Jahresmittel;relative Immission;1.318603966915151
2010;Zürich-Kaserne;PM10;Trend;2015;Feinstaub PM10;Jahresmittel;relative Immission;1.2669936393432608
2011;Zürich-Kaserne;PM10;Trend;2015;Feinstaub PM10;Jahresmittel;relative Immission;1.2275856028964223
2012;Zürich-Kaserne;PM10;Trend;2015;Feinstaub PM10;Jahresmittel;relative Immission;1.1464747677349838
2013;Zürich-Kaserne;PM10;Trend;2015;Feinstaub PM10;Jahresmittel;relative Immission;1.0841411915744996
2014;Zürich-Kaserne;PM10;Trend;2015;Feinstaub PM10;Jahresmittel;relative Immission;1.0156623765040949
2015;Zürich-Kaserne;PM10;Trend;2015;Feinstaub PM10;Jahresmittel;relative Immission;1
2016;Zürich-Kaserne;PM10;Trend;2015;Feinstaub PM10;Jahresmittel;relative Immission;0.9901058375487434
2017;Zürich-Kaserne;PM10;Trend;2015;Feinstaub PM10;Jahresmittel;relative Immission;0.9698609522932969
2018;Zürich-Kaserne;PM10;Trend;2015;Feinstaub PM10;Jahresmittel;relative Immission;0.954700024776921
2019;Zürich-Kaserne;PM10;Trend;2015;Feinstaub PM10;Jahresmittel;relative Immission;0.9232329825847857
2020;Zürich-Kaserne;PM10;Trend;2015;Feinstaub PM10;Jahresmittel;relative Immission;0.8922602034156804
2021;Zürich-Kaserne;PM10;Trend;2015;Feinstaub PM10;Jahresmittel;relative Immission;0.8859352364718213
2022;Zürich-Kaserne;PM10;Trend;2015;Feinstaub PM10;Jahresmittel;relative Immission;0.8780136400564553
2023;Zürich-Kaserne;PM10;Trend;2015;Feinstaub PM10;Jahresmittel;relative Immission;0.865912071239919
2024;Zürich-Kaserne;PM10;Trend;2015;Feinstaub PM10;Jahresmittel;relative Immission;0.864445696375143
2025;Zürich-Kaserne;PM10;Trend;2015;Feinstaub PM10;Jahresmittel;relative Immission;0.8774784904238744
2000;Dübendorf-EMPA;NOx;gemessen;2015;Stickoxide | Stickstoffdioxid;Jahresmittel;relative Immission;1.204308593731396
2001;Dübendorf-EMPA;NOx;gemessen;2015;Stickoxide | Stickstoffdioxid;Jahresmittel;relative Immission;1.0586855345460118
2002;Dübendorf-EMPA;NOx;gemessen;2015;Stickoxide | Stickstoffdioxid;Jahresmittel;relative Immission;1.0532758249050609
2003;Dübendorf-EMPA;NOx;gemessen;2015;Stickoxide | Stickstoffdioxid;Jahresmittel;relative Immission;1.2835909029163504
2004;Dübendorf-EMPA;NOx;gemessen;2015;Stickoxide | Stickstoffdioxid;Jahresmittel;relative Immission;1.0177069573648858
2005;Dübendorf-EMPA;NOx;gemessen;2015;Stickoxide | Stickstoffdioxid;Jahresmittel;relative Immission;1.040294833947473
2006;Dübendorf-EMPA;NOx;gemessen;2015;Stickoxide | Stickstoffdioxid;Jahresmittel;relative Immission;1.0815553910351325
2007;Dübendorf-EMPA;NOx;gemessen;2015;Stickoxide | Stickstoffdioxid;Jahresmittel;relative Immission;0.9565678683623539
2008;Dübendorf-EMPA;NOx;gemessen;2015;Stickoxide | Stickstoffdioxid;Jahresmittel;relative Immission;0.9713304007751828
2009;Dübendorf-EMPA;NOx;gemessen;2015;Stickoxide | Stickstoffdioxid;Jahresmittel;relative Immission;0.9770122513888497
2010;Dübendorf-EMPA;NOx;gemessen;2015;Stickoxide | Stickstoffdioxid;Jahresmittel;relative Immission;0.8863460393091125
2011;Dübendorf-EMPA;NOx;gemessen;2015;Stickoxide | Stickstoffdioxid;Jahresmittel;relative Immission;0.9919352559664268
2012;Dübendorf-EMPA;NOx;gemessen;2015;Stickoxide | Stickstoffdioxid;Jahresmittel;relative Immission;0.871504921759628
2013;Dübendorf-EMPA;NOx;gemessen;2015;Stickoxide | Stickstoffdioxid;Jahresmittel;relative Immission;0.9174058652087017
2014;Dübendorf-EMPA;NOx;gemessen;2015;Stickoxide | Stickstoffdioxid;Jahresmittel;relative Immission;0.8768769926076445
2015;Dübendorf-EMPA;NOx;gemessen;2015;Stickoxide | Stickstoffdioxid;Jahresmittel;relative Immission;1
2016;Dübendorf-EMPA;NOx;gemessen;2015;Stickoxide | Stickstoffdioxid;Jahresmittel;relative Immission;0.8884882534624684
2017;Dübendorf-EMPA;NOx;gemessen;2015;Stickoxide | Stickstoffdioxid;Jahresmittel;relative Immission;0.7450203786100503
2018;Dübendorf-EMPA;NOx;gemessen;2015;Stickoxide | Stickstoffdioxid;Jahresmittel;relative Immission;0.6992549374822393
2019;Dübendorf-EMPA;NOx;gemessen;2015;Stickoxide | Stickstoffdioxid;Jahresmittel;relative Immission;0.6637097245092201
2020;Dübendorf-EMPA;NOx;gemessen;2015;Stickoxide | Stickstoffdioxid;Jahresmittel;relative Immission;0.6329250695288807
2021;Dübendorf-EMPA;NOx;gemessen;2015;Stickoxide | Stickstoffdioxid;Jahresmittel;relative Immission;0.5832492035715888
2022;Dübendorf-EMPA;NOx;gemessen;2015;Stickoxide | Stickstoffdioxid;Jahresmittel;relative Immission;0.5630948627217415
2023;Dübendorf-EMPA;NOx;gemessen;2015;Stickoxide | Stickstoffdioxid;Jahresmittel;relative Immission;0.46932522860245945
2024;Dübendorf-EMPA;NOx;gemessen;2015;Stickoxide | Stickstoffdioxid;Jahresmittel;relative Immission;0.46670140956918804
2025;Dübendorf-EMPA;NOx;gemessen;2015;Stickoxide | Stickstoffdioxid;Jahresmittel;relative Immission;0.5182345095228726
2000;Dübendorf-EMPA;NOx;Trend;2015;Stickoxide | Stickstoffdioxid;Jahresmittel;relative Immission;1.2386815664744895
2001;Dübendorf-EMPA;NOx;Trend;2015;Stickoxide | Stickstoffdioxid;Jahresmittel;relative Immission;1.1827330767873496
2002;Dübendorf-EMPA;NOx;Trend;2015;Stickoxide | Stickstoffdioxid;Jahresmittel;relative Immission;1.1600411932080399
2003;Dübendorf-EMPA;NOx;Trend;2015;Stickoxide | Stickstoffdioxid;Jahresmittel;relative Immission;1.1521986892398812
2004;Dübendorf-EMPA;NOx;Trend;2015;Stickoxide | Stickstoffdioxid;Jahresmittel;relative Immission;1.13574393952928
2005;Dübendorf-EMPA;NOx;Trend;2015;Stickoxide | Stickstoffdioxid;Jahresmittel;relative Immission;1.1110058305506358
2006;Dübendorf-EMPA;NOx;Trend;2015;Stickoxide | Stickstoffdioxid;Jahresmittel;relative Immission;1.0994190457779527
2007;Dübendorf-EMPA;NOx;Trend;2015;Stickoxide | Stickstoffdioxid;Jahresmittel;relative Immission;1.0802099132214118
2008;Dübendorf-EMPA;NOx;Trend;2015;Stickoxide | Stickstoffdioxid;Jahresmittel;relative Immission;1.0663722884057372
2009;Dübendorf-EMPA;NOx;Trend;2015;Stickoxide | Stickstoffdioxid;Jahresmittel;relative Immission;1.054140726594625
2010;Dübendorf-EMPA;NOx;Trend;2015;Stickoxide | Stickstoffdioxid;Jahresmittel;relative Immission;1.0519551048587519
2011;Dübendorf-EMPA;NOx;Trend;2015;Stickoxide | Stickstoffdioxid;Jahresmittel;relative Immission;1.0386166411416462
2012;Dübendorf-EMPA;NOx;Trend;2015;Stickoxide | Stickstoffdioxid;Jahresmittel;relative Immission;1.0294617945158868
2013;Dübendorf-EMPA;NOx;Trend;2015;Stickoxide | Stickstoffdioxid;Jahresmittel;relative Immission;1.0137065508381464
2014;Dübendorf-EMPA;NOx;Trend;2015;Stickoxide | Stickstoffdioxid;Jahresmittel;relative Immission;1.0060198397324482
2015;Dübendorf-EMPA;NOx;Trend;2015;Stickoxide | Stickstoffdioxid;Jahresmittel;relative Immission;1
2016;Dübendorf-EMPA;NOx;Trend;2015;Stickoxide | Stickstoffdioxid;Jahresmittel;relative Immission;0.9891713082758125
2017;Dübendorf-EMPA;NOx;Trend;2015;Stickoxide | Stickstoffdioxid;Jahresmittel;relative Immission;0.901804128146983
2018;Dübendorf-EMPA;NOx;Trend;2015;Stickoxide | Stickstoffdioxid;Jahresmittel;relative Immission;0.8416556300938487
2019;Dübendorf-EMPA;NOx;Trend;2015;Stickoxide | Stickstoffdioxid;Jahresmittel;relative Immission;0.7969544518322855
2020;Dübendorf-EMPA;NOx;Trend;2015;Stickoxide | Stickstoffdioxid;Jahresmittel;relative Immission;0.753011837401708
2021;Dübendorf-EMPA;NOx;Trend;2015;Stickoxide | Stickstoffdioxid;Jahresmittel;relative Immission;0.7244354315665074
2022;Dübendorf-EMPA;NOx;Trend;2015;Stickoxide | Stickstoffdioxid;Jahresmittel;relative Immission;0.7061959349607284
2023;Dübendorf-EMPA;NOx;Trend;2015;Stickoxide | Stickstoffdioxid;Jahresmittel;relative Immission;0.6928049921325329
2024;Dübendorf-EMPA;NOx;Trend;2015;Stickoxide | Stickstoffdioxid;Jahresmittel;relative Immission;0.6877225315429707
2025;Dübendorf-EMPA;NOx;Trend;2015;Stickoxide | Stickstoffdioxid;Jahresmittel;relative Immission;0.6851717299729156
2001;Opf_Balsberg;NOx;gemessen;2015;Stickoxide | Stickstoffdioxid;Jahresmittel;relative Immission;1.216836992476035
2002;Opf_Balsberg;NOx;gemessen;2015;Stickoxide | Stickstoffdioxid;Jahresmittel;relative Immission;1.2321373079995575
2003;Opf_Balsberg;NOx;gemessen;2015;Stickoxide | Stickstoffdioxid;Jahresmittel;relative Immission;NA
2004;Opf_Balsberg;NOx;gemessen;2015;Stickoxide | Stickstoffdioxid;Jahresmittel;relative Immission;1.1130455103509664
2006;Opf_Balsberg;NOx;gemessen;2015;Stickoxide | Stickstoffdioxid;Jahresmittel;relative Immission;1.178685007224765
2007;Opf_Balsberg;NOx;gemessen;2015;Stickoxide | Stickstoffdioxid;Jahresmittel;relative Immission;NA
2008;Opf_Balsberg;NOx;gemessen;2015;Stickoxide | Stickstoffdioxid;Jahresmittel;relative Immission;1.1119624830719372
2009;Opf_Balsberg;NOx;gemessen;2015;Stickoxide | Stickstoffdioxid;Jahresmittel;relative Immission;1.0443904589864779
2010;Opf_Balsberg;NOx;gemessen;2015;Stickoxide | Stickstoffdioxid;Jahresmittel;relative Immission;1.0349077664727335
2011;Opf_Balsberg;NOx;gemessen;2015;Stickoxide | Stickstoffdioxid;Jahresmittel;relative Immission;1.0529752506940335
2012;Opf_Balsberg;NOx;gemessen;2015;Stickoxide | Stickstoffdioxid;Jahresmittel;relative Immission;1.0467691702718556
2013;Opf_Balsberg;NOx;gemessen;2015;Stickoxide | Stickstoffdioxid;Jahresmittel;relative Immission;1.1421561316922475
2014;Opf_Balsberg;NOx;gemessen;2015;Stickoxide | Stickstoffdioxid;Jahresmittel;relative Immission;1.0210122643272346
2015;Opf_Balsberg;NOx;gemessen;2015;Stickoxide | Stickstoffdioxid;Jahresmittel;relative Immission;1
2016;Opf_Balsberg;NOx;gemessen;2015;Stickoxide | Stickstoffdioxid;Jahresmittel;relative Immission;1.035897689302493
2017;Opf_Balsberg;NOx;gemessen;2015;Stickoxide | Stickstoffdioxid;Jahresmittel;relative Immission;0.8876344760967237
2018;Opf_Balsberg;NOx;gemessen;2015;Stickoxide | Stickstoffdioxid;Jahresmittel;relative Immission;0.7718925482029121
2019;Opf_Balsberg;NOx;gemessen;2015;Stickoxide | Stickstoffdioxid;Jahresmittel;relative Immission;0.7845008774201497
2020;Opf_Balsberg;NOx;gemessen;2015;Stickoxide | Stickstoffdioxid;Jahresmittel;relative Immission;0.6412305379023513
2021;Opf_Balsberg;NOx;gemessen;2015;Stickoxide | Stickstoffdioxid;Jahresmittel;relative Immission;0.5816409760655512
2022;Opf_Balsberg;NOx;gemessen;2015;Stickoxide | Stickstoffdioxid;Jahresmittel;relative Immission;0.5556905233170238
2023;Opf_Balsberg;NOx;gemessen;2015;Stickoxide | Stickstoffdioxid;Jahresmittel;relative Immission;0.5179716760062767
2024;Opf_Balsberg;NOx;gemessen;2015;Stickoxide | Stickstoffdioxid;Jahresmittel;relative Immission;0.5047581827290005
2025;Opf_Balsberg;NOx;gemessen;2015;Stickoxide | Stickstoffdioxid;Jahresmittel;relative Immission;0.485787861587456
2001;Opf_Balsberg;NOx;Trend;2015;Stickoxide | Stickstoffdioxid;Jahresmittel;relative Immission;1.170715210101521
2002;Opf_Balsberg;NOx;Trend;2015;Stickoxide | Stickstoffdioxid;Jahresmittel;relative Immission;1.153043753903926
2003;Opf_Balsberg;NOx;Trend;2015;Stickoxide | Stickstoffdioxid;Jahresmittel;relative Immission;NA
2004;Opf_Balsberg;NOx;Trend;2015;Stickoxide | Stickstoffdioxid;Jahresmittel;relative Immission;1.1021921623935607
2006;Opf_Balsberg;NOx;Trend;2015;Stickoxide | Stickstoffdioxid;Jahresmittel;relative Immission;1.0769116065195548
2007;Opf_Balsberg;NOx;Trend;2015;Stickoxide | Stickstoffdioxid;Jahresmittel;relative Immission;NA
2008;Opf_Balsberg;NOx;Trend;2015;Stickoxide | Stickstoffdioxid;Jahresmittel;relative Immission;1.0607858433990867
2009;Opf_Balsberg;NOx;Trend;2015;Stickoxide | Stickstoffdioxid;Jahresmittel;relative Immission;1.048671188634128
2010;Opf_Balsberg;NOx;Trend;2015;Stickoxide | Stickstoffdioxid;Jahresmittel;relative Immission;1.0455338497051059
2011;Opf_Balsberg;NOx;Trend;2015;Stickoxide | Stickstoffdioxid;Jahresmittel;relative Immission;1.0432033033799113
2012;Opf_Balsberg;NOx;Trend;2015;Stickoxide | Stickstoffdioxid;Jahresmittel;relative Immission;1.0433761068657192
2013;Opf_Balsberg;NOx;Trend;2015;Stickoxide | Stickstoffdioxid;Jahresmittel;relative Immission;1.0431074740448736
2014;Opf_Balsberg;NOx;Trend;2015;Stickoxide | Stickstoffdioxid;Jahresmittel;relative Immission;1.0234013835065787
2015;Opf_Balsberg;NOx;Trend;2015;Stickoxide | Stickstoffdioxid;Jahresmittel;relative Immission;1
2016;Opf_Balsberg;NOx;Trend;2015;Stickoxide | Stickstoffdioxid;Jahresmittel;relative Immission;0.9859716800233799
2017;Opf_Balsberg;NOx;Trend;2015;Stickoxide | Stickstoffdioxid;Jahresmittel;relative Immission;0.9030913537638314
2018;Opf_Balsberg;NOx;Trend;2015;Stickoxide | Stickstoffdioxid;Jahresmittel;relative Immission;0.8325335718684554
2019;Opf_Balsberg;NOx;Trend;2015;Stickoxide | Stickstoffdioxid;Jahresmittel;relative Immission;0.7671341295159891
2020;Opf_Balsberg;NOx;Trend;2015;Stickoxide | Stickstoffdioxid;Jahresmittel;relative Immission;0.6362607031300799
2021;Opf_Balsberg;NOx;Trend;2015;Stickoxide | Stickstoffdioxid;Jahresmittel;relative Immission;0.5834712926508296
2022;Opf_Balsberg;NOx;Trend;2015;Stickoxide | Stickstoffdioxid;Jahresmittel;relative Immission;0.5717612651928932
2023;Opf_Balsberg;NOx;Trend;2015;Stickoxide | Stickstoffdioxid;Jahresmittel;relative Immission;0.5608434520086695
2024;Opf_Balsberg;NOx;Trend;2015;Stickoxide | Stickstoffdioxid;Jahresmittel;relative Immission;0.5493704658526172
2025;Opf_Balsberg;NOx;Trend;2015;Stickoxide | Stickstoffdioxid;Jahresmittel;relative Immission;0.5430604963287822
2015;Sch_Güterstrasse;NOx;gemessen;2015;Stickoxide | Stickstoffdioxid;Jahresmittel;relative Immission;1
2016;Sch_Güterstrasse;NOx;gemessen;2015;Stickoxide | Stickstoffdioxid;Jahresmittel;relative Immission;NA
2018;Sch_Güterstrasse;NOx;gemessen;2015;Stickoxide | Stickstoffdioxid;Jahresmittel;relative Immission;0.7808380275939623
2021;Sch_Güterstrasse;NOx;gemessen;2015;Stickoxide | Stickstoffdioxid;Jahresmittel;relative Immission;0.589881806289568
2022;Sch_Güterstrasse;NOx;gemessen;2015;Stickoxide | Stickstoffdioxid;Jahresmittel;relative Immission;NA
2024;Sch_Güterstrasse;NOx;gemessen;2015;Stickoxide | Stickstoffdioxid;Jahresmittel;relative Immission;0.4565142211551128
2025;Sch_Güterstrasse;NOx;gemessen;2015;Stickoxide | Stickstoffdioxid;Jahresmittel;relative Immission;NA
2015;Sch_Güterstrasse;NOx;Trend;2015;Stickoxide | Stickstoffdioxid;Jahresmittel;relative Immission;1
2016;Sch_Güterstrasse;NOx;Trend;2015;Stickoxide | Stickstoffdioxid;Jahresmittel;relative Immission;NA
2018;Sch_Güterstrasse;NOx;Trend;2015;Stickoxide | Stickstoffdioxid;Jahresmittel;relative Immission;0.9105485610546832
2021;Sch_Güterstrasse;NOx;Trend;2015;Stickoxide | Stickstoffdioxid;Jahresmittel;relative Immission;0.702921210707456
2022;Sch_Güterstrasse;NOx;Trend;2015;Stickoxide | Stickstoffdioxid;Jahresmittel;relative Immission;NA
2024;Sch_Güterstrasse;NOx;Trend;2015;Stickoxide | Stickstoffdioxid;Jahresmittel;relative Immission;0.6037944169787173
2025;Sch_Güterstrasse;NOx;Trend;2015;Stickoxide | Stickstoffdioxid;Jahresmittel;relative Immission;NA
1992;Zch_Heubeeribüel;NOx;gemessen;2015;Stickoxide | Stickstoffdioxid;Jahresmittel;relative Immission;NA
1993;Zch_Heubeeribüel;NOx;gemessen;2015;Stickoxide | Stickstoffdioxid;Jahresmittel;relative Immission;NA
1994;Zch_Heubeeribüel;NOx;gemessen;2015;Stickoxide | Stickstoffdioxid;Jahresmittel;relative Immission;NA
1995;Zch_Heubeeribüel;NOx;gemessen;2015;Stickoxide | Stickstoffdioxid;Jahresmittel;relative Immission;NA
1996;Zch_Heubeeribüel;NOx;gemessen;2015;Stickoxide | Stickstoffdioxid;Jahresmittel;relative Immission;NA
1997;Zch_Heubeeribüel;NOx;gemessen;2015;Stickoxide | Stickstoffdioxid;Jahresmittel;relative Immission;NA
1998;Zch_Heubeeribüel;NOx;gemessen;2015;Stickoxide | Stickstoffdioxid;Jahresmittel;relative Immission;NA
1999;Zch_Heubeeribüel;NOx;gemessen;2015;Stickoxide | Stickstoffdioxid;Jahresmittel;relative Immission;NA
2000;Zch_Heubeeribüel;NOx;gemessen;2015;Stickoxide | Stickstoffdioxid;Jahresmittel;relative Immission;NA
2001;Zch_Heubeeribüel;NOx;gemessen;2015;Stickoxide | Stickstoffdioxid;Jahresmittel;relative Immission;NA
2002;Zch_Heubeeribüel;NOx;gemessen;2015;Stickoxide | Stickstoffdioxid;Jahresmittel;relative Immission;NA
2003;Zch_Heubeeribüel;NOx;gemessen;2015;Stickoxide | Stickstoffdioxid;Jahresmittel;relative Immission;NA
2004;Zch_Heubeeribüel;NOx;gemessen;2015;Stickoxide | Stickstoffdioxid;Jahresmittel;relative Immission;NA
2005;Zch_Heubeeribüel;NOx;gemessen;2015;Stickoxide | Stickstoffdioxid;Jahresmittel;relative Immission;1.1118313247444407
2006;Zch_Heubeeribüel;NOx;gemessen;2015;Stickoxide | Stickstoffdioxid;Jahresmittel;relative Immission;1.2146241148277528
2007;Zch_Heubeeribüel;NOx;gemessen;2015;Stickoxide | Stickstoffdioxid;Jahresmittel;relative Immission;1.0138561303260607
2008;Zch_Heubeeribüel;NOx;gemessen;2015;Stickoxide | Stickstoffdioxid;Jahresmittel;relative Immission;1.0314486086047772
2009;Zch_Heubeeribüel;NOx;gemessen;2015;Stickoxide | Stickstoffdioxid;Jahresmittel;relative Immission;1.0423157240059902
2010;Zch_Heubeeribüel;NOx;gemessen;2015;Stickoxide | Stickstoffdioxid;Jahresmittel;relative Immission;0.941806649315445
2011;Zch_Heubeeribüel;NOx;gemessen;2015;Stickoxide | Stickstoffdioxid;Jahresmittel;relative Immission;1.0318565368825428
2012;Zch_Heubeeribüel;NOx;gemessen;2015;Stickoxide | Stickstoffdioxid;Jahresmittel;relative Immission;0.894834647391642
2013;Zch_Heubeeribüel;NOx;gemessen;2015;Stickoxide | Stickstoffdioxid;Jahresmittel;relative Immission;0.9540038201741782
2014;Zch_Heubeeribüel;NOx;gemessen;2015;Stickoxide | Stickstoffdioxid;Jahresmittel;relative Immission;0.8864880362817301
2015;Zch_Heubeeribüel;NOx;gemessen;2015;Stickoxide | Stickstoffdioxid;Jahresmittel;relative Immission;1
2016;Zch_Heubeeribüel;NOx;gemessen;2015;Stickoxide | Stickstoffdioxid;Jahresmittel;relative Immission;0.9118315708988689
2017;Zch_Heubeeribüel;NOx;gemessen;2015;Stickoxide | Stickstoffdioxid;Jahresmittel;relative Immission;0.7627228656958315
2018;Zch_Heubeeribüel;NOx;gemessen;2015;Stickoxide | Stickstoffdioxid;Jahresmittel;relative Immission;0.709233421276445
2019;Zch_Heubeeribüel;NOx;gemessen;2015;Stickoxide | Stickstoffdioxid;Jahresmittel;relative Immission;0.6380821307554277
2020;Zch_Heubeeribüel;NOx;gemessen;2015;Stickoxide | Stickstoffdioxid;Jahresmittel;relative Immission;0.609850323386052
2021;Zch_Heubeeribüel;NOx;gemessen;2015;Stickoxide | Stickstoffdioxid;Jahresmittel;relative Immission;0.5895036380594412
2022;Zch_Heubeeribüel;NOx;gemessen;2015;Stickoxide | Stickstoffdioxid;Jahresmittel;relative Immission;0.5007208850453274
2023;Zch_Heubeeribüel;NOx;gemessen;2015;Stickoxide | Stickstoffdioxid;Jahresmittel;relative Immission;0.43023417307717354
2024;Zch_Heubeeribüel;NOx;gemessen;2015;Stickoxide | Stickstoffdioxid;Jahresmittel;relative Immission;0.4657340182007496
2025;Zch_Heubeeribüel;NOx;gemessen;2015;Stickoxide | Stickstoffdioxid;Jahresmittel;relative Immission;0.49670563153563496
1992;Zch_Heubeeribüel;NOx;Trend;2015;Stickoxide | Stickstoffdioxid;Jahresmittel;relative Immission;NA
1993;Zch_Heubeeribüel;NOx;Trend;2015;Stickoxide | Stickstoffdioxid;Jahresmittel;relative Immission;NA
1994;Zch_Heubeeribüel;NOx;Trend;2015;Stickoxide | Stickstoffdioxid;Jahresmittel;relative Immission;NA
1995;Zch_Heubeeribüel;NOx;Trend;2015;Stickoxide | Stickstoffdioxid;Jahresmittel;relative Immission;NA
1996;Zch_Heubeeribüel;NOx;Trend;2015;Stickoxide | Stickstoffdioxid;Jahresmittel;relative Immission;NA
1997;Zch_Heubeeribüel;NOx;Trend;2015;Stickoxide | Stickstoffdioxid;Jahresmittel;relative Immission;NA
1998;Zch_Heubeeribüel;NOx;Trend;2015;Stickoxide | Stickstoffdioxid;Jahresmittel;relative Immission;NA
1999;Zch_Heubeeribüel;NOx;Trend;2015;Stickoxide | Stickstoffdioxid;Jahresmittel;relative Immission;NA
2000;Zch_Heubeeribüel;NOx;Trend;2015;Stickoxide | Stickstoffdioxid;Jahresmittel;relative Immission;NA
2001;Zch_Heubeeribüel;NOx;Trend;2015;Stickoxide | Stickstoffdioxid;Jahresmittel;relative Immission;NA
2002;Zch_Heubeeribüel;NOx;Trend;2015;Stickoxide | Stickstoffdioxid;Jahresmittel;relative Immission;NA
2003;Zch_Heubeeribüel;NOx;Trend;2015;Stickoxide | Stickstoffdioxid;Jahresmittel;relative Immission;NA
2004;Zch_Heubeeribüel;NOx;Trend;2015;Stickoxide | Stickstoffdioxid;Jahresmittel;relative Immission;NA
2005;Zch_Heubeeribüel;NOx;Trend;2015;Stickoxide | Stickstoffdioxid;Jahresmittel;relative Immission;1.1528769948365438
2006;Zch_Heubeeribüel;NOx;Trend;2015;Stickoxide | Stickstoffdioxid;Jahresmittel;relative Immission;1.1342482097221538
2007;Zch_Heubeeribüel;NOx;Trend;2015;Stickoxide | Stickstoffdioxid;Jahresmittel;relative Immission;1.107223818144178
2008;Zch_Heubeeribüel;NOx;Trend;2015;Stickoxide | Stickstoffdioxid;Jahresmittel;relative Immission;1.0886718320143722
2009;Zch_Heubeeribüel;NOx;Trend;2015;Stickoxide | Stickstoffdioxid;Jahresmittel;relative Immission;1.0634919513356527
2010;Zch_Heubeeribüel;NOx;Trend;2015;Stickoxide | Stickstoffdioxid;Jahresmittel;relative Immission;1.046818985437732
2011;Zch_Heubeeribüel;NOx;Trend;2015;Stickoxide | Stickstoffdioxid;Jahresmittel;relative Immission;1.034863947453974
2012;Zch_Heubeeribüel;NOx;Trend;2015;Stickoxide | Stickstoffdioxid;Jahresmittel;relative Immission;1.0119700882426685
2013;Zch_Heubeeribüel;NOx;Trend;2015;Stickoxide | Stickstoffdioxid;Jahresmittel;relative Immission;1.0084246730508704
2014;Zch_Heubeeribüel;NOx;Trend;2015;Stickoxide | Stickstoffdioxid;Jahresmittel;relative Immission;0.9953638052093614
2015;Zch_Heubeeribüel;NOx;Trend;2015;Stickoxide | Stickstoffdioxid;Jahresmittel;relative Immission;1
2016;Zch_Heubeeribüel;NOx;Trend;2015;Stickoxide | Stickstoffdioxid;Jahresmittel;relative Immission;0.9621036983016242
2017;Zch_Heubeeribüel;NOx;Trend;2015;Stickoxide | Stickstoffdioxid;Jahresmittel;relative Immission;0.8698759144153916
2018;Zch_Heubeeribüel;NOx;Trend;2015;Stickoxide | Stickstoffdioxid;Jahresmittel;relative Immission;0.8168484973495896
2019;Zch_Heubeeribüel;NOx;Trend;2015;Stickoxide | Stickstoffdioxid;Jahresmittel;relative Immission;0.7661632042078905
2020;Zch_Heubeeribüel;NOx;Trend;2015;Stickoxide | Stickstoffdioxid;Jahresmittel;relative Immission;0.6931806907210893
2021;Zch_Heubeeribüel;NOx;Trend;2015;Stickoxide | Stickstoffdioxid;Jahresmittel;relative Immission;0.664889522600302
2022;Zch_Heubeeribüel;NOx;Trend;2015;Stickoxide | Stickstoffdioxid;Jahresmittel;relative Immission;0.6287031593645155
2023;Zch_Heubeeribüel;NOx;Trend;2015;Stickoxide | Stickstoffdioxid;Jahresmittel;relative Immission;0.6129520052724858
2024;Zch_Heubeeribüel;NOx;Trend;2015;Stickoxide | Stickstoffdioxid;Jahresmittel;relative Immission;0.6074547925232426
2025;Zch_Heubeeribüel;NOx;Trend;2015;Stickoxide | Stickstoffdioxid;Jahresmittel;relative Immission;0.6079016007158199
2013;Zch_Rosengartenstrasse;NOx;gemessen;2015;Stickoxide | Stickstoffdioxid;Jahresmittel;relative Immission;NA
2014;Zch_Rosengartenstrasse;NOx;gemessen;2015;Stickoxide | Stickstoffdioxid;Jahresmittel;relative Immission;0.9748299995445076
2015;Zch_Rosengartenstrasse;NOx;gemessen;2015;Stickoxide | Stickstoffdioxid;Jahresmittel;relative Immission;1
2016;Zch_Rosengartenstrasse;NOx;gemessen;2015;Stickoxide | Stickstoffdioxid;Jahresmittel;relative Immission;0.9537345026822397
2017;Zch_Rosengartenstrasse;NOx;gemessen;2015;Stickoxide | Stickstoffdioxid;Jahresmittel;relative Immission;0.93348542804585255
2018;Zch_Rosengartenstrasse;NOx;gemessen;2015;Stickoxide | Stickstoffdioxid;Jahresmittel;relative Immission;0.8452809912980779
2019;Zch_Rosengartenstrasse;NOx;gemessen;2015;Stickoxide | Stickstoffdioxid;Jahresmittel;relative Immission;0.8548872555386805
2020;Zch_Rosengartenstrasse;NOx;gemessen;2015;Stickoxide | Stickstoffdioxid;Jahresmittel;relative Immission;0.6824988252087107
2021;Zch_Rosengartenstrasse;NOx;gemessen;2015;Stickoxide | Stickstoffdioxid;Jahresmittel;relative Immission;0.6495361284844219
2022;Zch_Rosengartenstrasse;NOx;gemessen;2015;Stickoxide | Stickstoffdioxid;Jahresmittel;relative Immission;0.5784855402141919
2023;Zch_Rosengartenstrasse;NOx;gemessen;2015;Stickoxide | Stickstoffdioxid;Jahresmittel;relative Immission;0.5385077173985023
2024;Zch_Rosengartenstrasse;NOx;gemessen;2015;Stickoxide | Stickstoffdioxid;Jahresmittel;relative Immission;0.4916686381712284
2025;Zch_Rosengartenstrasse;NOx;gemessen;2015;Stickoxide | Stickstoffdioxid;Jahresmittel;relative Immission;0.48793742512197974
2013;Zch_Rosengartenstrasse;NOx;Trend;2015;Stickoxide | Stickstoffdioxid;Jahresmittel;relative Immission;NA
2014;Zch_Rosengartenstrasse;NOx;Trend;2015;Stickoxide | Stickstoffdioxid;Jahresmittel;relative Immission;1.023661405751869
2015;Zch_Rosengartenstrasse;NOx;Trend;2015;Stickoxide | Stickstoffdioxid;Jahresmittel;relative Immission;1
2016;Zch_Rosengartenstrasse;NOx;Trend;2015;Stickoxide | Stickstoffdioxid;Jahresmittel;relative Immission;0.9832961655129492
2017;Zch_Rosengartenstrasse;NOx;Trend;2015;Stickoxide | Stickstoffdioxid;Jahresmittel;relative Immission;0.9679032837810425
2018;Zch_Rosengartenstrasse;NOx;Trend;2015;Stickoxide | Stickstoffdioxid;Jahresmittel;relative Immission;0.9559645421128838
2019;Zch_Rosengartenstrasse;NOx;Trend;2015;Stickoxide | Stickstoffdioxid;Jahresmittel;relative Immission;0.9383432276992436
2020;Zch_Rosengartenstrasse;NOx;Trend;2015;Stickoxide | Stickstoffdioxid;Jahresmittel;relative Immission;0.7257557124685406
2021;Zch_Rosengartenstrasse;NOx;Trend;2015;Stickoxide | Stickstoffdioxid;Jahresmittel;relative Immission;0.6687228897475118
2022;Zch_Rosengartenstrasse;NOx;Trend;2015;Stickoxide | Stickstoffdioxid;Jahresmittel;relative Immission;0.6325871261784674
2023;Zch_Rosengartenstrasse;NOx;Trend;2015;Stickoxide | Stickstoffdioxid;Jahresmittel;relative Immission;0.6013074613362239
2024;Zch_Rosengartenstrasse;NOx;Trend;2015;Stickoxide | Stickstoffdioxid;Jahresmittel;relative Immission;0.5687801034162696
2025;Zch_Rosengartenstrasse;NOx;Trend;2015;Stickoxide | Stickstoffdioxid;Jahresmittel;relative Immission;0.5556853977310696
1990;Zch_Schimmelstrasse;NOx;gemessen;2015;Stickoxide | Stickstoffdioxid;Jahresmittel;relative Immission;NA
1991;Zch_Schimmelstrasse;NOx;gemessen;2015;Stickoxide | Stickstoffdioxid;Jahresmittel;relative Immission;NA
1992;Zch_Schimmelstrasse;NOx;gemessen;2015;Stickoxide | Stickstoffdioxid;Jahresmittel;relative Immission;NA
1993;Zch_Schimmelstrasse;NOx;gemessen;2015;Stickoxide | Stickstoffdioxid;Jahresmittel;relative Immission;NA
1994;Zch_Schimmelstrasse;NOx;gemessen;2015;Stickoxide | Stickstoffdioxid;Jahresmittel;relative Immission;NA
1995;Zch_Schimmelstrasse;NOx;gemessen;2015;Stickoxide | Stickstoffdioxid;Jahresmittel;relative Immission;NA
1996;Zch_Schimmelstrasse;NOx;gemessen;2015;Stickoxide | Stickstoffdioxid;Jahresmittel;relative Immission;NA
1997;Zch_Schimmelstrasse;NOx;gemessen;2015;Stickoxide | Stickstoffdioxid;Jahresmittel;relative Immission;NA
1998;Zch_Schimmelstrasse;NOx;gemessen;2015;Stickoxide | Stickstoffdioxid;Jahresmittel;relative Immission;NA
1999;Zch_Schimmelstrasse;NOx;gemessen;2015;Stickoxide | Stickstoffdioxid;Jahresmittel;relative Immission;NA
2000;Zch_Schimmelstrasse;NOx;gemessen;2015;Stickoxide | Stickstoffdioxid;Jahresmittel;relative Immission;NA
2001;Zch_Schimmelstrasse;NOx;gemessen;2015;Stickoxide | Stickstoffdioxid;Jahresmittel;relative Immission;NA
2002;Zch_Schimmelstrasse;NOx;gemessen;2015;Stickoxide | Stickstoffdioxid;Jahresmittel;relative Immission;NA
2003;Zch_Schimmelstrasse;NOx;gemessen;2015;Stickoxide | Stickstoffdioxid;Jahresmittel;relative Immission;NA
2004;Zch_Schimmelstrasse;NOx;gemessen;2015;Stickoxide | Stickstoffdioxid;Jahresmittel;relative Immission;NA
2005;Zch_Schimmelstrasse;NOx;gemessen;2015;Stickoxide | Stickstoffdioxid;Jahresmittel;relative Immission;NA
2006;Zch_Schimmelstrasse;NOx;gemessen;2015;Stickoxide | Stickstoffdioxid;Jahresmittel;relative Immission;NA
2007;Zch_Schimmelstrasse;NOx;gemessen;2015;Stickoxide | Stickstoffdioxid;Jahresmittel;relative Immission;NA
2008;Zch_Schimmelstrasse;NOx;gemessen;2015;Stickoxide | Stickstoffdioxid;Jahresmittel;relative Immission;NA
2009;Zch_Schimmelstrasse;NOx;gemessen;2015;Stickoxide | Stickstoffdioxid;Jahresmittel;relative Immission;NA
2010;Zch_Schimmelstrasse;NOx;gemessen;2015;Stickoxide | Stickstoffdioxid;Jahresmittel;relative Immission;0.904579158298949
2011;Zch_Schimmelstrasse;NOx;gemessen;2015;Stickoxide | Stickstoffdioxid;Jahresmittel;relative Immission;1.062909954599022
2012;Zch_Schimmelstrasse;NOx;gemessen;2015;Stickoxide | Stickstoffdioxid;Jahresmittel;relative Immission;0.9511185040641932
2013;Zch_Schimmelstrasse;NOx;gemessen;2015;Stickoxide | Stickstoffdioxid;Jahresmittel;relative Immission;1.020016474942177
2014;Zch_Schimmelstrasse;NOx;gemessen;2015;Stickoxide | Stickstoffdioxid;Jahresmittel;relative Immission;0.967479957993756
2015;Zch_Schimmelstrasse;NOx;gemessen;2015;Stickoxide | Stickstoffdioxid;Jahresmittel;relative Immission;1
2016;Zch_Schimmelstrasse;NOx;gemessen;2015;Stickoxide | Stickstoffdioxid;Jahresmittel;relative Immission;0.9538523537627603
2017;Zch_Schimmelstrasse;NOx;gemessen;2015;Stickoxide | Stickstoffdioxid;Jahresmittel;relative Immission;0.8471073460922863
2018;Zch_Schimmelstrasse;NOx;gemessen;2015;Stickoxide | Stickstoffdioxid;Jahresmittel;relative Immission;0.7901741322776992
2019;Zch_Schimmelstrasse;NOx;gemessen;2015;Stickoxide | Stickstoffdioxid;Jahresmittel;relative Immission;0.7318318513360035
2020;Zch_Schimmelstrasse;NOx;gemessen;2015;Stickoxide | Stickstoffdioxid;Jahresmittel;relative Immission;0.6069634708067746
2021;Zch_Schimmelstrasse;NOx;gemessen;2015;Stickoxide | Stickstoffdioxid;Jahresmittel;relative Immission;0.585138757901013
2022;Zch_Schimmelstrasse;NOx;gemessen;2015;Stickoxide | Stickstoffdioxid;Jahresmittel;relative Immission;0.5742698637932491
2023;Zch_Schimmelstrasse;NOx;gemessen;2015;Stickoxide | Stickstoffdioxid;Jahresmittel;relative Immission;0.45357812563719335
2024;Zch_Schimmelstrasse;NOx;gemessen;2015;Stickoxide | Stickstoffdioxid;Jahresmittel;relative Immission;0.46072454893138554
2025;Zch_Schimmelstrasse;NOx;gemessen;2015;Stickoxide | Stickstoffdioxid;Jahresmittel;relative Immission;0.466875904175455
1990;Zch_Schimmelstrasse;NOx;Trend;2015;Stickoxide | Stickstoffdioxid;Jahresmittel;relative Immission;NA
1991;Zch_Schimmelstrasse;NOx;Trend;2015;Stickoxide | Stickstoffdioxid;Jahresmittel;relative Immission;NA
1992;Zch_Schimmelstrasse;NOx;Trend;2015;Stickoxide | Stickstoffdioxid;Jahresmittel;relative Immission;NA
1993;Zch_Schimmelstrasse;NOx;Trend;2015;Stickoxide | Stickstoffdioxid;Jahresmittel;relative Immission;NA
1994;Zch_Schimmelstrasse;NOx;Trend;2015;Stickoxide | Stickstoffdioxid;Jahresmittel;relative Immission;NA
1995;Zch_Schimmelstrasse;NOx;Trend;2015;Stickoxide | Stickstoffdioxid;Jahresmittel;relative Immission;NA
1996;Zch_Schimmelstrasse;NOx;Trend;2015;Stickoxide | Stickstoffdioxid;Jahresmittel;relative Immission;NA
1997;Zch_Schimmelstrasse;NOx;Trend;2015;Stickoxide | Stickstoffdioxid;Jahresmittel;relative Immission;NA
1998;Zch_Schimmelstrasse;NOx;Trend;2015;Stickoxide | Stickstoffdioxid;Jahresmittel;relative Immission;NA
1999;Zch_Schimmelstrasse;NOx;Trend;2015;Stickoxide | Stickstoffdioxid;Jahresmittel;relative Immission;NA
2000;Zch_Schimmelstrasse;NOx;Trend;2015;Stickoxide | Stickstoffdioxid;Jahresmittel;relative Immission;NA
2001;Zch_Schimmelstrasse;NOx;Trend;2015;Stickoxide | Stickstoffdioxid;Jahresmittel;relative Immission;NA
2002;Zch_Schimmelstrasse;NOx;Trend;2015;Stickoxide | Stickstoffdioxid;Jahresmittel;relative Immission;NA
2003;Zch_Schimmelstrasse;NOx;Trend;2015;Stickoxide | Stickstoffdioxid;Jahresmittel;relative Immission;NA
2004;Zch_Schimmelstrasse;NOx;Trend;2015;Stickoxide | Stickstoffdioxid;Jahresmittel;relative Immission;NA
2005;Zch_Schimmelstrasse;NOx;Trend;2015;Stickoxide | Stickstoffdioxid;Jahresmittel;relative Immission;NA
2006;Zch_Schimmelstrasse;NOx;Trend;2015;Stickoxide | Stickstoffdioxid;Jahresmittel;relative Immission;NA
2007;Zch_Schimmelstrasse;NOx;Trend;2015;Stickoxide | Stickstoffdioxid;Jahresmittel;relative Immission;NA
2008;Zch_Schimmelstrasse;NOx;Trend;2015;Stickoxide | Stickstoffdioxid;Jahresmittel;relative Immission;NA
2009;Zch_Schimmelstrasse;NOx;Trend;2015;Stickoxide | Stickstoffdioxid;Jahresmittel;relative Immission;NA
2010;Zch_Schimmelstrasse;NOx;Trend;2015;Stickoxide | Stickstoffdioxid;Jahresmittel;relative Immission;1.0537093944257114
2011;Zch_Schimmelstrasse;NOx;Trend;2015;Stickoxide | Stickstoffdioxid;Jahresmittel;relative Immission;1.0387108678330286
2012;Zch_Schimmelstrasse;NOx;Trend;2015;Stickoxide | Stickstoffdioxid;Jahresmittel;relative Immission;1.0210927494397515
2013;Zch_Schimmelstrasse;NOx;Trend;2015;Stickoxide | Stickstoffdioxid;Jahresmittel;relative Immission;1.015534347074187
2014;Zch_Schimmelstrasse;NOx;Trend;2015;Stickoxide | Stickstoffdioxid;Jahresmittel;relative Immission;1.008904237141512
2015;Zch_Schimmelstrasse;NOx;Trend;2015;Stickoxide | Stickstoffdioxid;Jahresmittel;relative Immission;1
2016;Zch_Schimmelstrasse;NOx;Trend;2015;Stickoxide | Stickstoffdioxid;Jahresmittel;relative Immission;0.9899008804143788
2017;Zch_Schimmelstrasse;NOx;Trend;2015;Stickoxide | Stickstoffdioxid;Jahresmittel;relative Immission;0.9443622851751767
2018;Zch_Schimmelstrasse;NOx;Trend;2015;Stickoxide | Stickstoffdioxid;Jahresmittel;relative Immission;0.8950400170408825
2019;Zch_Schimmelstrasse;NOx;Trend;2015;Stickoxide | Stickstoffdioxid;Jahresmittel;relative Immission;0.819008011107017
2020;Zch_Schimmelstrasse;NOx;Trend;2015;Stickoxide | Stickstoffdioxid;Jahresmittel;relative Immission;0.7166524431851262
2021;Zch_Schimmelstrasse;NOx;Trend;2015;Stickoxide | Stickstoffdioxid;Jahresmittel;relative Immission;0.6814171559270682
2022;Zch_Schimmelstrasse;NOx;Trend;2015;Stickoxide | Stickstoffdioxid;Jahresmittel;relative Immission;0.6599428568589997
2023;Zch_Schimmelstrasse;NOx;Trend;2015;Stickoxide | Stickstoffdioxid;Jahresmittel;relative Immission;0.6299737166148088
2024;Zch_Schimmelstrasse;NOx;Trend;2015;Stickoxide | Stickstoffdioxid;Jahresmittel;relative Immission;0.6142213606378695
2025;Zch_Schimmelstrasse;NOx;Trend;2015;Stickoxide | Stickstoffdioxid;Jahresmittel;relative Immission;0.6050652050090949
2003;Zch_Schwamendingen;NOx;gemessen;2015;Stickoxide | Stickstoffdioxid;Jahresmittel;relative Immission;1.2937929918095163
2004;Zch_Schwamendingen;NOx;gemessen;2015;Stickoxide | Stickstoffdioxid;Jahresmittel;relative Immission;NA
2005;Zch_Schwamendingen;NOx;gemessen;2015;Stickoxide | Stickstoffdioxid;Jahresmittel;relative Immission;1.1830521054990888
2006;Zch_Schwamendingen;NOx;gemessen;2015;Stickoxide | Stickstoffdioxid;Jahresmittel;relative Immission;NA
2007;Zch_Schwamendingen;NOx;gemessen;2015;Stickoxide | Stickstoffdioxid;Jahresmittel;relative Immission;1.1300841727142303
2008;Zch_Schwamendingen;NOx;gemessen;2015;Stickoxide | Stickstoffdioxid;Jahresmittel;relative Immission;NA
2009;Zch_Schwamendingen;NOx;gemessen;2015;Stickoxide | Stickstoffdioxid;Jahresmittel;relative Immission;1.0756135845088897
2010;Zch_Schwamendingen;NOx;gemessen;2015;Stickoxide | Stickstoffdioxid;Jahresmittel;relative Immission;NA
2015;Zch_Schwamendingen;NOx;gemessen;2015;Stickoxide | Stickstoffdioxid;Jahresmittel;relative Immission;1
2016;Zch_Schwamendingen;NOx;gemessen;2015;Stickoxide | Stickstoffdioxid;Jahresmittel;relative Immission;NA
2003;Zch_Schwamendingen;NOx;Trend;2015;Stickoxide | Stickstoffdioxid;Jahresmittel;relative Immission;1.1993410390884034
2004;Zch_Schwamendingen;NOx;Trend;2015;Stickoxide | Stickstoffdioxid;Jahresmittel;relative Immission;NA
2005;Zch_Schwamendingen;NOx;Trend;2015;Stickoxide | Stickstoffdioxid;Jahresmittel;relative Immission;1.1261760437272519
2006;Zch_Schwamendingen;NOx;Trend;2015;Stickoxide | Stickstoffdioxid;Jahresmittel;relative Immission;NA
2007;Zch_Schwamendingen;NOx;Trend;2015;Stickoxide | Stickstoffdioxid;Jahresmittel;relative Immission;1.092459732344856
2008;Zch_Schwamendingen;NOx;Trend;2015;Stickoxide | Stickstoffdioxid;Jahresmittel;relative Immission;NA
2009;Zch_Schwamendingen;NOx;Trend;2015;Stickoxide | Stickstoffdioxid;Jahresmittel;relative Immission;1.0388842325621646
2010;Zch_Schwamendingen;NOx;Trend;2015;Stickoxide | Stickstoffdioxid;Jahresmittel;relative Immission;NA
2015;Zch_Schwamendingen;NOx;Trend;2015;Stickoxide | Stickstoffdioxid;Jahresmittel;relative Immission;1
2016;Zch_Schwamendingen;NOx;Trend;2015;Stickoxide | Stickstoffdioxid;Jahresmittel;relative Immission;NA
1990;Zch_Stampfenbachstrasse;NOx;gemessen;2015;Stickoxide | Stickstoffdioxid;Jahresmittel;relative Immission;2.408105605152446
1991;Zch_Stampfenbachstrasse;NOx;gemessen;2015;Stickoxide | Stickstoffdioxid;Jahresmittel;relative Immission;2.170586882968122
1992;Zch_Stampfenbachstrasse;NOx;gemessen;2015;Stickoxide | Stickstoffdioxid;Jahresmittel;relative Immission;2.092293559090287
1993;Zch_Stampfenbachstrasse;NOx;gemessen;2015;Stickoxide | Stickstoffdioxid;Jahresmittel;relative Immission;1.8295197990246463
1994;Zch_Stampfenbachstrasse;NOx;gemessen;2015;Stickoxide | Stickstoffdioxid;Jahresmittel;relative Immission;1.6415053969952054
1995;Zch_Stampfenbachstrasse;NOx;gemessen;2015;Stickoxide | Stickstoffdioxid;Jahresmittel;relative Immission;1.5906211539595716
1996;Zch_Stampfenbachstrasse;NOx;gemessen;2015;Stickoxide | Stickstoffdioxid;Jahresmittel;relative Immission;1.5733778794680329
1997;Zch_Stampfenbachstrasse;NOx;gemessen;2015;Stickoxide | Stickstoffdioxid;Jahresmittel;relative Immission;1.564663638154015
1998;Zch_Stampfenbachstrasse;NOx;gemessen;2015;Stickoxide | Stickstoffdioxid;Jahresmittel;relative Immission;1.4465170702517003
1999;Zch_Stampfenbachstrasse;NOx;gemessen;2015;Stickoxide | Stickstoffdioxid;Jahresmittel;relative Immission;1.4268360336793349
2000;Zch_Stampfenbachstrasse;NOx;gemessen;2015;Stickoxide | Stickstoffdioxid;Jahresmittel;relative Immission;1.305634986872997
2001;Zch_Stampfenbachstrasse;NOx;gemessen;2015;Stickoxide | Stickstoffdioxid;Jahresmittel;relative Immission;1.2042161643400298
2002;Zch_Stampfenbachstrasse;NOx;gemessen;2015;Stickoxide | Stickstoffdioxid;Jahresmittel;relative Immission;1.1598785229892434
2003;Zch_Stampfenbachstrasse;NOx;gemessen;2015;Stickoxide | Stickstoffdioxid;Jahresmittel;relative Immission;1.347811279509291
2004;Zch_Stampfenbachstrasse;NOx;gemessen;2015;Stickoxide | Stickstoffdioxid;Jahresmittel;relative Immission;1.1806424007954501
2005;Zch_Stampfenbachstrasse;NOx;gemessen;2015;Stickoxide | Stickstoffdioxid;Jahresmittel;relative Immission;1.066340184221011
2006;Zch_Stampfenbachstrasse;NOx;gemessen;2015;Stickoxide | Stickstoffdioxid;Jahresmittel;relative Immission;1.106307009754366
2007;Zch_Stampfenbachstrasse;NOx;gemessen;2015;Stickoxide | Stickstoffdioxid;Jahresmittel;relative Immission;0.9526695098075043
2008;Zch_Stampfenbachstrasse;NOx;gemessen;2015;Stickoxide | Stickstoffdioxid;Jahresmittel;relative Immission;1.0172875982674732
2009;Zch_Stampfenbachstrasse;NOx;gemessen;2015;Stickoxide | Stickstoffdioxid;Jahresmittel;relative Immission;1.0369816683424775
2010;Zch_Stampfenbachstrasse;NOx;gemessen;2015;Stickoxide | Stickstoffdioxid;Jahresmittel;relative Immission;0.9917023819089116
2011;Zch_Stampfenbachstrasse;NOx;gemessen;2015;Stickoxide | Stickstoffdioxid;Jahresmittel;relative Immission;1.0574424726902367
2012;Zch_Stampfenbachstrasse;NOx;gemessen;2015;Stickoxide | Stickstoffdioxid;Jahresmittel;relative Immission;0.9683317876682193
2013;Zch_Stampfenbachstrasse;NOx;gemessen;2015;Stickoxide | Stickstoffdioxid;Jahresmittel;relative Immission;1.004500227681311
2014;Zch_Stampfenbachstrasse;NOx;gemessen;2015;Stickoxide | Stickstoffdioxid;Jahresmittel;relative Immission;0.9637830665025844
2015;Zch_Stampfenbachstrasse;NOx;gemessen;2015;Stickoxide | Stickstoffdioxid;Jahresmittel;relative Immission;1
2016;Zch_Stampfenbachstrasse;NOx;gemessen;2015;Stickoxide | Stickstoffdioxid;Jahresmittel;relative Immission;0.9270903738298043
2017;Zch_Stampfenbachstrasse;NOx;gemessen;2015;Stickoxide | Stickstoffdioxid;Jahresmittel;relative Immission;0.7990700528112591
2018;Zch_Stampfenbachstrasse;NOx;gemessen;2015;Stickoxide | Stickstoffdioxid;Jahresmittel;relative Immission;0.7408314688622918
2019;Zch_Stampfenbachstrasse;NOx;gemessen;2015;Stickoxide | Stickstoffdioxid;Jahresmittel;relative Immission;0.6757741956922907
2020;Zch_Stampfenbachstrasse;NOx;gemessen;2015;Stickoxide | Stickstoffdioxid;Jahresmittel;relative Immission;0.5928289190311167
2021;Zch_Stampfenbachstrasse;NOx;gemessen;2015;Stickoxide | Stickstoffdioxid;Jahresmittel;relative Immission;0.549181123538833
2022;Zch_Stampfenbachstrasse;NOx;gemessen;2015;Stickoxide | Stickstoffdioxid;Jahresmittel;relative Immission;0.5265986151778173
2023;Zch_Stampfenbachstrasse;NOx;gemessen;2015;Stickoxide | Stickstoffdioxid;Jahresmittel;relative Immission;0.44421813533157883
2024;Zch_Stampfenbachstrasse;NOx;gemessen;2015;Stickoxide | Stickstoffdioxid;Jahresmittel;relative Immission;0.4330878996254313
2025;Zch_Stampfenbachstrasse;NOx;gemessen;2015;Stickoxide | Stickstoffdioxid;Jahresmittel;relative Immission;0.44857732063807676
1990;Zch_Stampfenbachstrasse;NOx;Trend;2015;Stickoxide | Stickstoffdioxid;Jahresmittel;relative Immission;2.3546766176938116
1991;Zch_Stampfenbachstrasse;NOx;Trend;2015;Stickoxide | Stickstoffdioxid;Jahresmittel;relative Immission;2.1965965178038096
1992;Zch_Stampfenbachstrasse;NOx;Trend;2015;Stickoxide | Stickstoffdioxid;Jahresmittel;relative Immission;2.105918138849896
1993;Zch_Stampfenbachstrasse;NOx;Trend;2015;Stickoxide | Stickstoffdioxid;Jahresmittel;relative Immission;1.9240378461520211
1994;Zch_Stampfenbachstrasse;NOx;Trend;2015;Stickoxide | Stickstoffdioxid;Jahresmittel;relative Immission;1.8228562757349713
1995;Zch_Stampfenbachstrasse;NOx;Trend;2015;Stickoxide | Stickstoffdioxid;Jahresmittel;relative Immission;1.7657552795702902
1996;Zch_Stampfenbachstrasse;NOx;Trend;2015;Stickoxide | Stickstoffdioxid;Jahresmittel;relative Immission;1.7028344721980064
1997;Zch_Stampfenbachstrasse;NOx;Trend;2015;Stickoxide | Stickstoffdioxid;Jahresmittel;relative Immission;1.6644096651625564
1998;Zch_Stampfenbachstrasse;NOx;Trend;2015;Stickoxide | Stickstoffdioxid;Jahresmittel;relative Immission;1.5908314460581134
1999;Zch_Stampfenbachstrasse;NOx;Trend;2015;Stickoxide | Stickstoffdioxid;Jahresmittel;relative Immission;1.544482642545128
2000;Zch_Stampfenbachstrasse;NOx;Trend;2015;Stickoxide | Stickstoffdioxid;Jahresmittel;relative Immission;1.5039027770914366
2001;Zch_Stampfenbachstrasse;NOx;Trend;2015;Stickoxide | Stickstoffdioxid;Jahresmittel;relative Immission;1.3957072228186314
2002;Zch_Stampfenbachstrasse;NOx;Trend;2015;Stickoxide | Stickstoffdioxid;Jahresmittel;relative Immission;1.336870122847921
2003;Zch_Stampfenbachstrasse;NOx;Trend;2015;Stickoxide | Stickstoffdioxid;Jahresmittel;relative Immission;1.3191103730195133
2004;Zch_Stampfenbachstrasse;NOx;Trend;2015;Stickoxide | Stickstoffdioxid;Jahresmittel;relative Immission;1.2484574295934638
2005;Zch_Stampfenbachstrasse;NOx;Trend;2015;Stickoxide | Stickstoffdioxid;Jahresmittel;relative Immission;1.1427436337030055
2006;Zch_Stampfenbachstrasse;NOx;Trend;2015;Stickoxide | Stickstoffdioxid;Jahresmittel;relative Immission;1.1014690644081402
2007;Zch_Stampfenbachstrasse;NOx;Trend;2015;Stickoxide | Stickstoffdioxid;Jahresmittel;relative Immission;1.0774088838226343
2008;Zch_Stampfenbachstrasse;NOx;Trend;2015;Stickoxide | Stickstoffdioxid;Jahresmittel;relative Immission;1.0673917560739075
2009;Zch_Stampfenbachstrasse;NOx;Trend;2015;Stickoxide | Stickstoffdioxid;Jahresmittel;relative Immission;1.056792736098187
2010;Zch_Stampfenbachstrasse;NOx;Trend;2015;Stickoxide | Stickstoffdioxid;Jahresmittel;relative Immission;1.0428279472081385
2011;Zch_Stampfenbachstrasse;NOx;Trend;2015;Stickoxide | Stickstoffdioxid;Jahresmittel;relative Immission;1.0372515339438309
2012;Zch_Stampfenbachstrasse;NOx;Trend;2015;Stickoxide | Stickstoffdioxid;Jahresmittel;relative Immission;1.0302442392565438
2013;Zch_Stampfenbachstrasse;NOx;Trend;2015;Stickoxide | Stickstoffdioxid;Jahresmittel;relative Immission;1.0226110733936806
2014;Zch_Stampfenbachstrasse;NOx;Trend;2015;Stickoxide | Stickstoffdioxid;Jahresmittel;relative Immission;1.015060446282085
2015;Zch_Stampfenbachstrasse;NOx;Trend;2015;Stickoxide | Stickstoffdioxid;Jahresmittel;relative Immission;1
2016;Zch_Stampfenbachstrasse;NOx;Trend;2015;Stickoxide | Stickstoffdioxid;Jahresmittel;relative Immission;0.9857121671082761
2017;Zch_Stampfenbachstrasse;NOx;Trend;2015;Stickoxide | Stickstoffdioxid;Jahresmittel;relative Immission;0.9075811903866999
2018;Zch_Stampfenbachstrasse;NOx;Trend;2015;Stickoxide | Stickstoffdioxid;Jahresmittel;relative Immission;0.837232075907026
2019;Zch_Stampfenbachstrasse;NOx;Trend;2015;Stickoxide | Stickstoffdioxid;Jahresmittel;relative Immission;0.7590119422684103
2020;Zch_Stampfenbachstrasse;NOx;Trend;2015;Stickoxide | Stickstoffdioxid;Jahresmittel;relative Immission;0.6789663916670265
2021;Zch_Stampfenbachstrasse;NOx;Trend;2015;Stickoxide | Stickstoffdioxid;Jahresmittel;relative Immission;0.6416325511075409
2022;Zch_Stampfenbachstrasse;NOx;Trend;2015;Stickoxide | Stickstoffdioxid;Jahresmittel;relative Immission;0.6217738093753743
2023;Zch_Stampfenbachstrasse;NOx;Trend;2015;Stickoxide | Stickstoffdioxid;Jahresmittel;relative Immission;0.6014066564427174
2024;Zch_Stampfenbachstrasse;NOx;Trend;2015;Stickoxide | Stickstoffdioxid;Jahresmittel;relative Immission;0.5858679102273581
2025;Zch_Stampfenbachstrasse;NOx;Trend;2015;Stickoxide | Stickstoffdioxid;Jahresmittel;relative Immission;0.5787342923161303
2000;Zürich-Kaserne;NOx;gemessen;2015;Stickoxide | Stickstoffdioxid;Jahresmittel;relative Immission;1.2931668547567141
2001;Zürich-Kaserne;NOx;gemessen;2015;Stickoxide | Stickstoffdioxid;Jahresmittel;relative Immission;1.214514401604229
2002;Zürich-Kaserne;NOx;gemessen;2015;Stickoxide | Stickstoffdioxid;Jahresmittel;relative Immission;1.1428140096618356
2003;Zürich-Kaserne;NOx;gemessen;2015;Stickoxide | Stickstoffdioxid;Jahresmittel;relative Immission;1.3917202169355574
2004;Zürich-Kaserne;NOx;gemessen;2015;Stickoxide | Stickstoffdioxid;Jahresmittel;relative Immission;1.1045262283639792
2005;Zürich-Kaserne;NOx;gemessen;2015;Stickoxide | Stickstoffdioxid;Jahresmittel;relative Immission;1.1482458580092223
2006;Zürich-Kaserne;NOx;gemessen;2015;Stickoxide | Stickstoffdioxid;Jahresmittel;relative Immission;1.2434792909825778
2007;Zürich-Kaserne;NOx;gemessen;2015;Stickoxide | Stickstoffdioxid;Jahresmittel;relative Immission;1.0624886063257677
2008;Zürich-Kaserne;NOx;gemessen;2015;Stickoxide | Stickstoffdioxid;Jahresmittel;relative Immission;1.072536156966748
2009;Zürich-Kaserne;NOx;gemessen;2015;Stickoxide | Stickstoffdioxid;Jahresmittel;relative Immission;1.036111875891984
2010;Zürich-Kaserne;NOx;gemessen;2015;Stickoxide | Stickstoffdioxid;Jahresmittel;relative Immission;0.991773767204448
2011;Zürich-Kaserne;NOx;gemessen;2015;Stickoxide | Stickstoffdioxid;Jahresmittel;relative Immission;1.0662019920512733
2012;Zürich-Kaserne;NOx;gemessen;2015;Stickoxide | Stickstoffdioxid;Jahresmittel;relative Immission;0.955190360279186
2013;Zürich-Kaserne;NOx;gemessen;2015;Stickoxide | Stickstoffdioxid;Jahresmittel;relative Immission;1.0143275609545963
2014;Zürich-Kaserne;NOx;gemessen;2015;Stickoxide | Stickstoffdioxid;Jahresmittel;relative Immission;0.9299721213960092
2015;Zürich-Kaserne;NOx;gemessen;2015;Stickoxide | Stickstoffdioxid;Jahresmittel;relative Immission;1
2016;Zürich-Kaserne;NOx;gemessen;2015;Stickoxide | Stickstoffdioxid;Jahresmittel;relative Immission;0.9115871794007364
2017;Zürich-Kaserne;NOx;gemessen;2015;Stickoxide | Stickstoffdioxid;Jahresmittel;relative Immission;0.799225956935339
2018;Zürich-Kaserne;NOx;gemessen;2015;Stickoxide | Stickstoffdioxid;Jahresmittel;relative Immission;0.7322362629747416
2019;Zürich-Kaserne;NOx;gemessen;2015;Stickoxide | Stickstoffdioxid;Jahresmittel;relative Immission;0.6900675424562295
2020;Zürich-Kaserne;NOx;gemessen;2015;Stickoxide | Stickstoffdioxid;Jahresmittel;relative Immission;0.6102774583813362
2021;Zürich-Kaserne;NOx;gemessen;2015;Stickoxide | Stickstoffdioxid;Jahresmittel;relative Immission;0.5783941755537325
2022;Zürich-Kaserne;NOx;gemessen;2015;Stickoxide | Stickstoffdioxid;Jahresmittel;relative Immission;0.5655934298961427
2023;Zürich-Kaserne;NOx;gemessen;2015;Stickoxide | Stickstoffdioxid;Jahresmittel;relative Immission;0.4613119051097351
2024;Zürich-Kaserne;NOx;gemessen;2015;Stickoxide | Stickstoffdioxid;Jahresmittel;relative Immission;0.45851151599972356
2025;Zürich-Kaserne;NOx;gemessen;2015;Stickoxide | Stickstoffdioxid;Jahresmittel;relative Immission;0.5297081447742851
2000;Zürich-Kaserne;NOx;Trend;2015;Stickoxide | Stickstoffdioxid;Jahresmittel;relative Immission;1.3536587823152773
2001;Zürich-Kaserne;NOx;Trend;2015;Stickoxide | Stickstoffdioxid;Jahresmittel;relative Immission;1.3170876541102934
2002;Zürich-Kaserne;NOx;Trend;2015;Stickoxide | Stickstoffdioxid;Jahresmittel;relative Immission;1.2813382051650193
2003;Zürich-Kaserne;NOx;Trend;2015;Stickoxide | Stickstoffdioxid;Jahresmittel;relative Immission;1.2698570309054167
2004;Zürich-Kaserne;NOx;Trend;2015;Stickoxide | Stickstoffdioxid;Jahresmittel;relative Immission;1.222915235596188
2005;Zürich-Kaserne;NOx;Trend;2015;Stickoxide | Stickstoffdioxid;Jahresmittel;relative Immission;1.1856197300819373
2006;Zürich-Kaserne;NOx;Trend;2015;Stickoxide | Stickstoffdioxid;Jahresmittel;relative Immission;1.1696020290610778
2007;Zürich-Kaserne;NOx;Trend;2015;Stickoxide | Stickstoffdioxid;Jahresmittel;relative Immission;1.1426845961934566
2008;Zürich-Kaserne;NOx;Trend;2015;Stickoxide | Stickstoffdioxid;Jahresmittel;relative Immission;1.1180432531624795
2009;Zürich-Kaserne;NOx;Trend;2015;Stickoxide | Stickstoffdioxid;Jahresmittel;relative Immission;1.0939337605016282
2010;Zürich-Kaserne;NOx;Trend;2015;Stickoxide | Stickstoffdioxid;Jahresmittel;relative Immission;1.0785147066085934
2011;Zürich-Kaserne;NOx;Trend;2015;Stickoxide | Stickstoffdioxid;Jahresmittel;relative Immission;1.0584282412083534
2012;Zürich-Kaserne;NOx;Trend;2015;Stickoxide | Stickstoffdioxid;Jahresmittel;relative Immission;1.048235135683242
2013;Zürich-Kaserne;NOx;Trend;2015;Stickoxide | Stickstoffdioxid;Jahresmittel;relative Immission;1.0321148487813245
2014;Zürich-Kaserne;NOx;Trend;2015;Stickoxide | Stickstoffdioxid;Jahresmittel;relative Immission;1.0226311473251
2015;Zürich-Kaserne;NOx;Trend;2015;Stickoxide | Stickstoffdioxid;Jahresmittel;relative Immission;1
2016;Zürich-Kaserne;NOx;Trend;2015;Stickoxide | Stickstoffdioxid;Jahresmittel;relative Immission;0.9772886500483459
2017;Zürich-Kaserne;NOx;Trend;2015;Stickoxide | Stickstoffdioxid;Jahresmittel;relative Immission;0.8791333511249987
2018;Zürich-Kaserne;NOx;Trend;2015;Stickoxide | Stickstoffdioxid;Jahresmittel;relative Immission;0.8188275834258653
2019;Zürich-Kaserne;NOx;Trend;2015;Stickoxide | Stickstoffdioxid;Jahresmittel;relative Immission;0.7635310551101964
2020;Zürich-Kaserne;NOx;Trend;2015;Stickoxide | Stickstoffdioxid;Jahresmittel;relative Immission;0.6864733316678677
2021;Zürich-Kaserne;NOx;Trend;2015;Stickoxide | Stickstoffdioxid;Jahresmittel;relative Immission;0.65267776329524
2022;Zürich-Kaserne;NOx;Trend;2015;Stickoxide | Stickstoffdioxid;Jahresmittel;relative Immission;0.6357126836592433
2023;Zürich-Kaserne;NOx;Trend;2015;Stickoxide | Stickstoffdioxid;Jahresmittel;relative Immission;0.6165886500705837
2024;Zürich-Kaserne;NOx;Trend;2015;Stickoxide | Stickstoffdioxid;Jahresmittel;relative Immission;0.61024881682824
2025;Zürich-Kaserne;NOx;Trend;2015;Stickoxide | Stickstoffdioxid;Jahresmittel;relative Immission;0.6134432174568483
2000;Dübendorf-EMPA;eBC;gemessen;2020;Russ im Feinstaub;Jahresmittel;relative Immission;NA
2001;Dübendorf-EMPA;eBC;gemessen;2020;Russ im Feinstaub;Jahresmittel;relative Immission;NA
2002;Dübendorf-EMPA;eBC;gemessen;2020;Russ im Feinstaub;Jahresmittel;relative Immission;NA
2003;Dübendorf-EMPA;eBC;gemessen;2020;Russ im Feinstaub;Jahresmittel;relative Immission;NA
2004;Dübendorf-EMPA;eBC;gemessen;2020;Russ im Feinstaub;Jahresmittel;relative Immission;NA
2005;Dübendorf-EMPA;eBC;gemessen;2020;Russ im Feinstaub;Jahresmittel;relative Immission;NA
2006;Dübendorf-EMPA;eBC;gemessen;2020;Russ im Feinstaub;Jahresmittel;relative Immission;NA
2007;Dübendorf-EMPA;eBC;gemessen;2020;Russ im Feinstaub;Jahresmittel;relative Immission;NA
2008;Dübendorf-EMPA;eBC;gemessen;2020;Russ im Feinstaub;Jahresmittel;relative Immission;NA
2009;Dübendorf-EMPA;eBC;gemessen;2020;Russ im Feinstaub;Jahresmittel;relative Immission;NA
2010;Dübendorf-EMPA;eBC;gemessen;2020;Russ im Feinstaub;Jahresmittel;relative Immission;NA
2011;Dübendorf-EMPA;eBC;gemessen;2020;Russ im Feinstaub;Jahresmittel;relative Immission;2.235997605838072
2012;Dübendorf-EMPA;eBC;gemessen;2020;Russ im Feinstaub;Jahresmittel;relative Immission;1.8557002151024566
2013;Dübendorf-EMPA;eBC;gemessen;2020;Russ im Feinstaub;Jahresmittel;relative Immission;1.770712383033946
2014;Dübendorf-EMPA;eBC;gemessen;2020;Russ im Feinstaub;Jahresmittel;relative Immission;1.5932231404958679
2015;Dübendorf-EMPA;eBC;gemessen;2020;Russ im Feinstaub;Jahresmittel;relative Immission;1.6048052929191183
2016;Dübendorf-EMPA;eBC;gemessen;2020;Russ im Feinstaub;Jahresmittel;relative Immission;1.4239601679989162
2017;Dübendorf-EMPA;eBC;gemessen;2020;Russ im Feinstaub;Jahresmittel;relative Immission;1.2355144855144857
2018;Dübendorf-EMPA;eBC;gemessen;2020;Russ im Feinstaub;Jahresmittel;relative Immission;1.2002977976822569
2019;Dübendorf-EMPA;eBC;gemessen;2020;Russ im Feinstaub;Jahresmittel;relative Immission;1.059573002754821
2020;Dübendorf-EMPA;eBC;gemessen;2020;Russ im Feinstaub;Jahresmittel;relative Immission;1
2021;Dübendorf-EMPA;eBC;gemessen;2020;Russ im Feinstaub;Jahresmittel;relative Immission;NA
2022;Dübendorf-EMPA;eBC;gemessen;2020;Russ im Feinstaub;Jahresmittel;relative Immission;NA
2023;Dübendorf-EMPA;eBC;gemessen;2020;Russ im Feinstaub;Jahresmittel;relative Immission;0.7364389753892517
2024;Dübendorf-EMPA;eBC;gemessen;2020;Russ im Feinstaub;Jahresmittel;relative Immission;0.6997625679192732
2025;Dübendorf-EMPA;eBC;gemessen;2020;Russ im Feinstaub;Jahresmittel;relative Immission;0.7820936639118458
2000;Dübendorf-EMPA;eBC;Trend;2020;Russ im Feinstaub;Jahresmittel;relative Immission;NA
2001;Dübendorf-EMPA;eBC;Trend;2020;Russ im Feinstaub;Jahresmittel;relative Immission;NA
2002;Dübendorf-EMPA;eBC;Trend;2020;Russ im Feinstaub;Jahresmittel;relative Immission;NA
2003;Dübendorf-EMPA;eBC;Trend;2020;Russ im Feinstaub;Jahresmittel;relative Immission;NA
2004;Dübendorf-EMPA;eBC;Trend;2020;Russ im Feinstaub;Jahresmittel;relative Immission;NA
2005;Dübendorf-EMPA;eBC;Trend;2020;Russ im Feinstaub;Jahresmittel;relative Immission;NA
2006;Dübendorf-EMPA;eBC;Trend;2020;Russ im Feinstaub;Jahresmittel;relative Immission;NA
2007;Dübendorf-EMPA;eBC;Trend;2020;Russ im Feinstaub;Jahresmittel;relative Immission;NA
2008;Dübendorf-EMPA;eBC;Trend;2020;Russ im Feinstaub;Jahresmittel;relative Immission;NA
2009;Dübendorf-EMPA;eBC;Trend;2020;Russ im Feinstaub;Jahresmittel;relative Immission;NA
2010;Dübendorf-EMPA;eBC;Trend;2020;Russ im Feinstaub;Jahresmittel;relative Immission;NA
2011;Dübendorf-EMPA;eBC;Trend;2020;Russ im Feinstaub;Jahresmittel;relative Immission;1.941794594883913
2012;Dübendorf-EMPA;eBC;Trend;2020;Russ im Feinstaub;Jahresmittel;relative Immission;1.7458920976644563
2013;Dübendorf-EMPA;eBC;Trend;2020;Russ im Feinstaub;Jahresmittel;relative Immission;1.6696853772687466
2014;Dübendorf-EMPA;eBC;Trend;2020;Russ im Feinstaub;Jahresmittel;relative Immission;1.601354776901569
2015;Dübendorf-EMPA;eBC;Trend;2020;Russ im Feinstaub;Jahresmittel;relative Immission;1.5260807209462832
2016;Dübendorf-EMPA;eBC;Trend;2020;Russ im Feinstaub;Jahresmittel;relative Immission;1.4636630277646552
2017;Dübendorf-EMPA;eBC;Trend;2020;Russ im Feinstaub;Jahresmittel;relative Immission;1.2269735886035367
2018;Dübendorf-EMPA;eBC;Trend;2020;Russ im Feinstaub;Jahresmittel;relative Immission;1.1333750124555353
2019;Dübendorf-EMPA;eBC;Trend;2020;Russ im Feinstaub;Jahresmittel;relative Immission;1.0685330595018645
2020;Dübendorf-EMPA;eBC;Trend;2020;Russ im Feinstaub;Jahresmittel;relative Immission;1
2021;Dübendorf-EMPA;eBC;Trend;2020;Russ im Feinstaub;Jahresmittel;relative Immission;NA
2022;Dübendorf-EMPA;eBC;Trend;2020;Russ im Feinstaub;Jahresmittel;relative Immission;NA
2023;Dübendorf-EMPA;eBC;Trend;2020;Russ im Feinstaub;Jahresmittel;relative Immission;0.8831421724071482
2024;Dübendorf-EMPA;eBC;Trend;2020;Russ im Feinstaub;Jahresmittel;relative Immission;0.8621239200928738
2025;Dübendorf-EMPA;eBC;Trend;2020;Russ im Feinstaub;Jahresmittel;relative Immission;0.8581163220800274
2001;Opf_Balsberg;eBC;gemessen;2020;Russ im Feinstaub;Jahresmittel;relative Immission;NA
2002;Opf_Balsberg;eBC;gemessen;2020;Russ im Feinstaub;Jahresmittel;relative Immission;NA
2003;Opf_Balsberg;eBC;gemessen;2020;Russ im Feinstaub;Jahresmittel;relative Immission;NA
2004;Opf_Balsberg;eBC;gemessen;2020;Russ im Feinstaub;Jahresmittel;relative Immission;NA
2006;Opf_Balsberg;eBC;gemessen;2020;Russ im Feinstaub;Jahresmittel;relative Immission;NA
2007;Opf_Balsberg;eBC;gemessen;2020;Russ im Feinstaub;Jahresmittel;relative Immission;NA
2008;Opf_Balsberg;eBC;gemessen;2020;Russ im Feinstaub;Jahresmittel;relative Immission;NA
2009;Opf_Balsberg;eBC;gemessen;2020;Russ im Feinstaub;Jahresmittel;relative Immission;NA
2010;Opf_Balsberg;eBC;gemessen;2020;Russ im Feinstaub;Jahresmittel;relative Immission;NA
2011;Opf_Balsberg;eBC;gemessen;2020;Russ im Feinstaub;Jahresmittel;relative Immission;NA
2012;Opf_Balsberg;eBC;gemessen;2020;Russ im Feinstaub;Jahresmittel;relative Immission;NA
2013;Opf_Balsberg;eBC;gemessen;2020;Russ im Feinstaub;Jahresmittel;relative Immission;NA
2014;Opf_Balsberg;eBC;gemessen;2020;Russ im Feinstaub;Jahresmittel;relative Immission;2.479567497823222
2015;Opf_Balsberg;eBC;gemessen;2020;Russ im Feinstaub;Jahresmittel;relative Immission;1.8545699061773144
2016;Opf_Balsberg;eBC;gemessen;2020;Russ im Feinstaub;Jahresmittel;relative Immission;1.8464574859854517
2017;Opf_Balsberg;eBC;gemessen;2020;Russ im Feinstaub;Jahresmittel;relative Immission;2.201951164725496
2018;Opf_Balsberg;eBC;gemessen;2020;Russ im Feinstaub;Jahresmittel;relative Immission;1.2771412346405657
2019;Opf_Balsberg;eBC;gemessen;2020;Russ im Feinstaub;Jahresmittel;relative Immission;1.2757300077185514
2020;Opf_Balsberg;eBC;gemessen;2020;Russ im Feinstaub;Jahresmittel;relative Immission;1
2021;Opf_Balsberg;eBC;gemessen;2020;Russ im Feinstaub;Jahresmittel;relative Immission;1.1021045320763783
2022;Opf_Balsberg;eBC;gemessen;2020;Russ im Feinstaub;Jahresmittel;relative Immission;1.0252863289512126
2023;Opf_Balsberg;eBC;gemessen;2020;Russ im Feinstaub;Jahresmittel;relative Immission;0.9335483096359674
2024;Opf_Balsberg;eBC;gemessen;2020;Russ im Feinstaub;Jahresmittel;relative Immission;0.8639005865065176
2025;Opf_Balsberg;eBC;gemessen;2020;Russ im Feinstaub;Jahresmittel;relative Immission;1.0269210187361404
2001;Opf_Balsberg;eBC;Trend;2020;Russ im Feinstaub;Jahresmittel;relative Immission;NA
2002;Opf_Balsberg;eBC;Trend;2020;Russ im Feinstaub;Jahresmittel;relative Immission;NA
2003;Opf_Balsberg;eBC;Trend;2020;Russ im Feinstaub;Jahresmittel;relative Immission;NA
2004;Opf_Balsberg;eBC;Trend;2020;Russ im Feinstaub;Jahresmittel;relative Immission;NA
2006;Opf_Balsberg;eBC;Trend;2020;Russ im Feinstaub;Jahresmittel;relative Immission;NA
2007;Opf_Balsberg;eBC;Trend;2020;Russ im Feinstaub;Jahresmittel;relative Immission;NA
2008;Opf_Balsberg;eBC;Trend;2020;Russ im Feinstaub;Jahresmittel;relative Immission;NA
2009;Opf_Balsberg;eBC;Trend;2020;Russ im Feinstaub;Jahresmittel;relative Immission;NA
2010;Opf_Balsberg;eBC;Trend;2020;Russ im Feinstaub;Jahresmittel;relative Immission;NA
2011;Opf_Balsberg;eBC;Trend;2020;Russ im Feinstaub;Jahresmittel;relative Immission;NA
2012;Opf_Balsberg;eBC;Trend;2020;Russ im Feinstaub;Jahresmittel;relative Immission;NA
2013;Opf_Balsberg;eBC;Trend;2020;Russ im Feinstaub;Jahresmittel;relative Immission;NA
2014;Opf_Balsberg;eBC;Trend;2020;Russ im Feinstaub;Jahresmittel;relative Immission;2.033204496977718
2015;Opf_Balsberg;eBC;Trend;2020;Russ im Feinstaub;Jahresmittel;relative Immission;1.785664687736323
2016;Opf_Balsberg;eBC;Trend;2020;Russ im Feinstaub;Jahresmittel;relative Immission;1.7723496295745176
2017;Opf_Balsberg;eBC;Trend;2020;Russ im Feinstaub;Jahresmittel;relative Immission;1.8353530394121111
2018;Opf_Balsberg;eBC;Trend;2020;Russ im Feinstaub;Jahresmittel;relative Immission;1.2209250151964286
2019;Opf_Balsberg;eBC;Trend;2020;Russ im Feinstaub;Jahresmittel;relative Immission;1.116653140310891
2020;Opf_Balsberg;eBC;Trend;2020;Russ im Feinstaub;Jahresmittel;relative Immission;1
2021;Opf_Balsberg;eBC;Trend;2020;Russ im Feinstaub;Jahresmittel;relative Immission;0.9822476356708859
2022;Opf_Balsberg;eBC;Trend;2020;Russ im Feinstaub;Jahresmittel;relative Immission;0.9679966060439819
2023;Opf_Balsberg;eBC;Trend;2020;Russ im Feinstaub;Jahresmittel;relative Immission;0.9455546779189874
2024;Opf_Balsberg;eBC;Trend;2020;Russ im Feinstaub;Jahresmittel;relative Immission;0.9270308387781334
2025;Opf_Balsberg;eBC;Trend;2020;Russ im Feinstaub;Jahresmittel;relative Immission;0.9363338202831479
2000;Zürich-Kaserne;eBC;gemessen;2020;Russ im Feinstaub;Jahresmittel;relative Immission;NA
2001;Zürich-Kaserne;eBC;gemessen;2020;Russ im Feinstaub;Jahresmittel;relative Immission;NA
2002;Zürich-Kaserne;eBC;gemessen;2020;Russ im Feinstaub;Jahresmittel;relative Immission;NA
2003;Zürich-Kaserne;eBC;gemessen;2020;Russ im Feinstaub;Jahresmittel;relative Immission;NA
2004;Zürich-Kaserne;eBC;gemessen;2020;Russ im Feinstaub;Jahresmittel;relative Immission;NA
2005;Zürich-Kaserne;eBC;gemessen;2020;Russ im Feinstaub;Jahresmittel;relative Immission;NA
2006;Zürich-Kaserne;eBC;gemessen;2020;Russ im Feinstaub;Jahresmittel;relative Immission;NA
2007;Zürich-Kaserne;eBC;gemessen;2020;Russ im Feinstaub;Jahresmittel;relative Immission;NA
2008;Zürich-Kaserne;eBC;gemessen;2020;Russ im Feinstaub;Jahresmittel;relative Immission;NA
2009;Zürich-Kaserne;eBC;gemessen;2020;Russ im Feinstaub;Jahresmittel;relative Immission;NA
2010;Zürich-Kaserne;eBC;gemessen;2020;Russ im Feinstaub;Jahresmittel;relative Immission;2.4588598455439157
2011;Zürich-Kaserne;eBC;gemessen;2020;Russ im Feinstaub;Jahresmittel;relative Immission;2.6106148108882254
2012;Zürich-Kaserne;eBC;gemessen;2020;Russ im Feinstaub;Jahresmittel;relative Immission;2.067391554353592
2013;Zürich-Kaserne;eBC;gemessen;2020;Russ im Feinstaub;Jahresmittel;relative Immission;2.0397319345993243
2014;Zürich-Kaserne;eBC;gemessen;2020;Russ im Feinstaub;Jahresmittel;relative Immission;1.854039375424304
2015;Zürich-Kaserne;eBC;gemessen;2020;Russ im Feinstaub;Jahresmittel;relative Immission;1.770078728344079
2016;Zürich-Kaserne;eBC;gemessen;2020;Russ im Feinstaub;Jahresmittel;relative Immission;1.4486505491874868
2017;Zürich-Kaserne;eBC;gemessen;2020;Russ im Feinstaub;Jahresmittel;relative Immission;1.2025332493707535
2018;Zürich-Kaserne;eBC;gemessen;2020;Russ im Feinstaub;Jahresmittel;relative Immission;1.2145858326590966
2019;Zürich-Kaserne;eBC;gemessen;2020;Russ im Feinstaub;Jahresmittel;relative Immission;1.0410220056786428
2020;Zürich-Kaserne;eBC;gemessen;2020;Russ im Feinstaub;Jahresmittel;relative Immission;1
2021;Zürich-Kaserne;eBC;gemessen;2020;Russ im Feinstaub;Jahresmittel;relative Immission;0.9015238277922268
2022;Zürich-Kaserne;eBC;gemessen;2020;Russ im Feinstaub;Jahresmittel;relative Immission;1.033135037070278
2023;Zürich-Kaserne;eBC;gemessen;2020;Russ im Feinstaub;Jahresmittel;relative Immission;0.9174646397587515
2024;Zürich-Kaserne;eBC;gemessen;2020;Russ im Feinstaub;Jahresmittel;relative Immission;0.9300746775288526
2025;Zürich-Kaserne;eBC;gemessen;2020;Russ im Feinstaub;Jahresmittel;relative Immission;1.0274770429127809
2000;Zürich-Kaserne;eBC;Trend;2020;Russ im Feinstaub;Jahresmittel;relative Immission;NA
2001;Zürich-Kaserne;eBC;Trend;2020;Russ im Feinstaub;Jahresmittel;relative Immission;NA
2002;Zürich-Kaserne;eBC;Trend;2020;Russ im Feinstaub;Jahresmittel;relative Immission;NA
2003;Zürich-Kaserne;eBC;Trend;2020;Russ im Feinstaub;Jahresmittel;relative Immission;NA
2004;Zürich-Kaserne;eBC;Trend;2020;Russ im Feinstaub;Jahresmittel;relative Immission;NA
2005;Zürich-Kaserne;eBC;Trend;2020;Russ im Feinstaub;Jahresmittel;relative Immission;NA
2006;Zürich-Kaserne;eBC;Trend;2020;Russ im Feinstaub;Jahresmittel;relative Immission;NA
2007;Zürich-Kaserne;eBC;Trend;2020;Russ im Feinstaub;Jahresmittel;relative Immission;NA
2008;Zürich-Kaserne;eBC;Trend;2020;Russ im Feinstaub;Jahresmittel;relative Immission;NA
2009;Zürich-Kaserne;eBC;Trend;2020;Russ im Feinstaub;Jahresmittel;relative Immission;NA
2010;Zürich-Kaserne;eBC;Trend;2020;Russ im Feinstaub;Jahresmittel;relative Immission;2.2562532852471087
2011;Zürich-Kaserne;eBC;Trend;2020;Russ im Feinstaub;Jahresmittel;relative Immission;2.138947918869382
2012;Zürich-Kaserne;eBC;Trend;2020;Russ im Feinstaub;Jahresmittel;relative Immission;1.9345208306600088
2013;Zürich-Kaserne;eBC;Trend;2020;Russ im Feinstaub;Jahresmittel;relative Immission;1.88260811792299
2014;Zürich-Kaserne;eBC;Trend;2020;Russ im Feinstaub;Jahresmittel;relative Immission;1.7032506865612052
2015;Zürich-Kaserne;eBC;Trend;2020;Russ im Feinstaub;Jahresmittel;relative Immission;1.5324559697797202
2016;Zürich-Kaserne;eBC;Trend;2020;Russ im Feinstaub;Jahresmittel;relative Immission;1.3649554541508813
2017;Zürich-Kaserne;eBC;Trend;2020;Russ im Feinstaub;Jahresmittel;relative Immission;1.1635833966748699
2018;Zürich-Kaserne;eBC;Trend;2020;Russ im Feinstaub;Jahresmittel;relative Immission;1.098031873686539
2019;Zürich-Kaserne;eBC;Trend;2020;Russ im Feinstaub;Jahresmittel;relative Immission;1.0411417962973781
2020;Zürich-Kaserne;eBC;Trend;2020;Russ im Feinstaub;Jahresmittel;relative Immission;1
2021;Zürich-Kaserne;eBC;Trend;2020;Russ im Feinstaub;Jahresmittel;relative Immission;0.9850451087799231
2022;Zürich-Kaserne;eBC;Trend;2020;Russ im Feinstaub;Jahresmittel;relative Immission;0.9828141957869158
2023;Zürich-Kaserne;eBC;Trend;2020;Russ im Feinstaub;Jahresmittel;relative Immission;0.9797630544601497
2024;Zürich-Kaserne;eBC;Trend;2020;Russ im Feinstaub;Jahresmittel;relative Immission;0.9710993533967427
2025;Zürich-Kaserne;eBC;Trend;2020;Russ im Feinstaub;Jahresmittel;relative Immission;0.9795333143963958
1990;Kanton Zürich;NA;emission;2015;Kohlenstoffmonoxid;NA;relative Emission;5.009406791328516
1991;Kanton Zürich;NA;emission;2015;Kohlenstoffmonoxid;NA;relative Emission;4.661733190483937
1992;Kanton Zürich;NA;emission;2015;Kohlenstoffmonoxid;NA;relative Emission;4.132696182300374
1993;Kanton Zürich;NA;emission;2015;Kohlenstoffmonoxid;NA;relative Emission;3.7033353672309057
1994;Kanton Zürich;NA;emission;2015;Kohlenstoffmonoxid;NA;relative Emission;3.303373870069057
1995;Kanton Zürich;NA;emission;2015;Kohlenstoffmonoxid;NA;relative Emission;3.1210273196221205
1996;Kanton Zürich;NA;emission;2015;Kohlenstoffmonoxid;NA;relative Emission;2.954700585053254
1997;Kanton Zürich;NA;emission;2015;Kohlenstoffmonoxid;NA;relative Emission;2.762215622332003
1998;Kanton Zürich;NA;emission;2015;Kohlenstoffmonoxid;NA;relative Emission;2.648059452575782
1999;Kanton Zürich;NA;emission;2015;Kohlenstoffmonoxid;NA;relative Emission;2.5385985801665423
2000;Kanton Zürich;NA;emission;2015;Kohlenstoffmonoxid;NA;relative Emission;2.4060871776945625
2001;Kanton Zürich;NA;emission;2015;Kohlenstoffmonoxid;NA;relative Emission;2.280894758797875
2002;Kanton Zürich;NA;emission;2015;Kohlenstoffmonoxid;NA;relative Emission;2.130645805166269
2003;Kanton Zürich;NA;emission;2015;Kohlenstoffmonoxid;NA;relative Emission;2.0280895222640574
2004;Kanton Zürich;NA;emission;2015;Kohlenstoffmonoxid;NA;relative Emission;1.9107573977286227
2005;Kanton Zürich;NA;emission;2015;Kohlenstoffmonoxid;NA;relative Emission;1.8136158687911148
2006;Kanton Zürich;NA;emission;2015;Kohlenstoffmonoxid;NA;relative Emission;1.6814370818305902
2007;Kanton Zürich;NA;emission;2015;Kohlenstoffmonoxid;NA;relative Emission;1.5911819529158062
2008;Kanton Zürich;NA;emission;2015;Kohlenstoffmonoxid;NA;relative Emission;1.536766553650494
2009;Kanton Zürich;NA;emission;2015;Kohlenstoffmonoxid;NA;relative Emission;1.4600152803114574
2010;Kanton Zürich;NA;emission;2015;Kohlenstoffmonoxid;NA;relative Emission;1.3812243770006736
2011;Kanton Zürich;NA;emission;2015;Kohlenstoffmonoxid;NA;relative Emission;1.2552281445676587
2012;Kanton Zürich;NA;emission;2015;Kohlenstoffmonoxid;NA;relative Emission;1.20280193756866
2013;Kanton Zürich;NA;emission;2015;Kohlenstoffmonoxid;NA;relative Emission;1.1496738074540265
2014;Kanton Zürich;NA;emission;2015;Kohlenstoffmonoxid;NA;relative Emission;1.0380541601080902
2015;Kanton Zürich;NA;emission;2015;Kohlenstoffmonoxid;NA;relative Emission;1
2016;Kanton Zürich;NA;emission;2015;Kohlenstoffmonoxid;NA;relative Emission;0.9790939899026623
2017;Kanton Zürich;NA;emission;2015;Kohlenstoffmonoxid;NA;relative Emission;0.9344578289370112
2018;Kanton Zürich;NA;emission;2015;Kohlenstoffmonoxid;NA;relative Emission;0.8986967516367029
2019;Kanton Zürich;NA;emission;2015;Kohlenstoffmonoxid;NA;relative Emission;0.8674790385732191
2020;Kanton Zürich;NA;emission;2015;Kohlenstoffmonoxid;NA;relative Emission;0.7477037122579452
2021;Kanton Zürich;NA;emission;2015;Kohlenstoffmonoxid;NA;relative Emission;0.7673410644758525
2022;Kanton Zürich;NA;emission;2015;Kohlenstoffmonoxid;NA;relative Emission;0.7519472665616487
2023;Kanton Zürich;NA;emission;2015;Kohlenstoffmonoxid;NA;relative Emission;0.7574694348193329
2024;Kanton Zürich;NA;emission;2015;Kohlenstoffmonoxid;NA;relative Emission;0.7070355090053789
2025;Kanton Zürich;NA;emission;2015;Kohlenstoffmonoxid;NA;relative Emission;0.6886062726884499
1990;Kanton Zürich;NA;emission;2015;Ammoniak | reduzierter Stickstoff;NA;relative Emission;1.2653603798899586
1991;Kanton Zürich;NA;emission;2015;Ammoniak | reduzierter Stickstoff;NA;relative Emission;1.2544605629498073
1992;Kanton Zürich;NA;emission;2015;Ammoniak | reduzierter Stickstoff;NA;relative Emission;1.2523370044729991
1993;Kanton Zürich;NA;emission;2015;Ammoniak | reduzierter Stickstoff;NA;relative Emission;1.2414572520789489
1994;Kanton Zürich;NA;emission;2015;Ammoniak | reduzierter Stickstoff;NA;relative Emission;1.2368520815610693
1995;Kanton Zürich;NA;emission;2015;Ammoniak | reduzierter Stickstoff;NA;relative Emission;1.240356506383404
1996;Kanton Zürich;NA;emission;2015;Ammoniak | reduzierter Stickstoff;NA;relative Emission;1.2226735580060522
1997;Kanton Zürich;NA;emission;2015;Ammoniak | reduzierter Stickstoff;NA;relative Emission;1.1840754710004648
1998;Kanton Zürich;NA;emission;2015;Ammoniak | reduzierter Stickstoff;NA;relative Emission;1.181208675952964
1999;Kanton Zürich;NA;emission;2015;Ammoniak | reduzierter Stickstoff;NA;relative Emission;1.1778533633177897
2000;Kanton Zürich;NA;emission;2015;Ammoniak | reduzierter Stickstoff;NA;relative Emission;1.2149741408125707
2001;Kanton Zürich;NA;emission;2015;Ammoniak | reduzierter Stickstoff;NA;relative Emission;1.2148585448221878
2002;Kanton Zürich;NA;emission;2015;Ammoniak | reduzierter Stickstoff;NA;relative Emission;1.1898298715592566
2003;Kanton Zürich;NA;emission;2015;Ammoniak | reduzierter Stickstoff;NA;relative Emission;1.158258043903049
2004;Kanton Zürich;NA;emission;2015;Ammoniak | reduzierter Stickstoff;NA;relative Emission;1.1426836973906913
2005;Kanton Zürich;NA;emission;2015;Ammoniak | reduzierter Stickstoff;NA;relative Emission;1.1445986130883923
2006;Kanton Zürich;NA;emission;2015;Ammoniak | reduzierter Stickstoff;NA;relative Emission;1.1382768371322503
2007;Kanton Zürich;NA;emission;2015;Ammoniak | reduzierter Stickstoff;NA;relative Emission;1.143896190040628
2008;Kanton Zürich;NA;emission;2015;Ammoniak | reduzierter Stickstoff;NA;relative Emission;1.1285980034362613
2009;Kanton Zürich;NA;emission;2015;Ammoniak | reduzierter Stickstoff;NA;relative Emission;1.0918024016782137
2010;Kanton Zürich;NA;emission;2015;Ammoniak | reduzierter Stickstoff;NA;relative Emission;1.0802602271262267
2011;Kanton Zürich;NA;emission;2015;Ammoniak | reduzierter Stickstoff;NA;relative Emission;1.0517999981105328
2012;Kanton Zürich;NA;emission;2015;Ammoniak | reduzierter Stickstoff;NA;relative Emission;1.0340915397210517
2013;Kanton Zürich;NA;emission;2015;Ammoniak | reduzierter Stickstoff;NA;relative Emission;1.0156608213080804
2014;Kanton Zürich;NA;emission;2015;Ammoniak | reduzierter Stickstoff;NA;relative Emission;1.0168572759399481
2015;Kanton Zürich;NA;emission;2015;Ammoniak | reduzierter Stickstoff;NA;relative Emission;1
2016;Kanton Zürich;NA;emission;2015;Ammoniak | reduzierter Stickstoff;NA;relative Emission;0.9967119356853176
2017;Kanton Zürich;NA;emission;2015;Ammoniak | reduzierter Stickstoff;NA;relative Emission;0.9949579399093192
2018;Kanton Zürich;NA;emission;2015;Ammoniak | reduzierter Stickstoff;NA;relative Emission;0.9818597043363995
2019;Kanton Zürich;NA;emission;2015;Ammoniak | reduzierter Stickstoff;NA;relative Emission;0.9670481641030433
2020;Kanton Zürich;NA;emission;2015;Ammoniak | reduzierter Stickstoff;NA;relative Emission;0.9595995597765441
2021;Kanton Zürich;NA;emission;2015;Ammoniak | reduzierter Stickstoff;NA;relative Emission;0.9703147276740834
2022;Kanton Zürich;NA;emission;2015;Ammoniak | reduzierter Stickstoff;NA;relative Emission;0.9622364180822051
2023;Kanton Zürich;NA;emission;2015;Ammoniak | reduzierter Stickstoff;NA;relative Emission;0.9553068868219019
2024;Kanton Zürich;NA;emission;2015;Ammoniak | reduzierter Stickstoff;NA;relative Emission;0.941850954472833
2025;Kanton Zürich;NA;emission;2015;Ammoniak | reduzierter Stickstoff;NA;relative Emission;0.9324132665844738
1990;Kanton Zürich;NA;emission;2015;nicht-Methan Kohlenwasserstoffe;NA;relative Emission;3.8075953756389396
1991;Kanton Zürich;NA;emission;2015;nicht-Methan Kohlenwasserstoffe;NA;relative Emission;3.591555530172089
1992;Kanton Zürich;NA;emission;2015;nicht-Methan Kohlenwasserstoffe;NA;relative Emission;3.274192172070176
1993;Kanton Zürich;NA;emission;2015;nicht-Methan Kohlenwasserstoffe;NA;relative Emission;2.9916934846733247
1994;Kanton Zürich;NA;emission;2015;nicht-Methan Kohlenwasserstoffe;NA;relative Emission;2.7882821316681037
1995;Kanton Zürich;NA;emission;2015;nicht-Methan Kohlenwasserstoffe;NA;relative Emission;2.6179737444093045
1996;Kanton Zürich;NA;emission;2015;nicht-Methan Kohlenwasserstoffe;NA;relative Emission;2.474388787531532
1997;Kanton Zürich;NA;emission;2015;nicht-Methan Kohlenwasserstoffe;NA;relative Emission;2.328950558182667
1998;Kanton Zürich;NA;emission;2015;nicht-Methan Kohlenwasserstoffe;NA;relative Emission;2.1991605949710387
1999;Kanton Zürich;NA;emission;2015;nicht-Methan Kohlenwasserstoffe;NA;relative Emission;2.1083581713564885
2000;Kanton Zürich;NA;emission;2015;nicht-Methan Kohlenwasserstoffe;NA;relative Emission;2.005465419024151
2001;Kanton Zürich;NA;emission;2015;nicht-Methan Kohlenwasserstoffe;NA;relative Emission;1.8904102227659743
2002;Kanton Zürich;NA;emission;2015;nicht-Methan Kohlenwasserstoffe;NA;relative Emission;1.7397910844638944
2003;Kanton Zürich;NA;emission;2015;nicht-Methan Kohlenwasserstoffe;NA;relative Emission;1.6159594012485938
2004;Kanton Zürich;NA;emission;2015;nicht-Methan Kohlenwasserstoffe;NA;relative Emission;1.486457732168777
2005;Kanton Zürich;NA;emission;2015;nicht-Methan Kohlenwasserstoffe;NA;relative Emission;1.4355985376450473
2006;Kanton Zürich;NA;emission;2015;nicht-Methan Kohlenwasserstoffe;NA;relative Emission;1.3811425071941699
2007;Kanton Zürich;NA;emission;2015;nicht-Methan Kohlenwasserstoffe;NA;relative Emission;1.3421032982225571
2008;Kanton Zürich;NA;emission;2015;nicht-Methan Kohlenwasserstoffe;NA;relative Emission;1.3038820280842784
2009;Kanton Zürich;NA;emission;2015;nicht-Methan Kohlenwasserstoffe;NA;relative Emission;1.2707635926632737
2010;Kanton Zürich;NA;emission;2015;nicht-Methan Kohlenwasserstoffe;NA;relative Emission;1.2184250823423957
2011;Kanton Zürich;NA;emission;2015;nicht-Methan Kohlenwasserstoffe;NA;relative Emission;1.1638136054216146
2012;Kanton Zürich;NA;emission;2015;nicht-Methan Kohlenwasserstoffe;NA;relative Emission;1.1213660216575483
2013;Kanton Zürich;NA;emission;2015;nicht-Methan Kohlenwasserstoffe;NA;relative Emission;1.0882513026248026
2014;Kanton Zürich;NA;emission;2015;nicht-Methan Kohlenwasserstoffe;NA;relative Emission;1.036516736282151
2015;Kanton Zürich;NA;emission;2015;nicht-Methan Kohlenwasserstoffe;NA;relative Emission;1
2016;Kanton Zürich;NA;emission;2015;nicht-Methan Kohlenwasserstoffe;NA;relative Emission;0.9716332909093697
2017;Kanton Zürich;NA;emission;2015;nicht-Methan Kohlenwasserstoffe;NA;relative Emission;0.9552816616367326
2018;Kanton Zürich;NA;emission;2015;nicht-Methan Kohlenwasserstoffe;NA;relative Emission;0.9365193280671343
2019;Kanton Zürich;NA;emission;2015;nicht-Methan Kohlenwasserstoffe;NA;relative Emission;0.9228940212514979
2020;Kanton Zürich;NA;emission;2015;nicht-Methan Kohlenwasserstoffe;NA;relative Emission;0.8857510669942381
2021;Kanton Zürich;NA;emission;2015;nicht-Methan Kohlenwasserstoffe;NA;relative Emission;0.8884209614607971
2022;Kanton Zürich;NA;emission;2015;nicht-Methan Kohlenwasserstoffe;NA;relative Emission;0.8852679752638887
2023;Kanton Zürich;NA;emission;2015;nicht-Methan Kohlenwasserstoffe;NA;relative Emission;0.8893674989790672
2024;Kanton Zürich;NA;emission;2015;nicht-Methan Kohlenwasserstoffe;NA;relative Emission;0.8781808568465467
2025;Kanton Zürich;NA;emission;2015;nicht-Methan Kohlenwasserstoffe;NA;relative Emission;0.871224578520984
1990;Kanton Zürich;NA;emission;2015;Stickoxide | Stickstoffdioxid;NA;relative Emission;1.760690052822223
1991;Kanton Zürich;NA;emission;2015;Stickoxide | Stickstoffdioxid;NA;relative Emission;1.7308247367075549
1992;Kanton Zürich;NA;emission;2015;Stickoxide | Stickstoffdioxid;NA;relative Emission;1.6556338054556172
1993;Kanton Zürich;NA;emission;2015;Stickoxide | Stickstoffdioxid;NA;relative Emission;1.5692186402098856
1994;Kanton Zürich;NA;emission;2015;Stickoxide | Stickstoffdioxid;NA;relative Emission;1.4986078347811922
1995;Kanton Zürich;NA;emission;2015;Stickoxide | Stickstoffdioxid;NA;relative Emission;1.4743405738057604
1996;Kanton Zürich;NA;emission;2015;Stickoxide | Stickstoffdioxid;NA;relative Emission;1.4360685618325164
1997;Kanton Zürich;NA;emission;2015;Stickoxide | Stickstoffdioxid;NA;relative Emission;1.3858828230260882
1998;Kanton Zürich;NA;emission;2015;Stickoxide | Stickstoffdioxid;NA;relative Emission;1.3899444806676884
1999;Kanton Zürich;NA;emission;2015;Stickoxide | Stickstoffdioxid;NA;relative Emission;1.3727271989621064
2000;Kanton Zürich;NA;emission;2015;Stickoxide | Stickstoffdioxid;NA;relative Emission;1.349768750308748
2001;Kanton Zürich;NA;emission;2015;Stickoxide | Stickstoffdioxid;NA;relative Emission;1.3130210008679217
2002;Kanton Zürich;NA;emission;2015;Stickoxide | Stickstoffdioxid;NA;relative Emission;1.2486218116603922
2003;Kanton Zürich;NA;emission;2015;Stickoxide | Stickstoffdioxid;NA;relative Emission;1.2218287761040716
2004;Kanton Zürich;NA;emission;2015;Stickoxide | Stickstoffdioxid;NA;relative Emission;1.1939293675940401
2005;Kanton Zürich;NA;emission;2015;Stickoxide | Stickstoffdioxid;NA;relative Emission;1.190062623906293
2006;Kanton Zürich;NA;emission;2015;Stickoxide | Stickstoffdioxid;NA;relative Emission;1.1662361730020492
2007;Kanton Zürich;NA;emission;2015;Stickoxide | Stickstoffdioxid;NA;relative Emission;1.1479659210329334
2008;Kanton Zürich;NA;emission;2015;Stickoxide | Stickstoffdioxid;NA;relative Emission;1.1341552979634009
2009;Kanton Zürich;NA;emission;2015;Stickoxide | Stickstoffdioxid;NA;relative Emission;1.0970107425337168
2010;Kanton Zürich;NA;emission;2015;Stickoxide | Stickstoffdioxid;NA;relative Emission;1.0708173086377502
2011;Kanton Zürich;NA;emission;2015;Stickoxide | Stickstoffdioxid;NA;relative Emission;1.0407346801967339
2012;Kanton Zürich;NA;emission;2015;Stickoxide | Stickstoffdioxid;NA;relative Emission;1.043052768063155
2013;Kanton Zürich;NA;emission;2015;Stickoxide | Stickstoffdioxid;NA;relative Emission;1.0499584867395197
2014;Kanton Zürich;NA;emission;2015;Stickoxide | Stickstoffdioxid;NA;relative Emission;1.0088391666619858
2015;Kanton Zürich;NA;emission;2015;Stickoxide | Stickstoffdioxid;NA;relative Emission;1
2016;Kanton Zürich;NA;emission;2015;Stickoxide | Stickstoffdioxid;NA;relative Emission;0.9929709956189922
2017;Kanton Zürich;NA;emission;2015;Stickoxide | Stickstoffdioxid;NA;relative Emission;0.9380450960653679
2018;Kanton Zürich;NA;emission;2015;Stickoxide | Stickstoffdioxid;NA;relative Emission;0.8865413265386158
2019;Kanton Zürich;NA;emission;2015;Stickoxide | Stickstoffdioxid;NA;relative Emission;0.8434022754376908
2020;Kanton Zürich;NA;emission;2015;Stickoxide | Stickstoffdioxid;NA;relative Emission;0.6686654437419224
2021;Kanton Zürich;NA;emission;2015;Stickoxide | Stickstoffdioxid;NA;relative Emission;0.6606477812531218
2022;Kanton Zürich;NA;emission;2015;Stickoxide | Stickstoffdioxid;NA;relative Emission;0.648592510592252
2023;Kanton Zürich;NA;emission;2015;Stickoxide | Stickstoffdioxid;NA;relative Emission;0.6398410533214155
2024;Kanton Zürich;NA;emission;2015;Stickoxide | Stickstoffdioxid;NA;relative Emission;0.6648965291647249
2025;Kanton Zürich;NA;emission;2015;Stickoxide | Stickstoffdioxid;NA;relative Emission;0.6531614758565679
1990;Kanton Zürich;NA;emission;2015;Feinstaub PM10;NA;relative Emission;2.234855992212921
1991;Kanton Zürich;NA;emission;2015;Feinstaub PM10;NA;relative Emission;2.2217239269125875
1992;Kanton Zürich;NA;emission;2015;Feinstaub PM10;NA;relative Emission;2.1116283412376453
1993;Kanton Zürich;NA;emission;2015;Feinstaub PM10;NA;relative Emission;2.0242435200403284
1994;Kanton Zürich;NA;emission;2015;Feinstaub PM10;NA;relative Emission;1.8912054780760246
1995;Kanton Zürich;NA;emission;2015;Feinstaub PM10;NA;relative Emission;1.8981498096008922
1996;Kanton Zürich;NA;emission;2015;Feinstaub PM10;NA;relative Emission;1.8936100702706113
1997;Kanton Zürich;NA;emission;2015;Feinstaub PM10;NA;relative Emission;1.7729954725146104
1998;Kanton Zürich;NA;emission;2015;Feinstaub PM10;NA;relative Emission;1.712909614882859
1999;Kanton Zürich;NA;emission;2015;Feinstaub PM10;NA;relative Emission;1.6634388490091687
2000;Kanton Zürich;NA;emission;2015;Feinstaub PM10;NA;relative Emission;1.5712307863931387
2001;Kanton Zürich;NA;emission;2015;Feinstaub PM10;NA;relative Emission;1.5326889233381271
2002;Kanton Zürich;NA;emission;2015;Feinstaub PM10;NA;relative Emission;1.4736755987815897
2003;Kanton Zürich;NA;emission;2015;Feinstaub PM10;NA;relative Emission;1.4581484813274244
2004;Kanton Zürich;NA;emission;2015;Feinstaub PM10;NA;relative Emission;1.3981490815026352
2005;Kanton Zürich;NA;emission;2015;Feinstaub PM10;NA;relative Emission;1.3662427254783518
2006;Kanton Zürich;NA;emission;2015;Feinstaub PM10;NA;relative Emission;1.3427893638239774
2007;Kanton Zürich;NA;emission;2015;Feinstaub PM10;NA;relative Emission;1.2762627895956706
2008;Kanton Zürich;NA;emission;2015;Feinstaub PM10;NA;relative Emission;1.2624239844944816
2009;Kanton Zürich;NA;emission;2015;Feinstaub PM10;NA;relative Emission;1.2215312172034725
2010;Kanton Zürich;NA;emission;2015;Feinstaub PM10;NA;relative Emission;1.2008250326885408
2011;Kanton Zürich;NA;emission;2015;Feinstaub PM10;NA;relative Emission;1.117281115950985
2012;Kanton Zürich;NA;emission;2015;Feinstaub PM10;NA;relative Emission;1.1006934290293948
2013;Kanton Zürich;NA;emission;2015;Feinstaub PM10;NA;relative Emission;1.0931396628792323
2014;Kanton Zürich;NA;emission;2015;Feinstaub PM10;NA;relative Emission;1.0120930353359336
2015;Kanton Zürich;NA;emission;2015;Feinstaub PM10;NA;relative Emission;1
2016;Kanton Zürich;NA;emission;2015;Feinstaub PM10;NA;relative Emission;1.021122134655272
2017;Kanton Zürich;NA;emission;2015;Feinstaub PM10;NA;relative Emission;0.9913791490362126
2018;Kanton Zürich;NA;emission;2015;Feinstaub PM10;NA;relative Emission;0.9690520626407475
2019;Kanton Zürich;NA;emission;2015;Feinstaub PM10;NA;relative Emission;0.9430734953928251
2020;Kanton Zürich;NA;emission;2015;Feinstaub PM10;NA;relative Emission;0.8829942754420578
2021;Kanton Zürich;NA;emission;2015;Feinstaub PM10;NA;relative Emission;0.9098460747408706
2022;Kanton Zürich;NA;emission;2015;Feinstaub PM10;NA;relative Emission;0.9159060889514865
2023;Kanton Zürich;NA;emission;2015;Feinstaub PM10;NA;relative Emission;0.8946385098451037
2024;Kanton Zürich;NA;emission;2015;Feinstaub PM10;NA;relative Emission;0.8994808043353059
2025;Kanton Zürich;NA;emission;2015;Feinstaub PM10;NA;relative Emission;0.9027296063190052
1990;Kanton Zürich;NA;emission;2015;Schwefeldioxid;NA;relative Emission;8.673983065200398
1991;Kanton Zürich;NA;emission;2015;Schwefeldioxid;NA;relative Emission;8.212886375155321
1992;Kanton Zürich;NA;emission;2015;Schwefeldioxid;NA;relative Emission;7.242223759286591
1993;Kanton Zürich;NA;emission;2015;Schwefeldioxid;NA;relative Emission;6.211112480034529
1994;Kanton Zürich;NA;emission;2015;Schwefeldioxid;NA;relative Emission;5.543889511321536
1995;Kanton Zürich;NA;emission;2015;Schwefeldioxid;NA;relative Emission;5.792287801781227
1996;Kanton Zürich;NA;emission;2015;Schwefeldioxid;NA;relative Emission;5.655318567927664
1997;Kanton Zürich;NA;emission;2015;Schwefeldioxid;NA;relative Emission;4.776924141966683
1998;Kanton Zürich;NA;emission;2015;Schwefeldioxid;NA;relative Emission;4.783513223084068
1999;Kanton Zürich;NA;emission;2015;Schwefeldioxid;NA;relative Emission;3.724335480046349
2000;Kanton Zürich;NA;emission;2015;Schwefeldioxid;NA;relative Emission;3.20212790062375
2001;Kanton Zürich;NA;emission;2015;Schwefeldioxid;NA;relative Emission;3.469758581864232
2002;Kanton Zürich;NA;emission;2015;Schwefeldioxid;NA;relative Emission;3.10747097127416
2003;Kanton Zürich;NA;emission;2015;Schwefeldioxid;NA;relative Emission;2.951609477474333
2004;Kanton Zürich;NA;emission;2015;Schwefeldioxid;NA;relative Emission;2.894759665197732
2005;Kanton Zürich;NA;emission;2015;Schwefeldioxid;NA;relative Emission;2.6396134131188353
2006;Kanton Zürich;NA;emission;2015;Schwefeldioxid;NA;relative Emission;2.411661205408108
2007;Kanton Zürich;NA;emission;2015;Schwefeldioxid;NA;relative Emission;1.9852641692549202
2008;Kanton Zürich;NA;emission;2015;Schwefeldioxid;NA;relative Emission;1.930754423621077
2009;Kanton Zürich;NA;emission;2015;Schwefeldioxid;NA;relative Emission;1.7384851368545666
2010;Kanton Zürich;NA;emission;2015;Schwefeldioxid;NA;relative Emission;1.7115673914199767
2011;Kanton Zürich;NA;emission;2015;Schwefeldioxid;NA;relative Emission;1.3911129471064205
2012;Kanton Zürich;NA;emission;2015;Schwefeldioxid;NA;relative Emission;1.3265213762707257
2013;Kanton Zürich;NA;emission;2015;Schwefeldioxid;NA;relative Emission;1.3090906733289407
2014;Kanton Zürich;NA;emission;2015;Schwefeldioxid;NA;relative Emission;0.9576368084823168
2015;Kanton Zürich;NA;emission;2015;Schwefeldioxid;NA;relative Emission;1
2016;Kanton Zürich;NA;emission;2015;Schwefeldioxid;NA;relative Emission;0.9057840640733663
2017;Kanton Zürich;NA;emission;2015;Schwefeldioxid;NA;relative Emission;0.8134452367147275
2018;Kanton Zürich;NA;emission;2015;Schwefeldioxid;NA;relative Emission;0.7751038255502016
2019;Kanton Zürich;NA;emission;2015;Schwefeldioxid;NA;relative Emission;0.7360113280239776
2020;Kanton Zürich;NA;emission;2015;Schwefeldioxid;NA;relative Emission;0.5314611856721918
2021;Kanton Zürich;NA;emission;2015;Schwefeldioxid;NA;relative Emission;0.48718371050400866
2022;Kanton Zürich;NA;emission;2015;Schwefeldioxid;NA;relative Emission;0.4389805995782758
2023;Kanton Zürich;NA;emission;2015;Schwefeldioxid;NA;relative Emission;0.44052739078576497
2024;Kanton Zürich;NA;emission;2015;Schwefeldioxid;NA;relative Emission;0.4460387144240994
2025;Kanton Zürich;NA;emission;2015;Schwefeldioxid;NA;relative Emission;0.4529591211121853
1990;Kanton Zürich;NA;emission;2020;Russ im Feinstaub;NA;relative Emission;5.751510894651552
1991;Kanton Zürich;NA;emission;2020;Russ im Feinstaub;NA;relative Emission;5.918382847710984
1992;Kanton Zürich;NA;emission;2020;Russ im Feinstaub;NA;relative Emission;5.650259744924031
1993;Kanton Zürich;NA;emission;2020;Russ im Feinstaub;NA;relative Emission;5.473816812095164
1994;Kanton Zürich;NA;emission;2020;Russ im Feinstaub;NA;relative Emission;5.102402025399932
1995;Kanton Zürich;NA;emission;2020;Russ im Feinstaub;NA;relative Emission;5.148817534644565
1996;Kanton Zürich;NA;emission;2020;Russ im Feinstaub;NA;relative Emission;5.1923910776162625
1997;Kanton Zürich;NA;emission;2020;Russ im Feinstaub;NA;relative Emission;4.784726490256459
1998;Kanton Zürich;NA;emission;2020;Russ im Feinstaub;NA;relative Emission;4.663252677314588
1999;Kanton Zürich;NA;emission;2020;Russ im Feinstaub;NA;relative Emission;4.533304108474705
2000;Kanton Zürich;NA;emission;2020;Russ im Feinstaub;NA;relative Emission;4.2727263163780025
2001;Kanton Zürich;NA;emission;2020;Russ im Feinstaub;NA;relative Emission;4.164645280406498
2002;Kanton Zürich;NA;emission;2020;Russ im Feinstaub;NA;relative Emission;3.920871547133838
2003;Kanton Zürich;NA;emission;2020;Russ im Feinstaub;NA;relative Emission;3.935634362379237
2004;Kanton Zürich;NA;emission;2020;Russ im Feinstaub;NA;relative Emission;3.780977221769403
2005;Kanton Zürich;NA;emission;2020;Russ im Feinstaub;NA;relative Emission;3.7505887468427295
2006;Kanton Zürich;NA;emission;2020;Russ im Feinstaub;NA;relative Emission;3.590728847812153
2007;Kanton Zürich;NA;emission;2020;Russ im Feinstaub;NA;relative Emission;3.309224736274749
2008;Kanton Zürich;NA;emission;2020;Russ im Feinstaub;NA;relative Emission;3.1505868958684102
2009;Kanton Zürich;NA;emission;2020;Russ im Feinstaub;NA;relative Emission;2.882974519737719
2010;Kanton Zürich;NA;emission;2020;Russ im Feinstaub;NA;relative Emission;2.6757192175130706
2011;Kanton Zürich;NA;emission;2020;Russ im Feinstaub;NA;relative Emission;2.235160942823388
2012;Kanton Zürich;NA;emission;2020;Russ im Feinstaub;NA;relative Emission;2.075581141065214
2013;Kanton Zürich;NA;emission;2020;Russ im Feinstaub;NA;relative Emission;1.9242568751894062
2014;Kanton Zürich;NA;emission;2020;Russ im Feinstaub;NA;relative Emission;1.611906255718595
2015;Kanton Zürich;NA;emission;2020;Russ im Feinstaub;NA;relative Emission;1.5217326203487116
2016;Kanton Zürich;NA;emission;2020;Russ im Feinstaub;NA;relative Emission;1.4494281439898233
2017;Kanton Zürich;NA;emission;2020;Russ im Feinstaub;NA;relative Emission;1.3088351288857847
2018;Kanton Zürich;NA;emission;2020;Russ im Feinstaub;NA;relative Emission;1.2396412677079396
2019;Kanton Zürich;NA;emission;2020;Russ im Feinstaub;NA;relative Emission;1.156416364947687
2020;Kanton Zürich;NA;emission;2020;Russ im Feinstaub;NA;relative Emission;1
2021;Kanton Zürich;NA;emission;2020;Russ im Feinstaub;NA;relative Emission;1.017449585756322
2022;Kanton Zürich;NA;emission;2020;Russ im Feinstaub;NA;relative Emission;0.8976668997082705
2023;Kanton Zürich;NA;emission;2020;Russ im Feinstaub;NA;relative Emission;0.8445734138172092
2024;Kanton Zürich;NA;emission;2020;Russ im Feinstaub;NA;relative Emission;0.8258821801968513
2025;Kanton Zürich;NA;emission;2020;Russ im Feinstaub;NA;relative Emission;0.7818164263310143
1990;Kanton Zürich;NA;emission;2021;Feinstaub PM2.5;NA;relative Emission;3.8642743059647535
1991;Kanton Zürich;NA;emission;2021;Feinstaub PM2.5;NA;relative Emission;3.8744526223655793
1992;Kanton Zürich;NA;emission;2021;Feinstaub PM2.5;NA;relative Emission;3.6474626817180145
1993;Kanton Zürich;NA;emission;2021;Feinstaub PM2.5;NA;relative Emission;3.4766578700526813
1994;Kanton Zürich;NA;emission;2021;Feinstaub PM2.5;NA;relative Emission;3.1924547890173525
1995;Kanton Zürich;NA;emission;2021;Feinstaub PM2.5;NA;relative Emission;3.2018162377957435
1996;Kanton Zürich;NA;emission;2021;Feinstaub PM2.5;NA;relative Emission;3.2095559671870926
1997;Kanton Zürich;NA;emission;2021;Feinstaub PM2.5;NA;relative Emission;2.9443895364318493
1998;Kanton Zürich;NA;emission;2021;Feinstaub PM2.5;NA;relative Emission;2.8121149025630547
1999;Kanton Zürich;NA;emission;2021;Feinstaub PM2.5;NA;relative Emission;2.6902637607134077
2000;Kanton Zürich;NA;emission;2021;Feinstaub PM2.5;NA;relative Emission;2.4851337438913705
2001;Kanton Zürich;NA;emission;2021;Feinstaub PM2.5;NA;relative Emission;2.4156245255405753
2002;Kanton Zürich;NA;emission;2021;Feinstaub PM2.5;NA;relative Emission;2.2722288268754505
2003;Kanton Zürich;NA;emission;2021;Feinstaub PM2.5;NA;relative Emission;2.2408512987563562
2004;Kanton Zürich;NA;emission;2021;Feinstaub PM2.5;NA;relative Emission;2.0997287043447797
2005;Kanton Zürich;NA;emission;2021;Feinstaub PM2.5;NA;relative Emission;2.0368878686030807
2006;Kanton Zürich;NA;emission;2021;Feinstaub PM2.5;NA;relative Emission;1.9611107126656553
2007;Kanton Zürich;NA;emission;2021;Feinstaub PM2.5;NA;relative Emission;1.8083998524519795
2008;Kanton Zürich;NA;emission;2021;Feinstaub PM2.5;NA;relative Emission;1.7645753530305646
2009;Kanton Zürich;NA;emission;2021;Feinstaub PM2.5;NA;relative Emission;1.674234016270055
2010;Kanton Zürich;NA;emission;2021;Feinstaub PM2.5;NA;relative Emission;1.629104897667964
2011;Kanton Zürich;NA;emission;2021;Feinstaub PM2.5;NA;relative Emission;1.422397286207265
2012;Kanton Zürich;NA;emission;2021;Feinstaub PM2.5;NA;relative Emission;1.387800330991954
2013;Kanton Zürich;NA;emission;2021;Feinstaub PM2.5;NA;relative Emission;1.360641641889676
2014;Kanton Zürich;NA;emission;2021;Feinstaub PM2.5;NA;relative Emission;1.1730376384819086
2015;Kanton Zürich;NA;emission;2021;Feinstaub PM2.5;NA;relative Emission;1.1729898396081
2016;Kanton Zürich;NA;emission;2021;Feinstaub PM2.5;NA;relative Emission;1.1826158894776504
2017;Kanton Zürich;NA;emission;2021;Feinstaub PM2.5;NA;relative Emission;1.1370705115632724
2018;Kanton Zürich;NA;emission;2021;Feinstaub PM2.5;NA;relative Emission;1.0811711635018415
2019;Kanton Zürich;NA;emission;2021;Feinstaub PM2.5;NA;relative Emission;1.0370902648908993
2020;Kanton Zürich;NA;emission;2021;Feinstaub PM2.5;NA;relative Emission;0.9561061713332611
2021;Kanton Zürich;NA;emission;2021;Feinstaub PM2.5;NA;relative Emission;1
2022;Kanton Zürich;NA;emission;2021;Feinstaub PM2.5;NA;relative Emission;0.9598408656504415
2023;Kanton Zürich;NA;emission;2021;Feinstaub PM2.5;NA;relative Emission;0.9152277926677621
2024;Kanton Zürich;NA;emission;2021;Feinstaub PM2.5;NA;relative Emission;0.9062882664349025
2025;Kanton Zürich;NA;emission;2021;Feinstaub PM2.5;NA;relative Emission;0.8931993231596385
