sector;subsector_new;rootcol;order;col;year;pollutant;metric;unit;emission;source
Dienstleistungen;verschiedene;Gold;1;#A67C00;1990;CO;Jahresmenge;t/a;2986.034425073783;Ostluft & BAFU
Haushalte;Feuerungen Holz & Kohle;Green;4;#354F52;1990;CO;Jahresmenge;t/a;9221.55961996177;Ostluft & BAFU
Haushalte;verschiedene;Green;5;#4A6E67;1990;CO;Jahresmenge;t/a;1422.952968868863;Ostluft & BAFU
Industrie;verschiedene;Blue;10;#2B4577;1990;CO;Jahresmenge;t/a;2618.2928228618875;Ostluft & BAFU
Land- und Forstw.;verschiedene;Purple;14;#3C096C;1990;CO;Jahresmenge;t/a;2453.876255582247;Ostluft & BAFU
Verkehr;Strassenverkehr;Gray;18;#1A1A1A;1990;CO;Jahresmenge;t/a;65424.04155279287;Ostluft & BAFU
Verkehr;Zonenverkehr;Gray;19;#4C4C4C;1990;CO;Jahresmenge;t/a;46819.09518766752;Ostluft & BAFU
Verkehr;verschiedene;Gray;20;#7F7F7F;1990;CO;Jahresmenge;t/a;3396.5938810795;Ostluft & BAFU
Dienstleistungen;verschiedene;Gold;1;#A67C00;1990;NH3;Jahresmenge;t/a;4.332252432939591;Ostluft & BAFU
Haushalte;verschiedene;Green;5;#4A6E67;1990;NH3;Jahresmenge;t/a;96.60752631229293;Ostluft & BAFU
Industrie;verschiedene;Blue;10;#2B4577;1990;NH3;Jahresmenge;t/a;100.87057335607187;Ostluft & BAFU
Land- und Forstw.;Hofdüngerausbringung & Weiden;Purple;15;#651EA6;1990;NH3;Jahresmenge;t/a;2184.2804311568943;Ostluft & BAFU
Land- und Forstw.;Stall-Laufhof & Hofdünger-Lager;Purple;16;#9142D3;1990;NH3;Jahresmenge;t/a;1211.364348966514;Ostluft & BAFU
Land- und Forstw.;Landw. Nutzflächen;Purple;17;#C77DFF;1990;NH3;Jahresmenge;t/a;409.9137367447838;Ostluft & BAFU
Land- und Forstw.;verschiedene;Purple;14;#3C096C;1990;NH3;Jahresmenge;t/a;6.081279169469746;Ostluft & BAFU
Verkehr;Strassenverkehr;Gray;18;#1A1A1A;1990;NH3;Jahresmenge;t/a;203.3572697709649;Ostluft & BAFU
Verkehr;verschiedene;Gray;20;#7F7F7F;1990;NH3;Jahresmenge;t/a;0.03556156557851861;Ostluft & BAFU
Dienstleistungen;verschiedene;Gold;1;#A67C00;1990;NMVOC;Jahresmenge;t/a;415.826066604528;Ostluft & BAFU
Haushalte;Lösungsmittel;Green;6;#6B917D;1990;NMVOC;Jahresmenge;t/a;2079.245361411364;Ostluft & BAFU
Haushalte;verschiedene;Green;5;#4A6E67;1990;NMVOC;Jahresmenge;t/a;1049.2663600275953;Ostluft & BAFU
Industrie;Lösungsmittel;Blue;9;#293961;1990;NMVOC;Jahresmenge;t/a;19510.905853751352;Ostluft & BAFU
Industrie;verschiedene;Blue;10;#2B4577;1990;NMVOC;Jahresmenge;t/a;4644.338238459384;Ostluft & BAFU
Industrie;Flächenquellen;Blue;11;#5A709E;1990;NMVOC;Jahresmenge;t/a;3674.714759865015;Ostluft & BAFU
Land- und Forstw.;verschiedene;Purple;14;#3C096C;1990;NMVOC;Jahresmenge;t/a;1098.8667254360103;Ostluft & BAFU
Verkehr;Zonenverkehr;Gray;19;#4C4C4C;1990;NMVOC;Jahresmenge;t/a;14579.10291366189;Ostluft & BAFU
Verkehr;Strassenverkehr;Gray;18;#1A1A1A;1990;NMVOC;Jahresmenge;t/a;8833.935445527286;Ostluft & BAFU
Verkehr;verschiedene;Gray;20;#7F7F7F;1990;NMVOC;Jahresmenge;t/a;647.1071671451815;Ostluft & BAFU
natürl. Emissionen;Wälder;natural;23;#636B2F;1990;NMVOC;Jahresmenge;t/a;4292.791981103365;Ostluft & BAFU
Dienstleistungen;Feuerungen Öl & Gas;Gold;2;#FFBF00;1990;NOx;Jahresmenge;t/a;1031.2154706325668;Ostluft & BAFU
Dienstleistungen;verschiedene;Gold;1;#A67C00;1990;NOx;Jahresmenge;t/a;65.25336431376314;Ostluft & BAFU
Haushalte;Feuerungen Öl & Gas;Green;7;#95B39A;1990;NOx;Jahresmenge;t/a;1246.6351435593783;Ostluft & BAFU
Haushalte;verschiedene;Green;5;#4A6E67;1990;NOx;Jahresmenge;t/a;181.61330627860397;Ostluft & BAFU
Industrie;verschiedene;Blue;10;#2B4577;1990;NOx;Jahresmenge;t/a;2484.003437915922;Ostluft & BAFU
Land- und Forstw.;verschiedene;Purple;14;#3C096C;1990;NOx;Jahresmenge;t/a;659.5356959141487;Ostluft & BAFU
Verkehr;Strassenverkehr;Gray;18;#1A1A1A;1990;NOx;Jahresmenge;t/a;11960.328926795653;Ostluft & BAFU
Verkehr;Flugverkehr;Gray;21;#B2B2B2;1990;NOx;Jahresmenge;t/a;821.3451662443482;Ostluft & BAFU
Verkehr;verschiedene;Gray;20;#7F7F7F;1990;NOx;Jahresmenge;t/a;537.5699881414718;Ostluft & BAFU
Dienstleistungen;Feuerungen Holz & Kohle;Gold;3;#FFD447;1990;PM10;Jahresmenge;t/a;308.3164419467468;Ostluft & BAFU
Dienstleistungen;verschiedene;Gold;1;#A67C00;1990;PM10;Jahresmenge;t/a;7.191035368911795;Ostluft & BAFU
Haushalte;Feuerungen Holz & Kohle;Green;4;#354F52;1990;PM10;Jahresmenge;t/a;1295.3901812158297;Ostluft & BAFU
Haushalte;verschiedene;Green;5;#4A6E67;1990;PM10;Jahresmenge;t/a;174.36979582043898;Ostluft & BAFU
Industrie;Flächenquellen;Blue;11;#5A709E;1990;PM10;Jahresmenge;t/a;373.37207058014565;Ostluft & BAFU
Industrie;Baumaschinen;Blue;12;#9EAACC;1990;PM10;Jahresmenge;t/a;240.33935721486344;Ostluft & BAFU
Industrie;verschiedene;Blue;10;#2B4577;1990;PM10;Jahresmenge;t/a;202.53233065053288;Ostluft & BAFU
Land- und Forstw.;verschiedene;Purple;14;#3C096C;1990;PM10;Jahresmenge;t/a;258.31513004736087;Ostluft & BAFU
Verkehr;Strassenverkehr;Gray;18;#1A1A1A;1990;PM10;Jahresmenge;t/a;737.9408593709019;Ostluft & BAFU
Verkehr;verschiedene;Gray;20;#7F7F7F;1990;PM10;Jahresmenge;t/a;111.09581902490986;Ostluft & BAFU
Verkehr;Schienenverkehr;Gray;22;#E5E5E5;1990;PM10;Jahresmenge;t/a;93.86348455399273;Ostluft & BAFU
Dienstleistungen;Feuerungen Holz & Kohle;Gold;3;#FFD447;1990;PM2.5;Jahresmenge;t/a;292.1316150550849;Ostluft & BAFU
Dienstleistungen;verschiedene;Gold;1;#A67C00;1990;PM2.5;Jahresmenge;t/a;7.191035368911795;Ostluft & BAFU
Haushalte;Feuerungen Holz & Kohle;Green;4;#354F52;1990;PM2.5;Jahresmenge;t/a;1227.4688066766253;Ostluft & BAFU
Haushalte;Private etc;Green;8;#CAD2C5;1990;PM2.5;Jahresmenge;t/a;112.1015223815019;Ostluft & BAFU
Haushalte;verschiedene;Green;5;#4A6E67;1990;PM2.5;Jahresmenge;t/a;17.905593804346037;Ostluft & BAFU
Industrie;Flächenquellen;Blue;11;#5A709E;1990;PM2.5;Jahresmenge;t/a;228.86599954916886;Ostluft & BAFU
Industrie;verschiedene;Blue;10;#2B4577;1990;PM2.5;Jahresmenge;t/a;218.47368635952736;Ostluft & BAFU
Land- und Forstw.;verschiedene;Purple;14;#3C096C;1990;PM2.5;Jahresmenge;t/a;134.3735192856225;Ostluft & BAFU
Verkehr;Strassenverkehr;Gray;18;#1A1A1A;1990;PM2.5;Jahresmenge;t/a;519.0509856156118;Ostluft & BAFU
Verkehr;verschiedene;Gray;20;#7F7F7F;1990;PM2.5;Jahresmenge;t/a;126.81817676522826;Ostluft & BAFU
Dienstleistungen;Feuerungen Öl & Gas;Gold;2;#FFBF00;1990;SO2;Jahresmenge;t/a;849.9877801304542;Ostluft & BAFU
Dienstleistungen;verschiedene;Gold;1;#A67C00;1990;SO2;Jahresmenge;t/a;6.130286465862473;Ostluft & BAFU
Haushalte;Feuerungen Öl & Gas;Green;7;#95B39A;1990;SO2;Jahresmenge;t/a;1263.5241583330678;Ostluft & BAFU
Haushalte;verschiedene;Green;5;#4A6E67;1990;SO2;Jahresmenge;t/a;41.373812428623175;Ostluft & BAFU
Industrie;Flächenquellen;Blue;11;#5A709E;1990;SO2;Jahresmenge;t/a;1234.770487296511;Ostluft & BAFU
Industrie;Kehrichtverbrennungsanlagen;Blue;13;#E3E4FA;1990;SO2;Jahresmenge;t/a;380.1341414032702;Ostluft & BAFU
Industrie;verschiedene;Blue;10;#2B4577;1990;SO2;Jahresmenge;t/a;64.23085589246766;Ostluft & BAFU
Land- und Forstw.;verschiedene;Purple;14;#3C096C;1990;SO2;Jahresmenge;t/a;46.44388193609814;Ostluft & BAFU
Verkehr;Strassenverkehr;Gray;18;#1A1A1A;1990;SO2;Jahresmenge;t/a;575.0746927736094;Ostluft & BAFU
Verkehr;Flugverkehr;Gray;21;#B2B2B2;1990;SO2;Jahresmenge;t/a;74.39385500000002;Ostluft & BAFU
Verkehr;verschiedene;Gray;20;#7F7F7F;1990;SO2;Jahresmenge;t/a;26.342960682143605;Ostluft & BAFU
Dienstleistungen;Feuerungen Holz & Kohle;Gold;3;#FFD447;1990;eBC;Jahresmenge;t/a;66.12536174555844;Ostluft & BAFU
Dienstleistungen;verschiedene;Gold;1;#A67C00;1990;eBC;Jahresmenge;t/a;0.3958908718693762;Ostluft & BAFU
Haushalte;Feuerungen Holz & Kohle;Green;4;#354F52;1990;eBC;Jahresmenge;t/a;277.76159398953314;Ostluft & BAFU
Haushalte;verschiedene;Green;5;#4A6E67;1990;eBC;Jahresmenge;t/a;5.6721708780952;Ostluft & BAFU
Industrie;verschiedene;Blue;10;#2B4577;1990;eBC;Jahresmenge;t/a;49.19453492313374;Ostluft & BAFU
Land- und Forstw.;verschiedene;Purple;14;#3C096C;1990;eBC;Jahresmenge;t/a;27.15094458413601;Ostluft & BAFU
Verkehr;Strassenverkehr;Gray;18;#1A1A1A;1990;eBC;Jahresmenge;t/a;197.76848622488242;Ostluft & BAFU
Verkehr;verschiedene;Gray;20;#7F7F7F;1990;eBC;Jahresmenge;t/a;49.819009735282215;Ostluft & BAFU
Dienstleistungen;verschiedene;Gold;1;#A67C00;1991;CO;Jahresmenge;t/a;3259.52291935782;Ostluft & BAFU
Haushalte;Feuerungen Holz & Kohle;Green;4;#354F52;1991;CO;Jahresmenge;t/a;9896.796797208022;Ostluft & BAFU
Haushalte;verschiedene;Green;5;#4A6E67;1991;CO;Jahresmenge;t/a;1457.8593647571593;Ostluft & BAFU
Industrie;verschiedene;Blue;10;#2B4577;1991;CO;Jahresmenge;t/a;2651.152603223312;Ostluft & BAFU
Land- und Forstw.;verschiedene;Purple;14;#3C096C;1991;CO;Jahresmenge;t/a;2294.67462697631;Ostluft & BAFU
Verkehr;Strassenverkehr;Gray;18;#1A1A1A;1991;CO;Jahresmenge;t/a;59565.26433649649;Ostluft & BAFU
Verkehr;Zonenverkehr;Gray;19;#4C4C4C;1991;CO;Jahresmenge;t/a;42626.40635856524;Ostluft & BAFU
Verkehr;verschiedene;Gray;20;#7F7F7F;1991;CO;Jahresmenge;t/a;3266.846907474621;Ostluft & BAFU
Dienstleistungen;verschiedene;Gold;1;#A67C00;1991;NH3;Jahresmenge;t/a;4.9176139997237405;Ostluft & BAFU
Haushalte;verschiedene;Green;5;#4A6E67;1991;NH3;Jahresmenge;t/a;95.27933210319952;Ostluft & BAFU
Industrie;verschiedene;Blue;10;#2B4577;1991;NH3;Jahresmenge;t/a;94.11322836277375;Ostluft & BAFU
Land- und Forstw.;Hofdüngerausbringung & Weiden;Purple;15;#651EA6;1991;NH3;Jahresmenge;t/a;2150.1273772806126;Ostluft & BAFU
Land- und Forstw.;Stall-Laufhof & Hofdünger-Lager;Purple;16;#9142D3;1991;NH3;Jahresmenge;t/a;1199.7205863879883;Ostluft & BAFU
Land- und Forstw.;Landw. Nutzflächen;Purple;17;#C77DFF;1991;NH3;Jahresmenge;t/a;373.7931167706847;Ostluft & BAFU
Land- und Forstw.;verschiedene;Purple;14;#3C096C;1991;NH3;Jahresmenge;t/a;3.487535265939401;Ostluft & BAFU
Verkehr;Strassenverkehr;Gray;18;#1A1A1A;1991;NH3;Jahresmenge;t/a;259.04445662315317;Ostluft & BAFU
Verkehr;verschiedene;Gray;20;#7F7F7F;1991;NH3;Jahresmenge;t/a;0.03583849909591662;Ostluft & BAFU
Dienstleistungen;verschiedene;Gold;1;#A67C00;1991;NMVOC;Jahresmenge;t/a;453.34396361614586;Ostluft & BAFU
Haushalte;Lösungsmittel;Green;6;#6B917D;1991;NMVOC;Jahresmenge;t/a;2157.1685587307425;Ostluft & BAFU
Haushalte;verschiedene;Green;5;#4A6E67;1991;NMVOC;Jahresmenge;t/a;1101.8028622585036;Ostluft & BAFU
Industrie;Lösungsmittel;Blue;9;#293961;1991;NMVOC;Jahresmenge;t/a;17740.657521079745;Ostluft & BAFU
Industrie;verschiedene;Blue;10;#2B4577;1991;NMVOC;Jahresmenge;t/a;4965.152655356748;Ostluft & BAFU
Industrie;Flächenquellen;Blue;11;#5A709E;1991;NMVOC;Jahresmenge;t/a;3501.0535187694168;Ostluft & BAFU
Land- und Forstw.;verschiedene;Purple;14;#3C096C;1991;NMVOC;Jahresmenge;t/a;1060.8533410397333;Ostluft & BAFU
Verkehr;Zonenverkehr;Gray;19;#4C4C4C;1991;NMVOC;Jahresmenge;t/a;13386.01735497578;Ostluft & BAFU
Verkehr;Strassenverkehr;Gray;18;#1A1A1A;1991;NMVOC;Jahresmenge;t/a;8111.007507584863;Ostluft & BAFU
Verkehr;verschiedene;Gray;20;#7F7F7F;1991;NMVOC;Jahresmenge;t/a;605.0284251985486;Ostluft & BAFU
natürl. Emissionen;Wälder;natural;23;#636B2F;1991;NMVOC;Jahresmenge;t/a;4292.791981103365;Ostluft & BAFU
Dienstleistungen;Feuerungen Öl & Gas;Gold;2;#FFBF00;1991;NOx;Jahresmenge;t/a;1130.1771311226198;Ostluft & BAFU
Dienstleistungen;verschiedene;Gold;1;#A67C00;1991;NOx;Jahresmenge;t/a;75.54062456548117;Ostluft & BAFU
Haushalte;Feuerungen Öl & Gas;Green;7;#95B39A;1991;NOx;Jahresmenge;t/a;1280.5019585732744;Ostluft & BAFU
Haushalte;verschiedene;Green;5;#4A6E67;1991;NOx;Jahresmenge;t/a;197.95541948528708;Ostluft & BAFU
Industrie;verschiedene;Blue;10;#2B4577;1991;NOx;Jahresmenge;t/a;2424.9053527373894;Ostluft & BAFU
Land- und Forstw.;verschiedene;Purple;14;#3C096C;1991;NOx;Jahresmenge;t/a;657.4450449560902;Ostluft & BAFU
Verkehr;Strassenverkehr;Gray;18;#1A1A1A;1991;NOx;Jahresmenge;t/a;11576.784583192399;Ostluft & BAFU
Verkehr;Flugverkehr;Gray;21;#B2B2B2;1991;NOx;Jahresmenge;t/a;792.2832502833519;Ostluft & BAFU
Verkehr;verschiedene;Gray;20;#7F7F7F;1991;NOx;Jahresmenge;t/a;529.8358516663899;Ostluft & BAFU
Dienstleistungen;Feuerungen Holz & Kohle;Gold;3;#FFD447;1991;PM10;Jahresmenge;t/a;335.0647597651769;Ostluft & BAFU
Dienstleistungen;verschiedene;Gold;1;#A67C00;1991;PM10;Jahresmenge;t/a;7.778567427529655;Ostluft & BAFU
Haushalte;Feuerungen Holz & Kohle;Green;4;#354F52;1991;PM10;Jahresmenge;t/a;1360.248499363574;Ostluft & BAFU
Haushalte;verschiedene;Green;5;#4A6E67;1991;PM10;Jahresmenge;t/a;175.0960053877043;Ostluft & BAFU
Industrie;Flächenquellen;Blue;11;#5A709E;1991;PM10;Jahresmenge;t/a;342.9554618321525;Ostluft & BAFU
Industrie;Baumaschinen;Blue;12;#9EAACC;1991;PM10;Jahresmenge;t/a;245.10892994888124;Ostluft & BAFU
Industrie;verschiedene;Blue;10;#2B4577;1991;PM10;Jahresmenge;t/a;180.04153520710773;Ostluft & BAFU
Land- und Forstw.;verschiedene;Purple;14;#3C096C;1991;PM10;Jahresmenge;t/a;185.73348432610348;Ostluft & BAFU
Verkehr;Strassenverkehr;Gray;18;#1A1A1A;1991;PM10;Jahresmenge;t/a;749.3934752291718;Ostluft & BAFU
Verkehr;verschiedene;Gray;20;#7F7F7F;1991;PM10;Jahresmenge;t/a;99.57194173469163;Ostluft & BAFU
Verkehr;Schienenverkehr;Gray;22;#E5E5E5;1991;PM10;Jahresmenge;t/a;99.38893701136112;Ostluft & BAFU
Dienstleistungen;Feuerungen Holz & Kohle;Gold;3;#FFD447;1991;PM2.5;Jahresmenge;t/a;317.4550521315033;Ostluft & BAFU
Dienstleistungen;verschiedene;Gold;1;#A67C00;1991;PM2.5;Jahresmenge;t/a;7.778567427529655;Ostluft & BAFU
Haushalte;Feuerungen Holz & Kohle;Green;4;#354F52;1991;PM2.5;Jahresmenge;t/a;1288.8889062051894;Ostluft & BAFU
Haushalte;Private etc;Green;8;#CAD2C5;1991;PM2.5;Jahresmenge;t/a;111.66917893356116;Ostluft & BAFU
Haushalte;verschiedene;Green;5;#4A6E67;1991;PM2.5;Jahresmenge;t/a;17.214364744785623;Ostluft & BAFU
Industrie;Flächenquellen;Blue;11;#5A709E;1991;PM2.5;Jahresmenge;t/a;227.0667150541447;Ostluft & BAFU
Industrie;verschiedene;Blue;10;#2B4577;1991;PM2.5;Jahresmenge;t/a;204.19496777104527;Ostluft & BAFU
Land- und Forstw.;verschiedene;Purple;14;#3C096C;1991;PM2.5;Jahresmenge;t/a;75.16511751659625;Ostluft & BAFU
Verkehr;Strassenverkehr;Gray;18;#1A1A1A;1991;PM2.5;Jahresmenge;t/a;525.7495054853789;Ostluft & BAFU
Verkehr;verschiedene;Gray;20;#7F7F7F;1991;PM2.5;Jahresmenge;t/a;116.79588905086476;Ostluft & BAFU
Dienstleistungen;Feuerungen Öl & Gas;Gold;2;#FFBF00;1991;SO2;Jahresmenge;t/a;866.6456039239123;Ostluft & BAFU
Dienstleistungen;verschiedene;Gold;1;#A67C00;1991;SO2;Jahresmenge;t/a;6.765064551592794;Ostluft & BAFU
Haushalte;Feuerungen Öl & Gas;Green;7;#95B39A;1991;SO2;Jahresmenge;t/a;1169.0234770174889;Ostluft & BAFU
Haushalte;verschiedene;Green;5;#4A6E67;1991;SO2;Jahresmenge;t/a;46.656113185218196;Ostluft & BAFU
Industrie;Flächenquellen;Blue;11;#5A709E;1991;SO2;Jahresmenge;t/a;1160.9883703322848;Ostluft & BAFU
Industrie;Kehrichtverbrennungsanlagen;Blue;13;#E3E4FA;1991;SO2;Jahresmenge;t/a;334.878611231813;Ostluft & BAFU
Industrie;verschiedene;Blue;10;#2B4577;1991;SO2;Jahresmenge;t/a;58.334975404706405;Ostluft & BAFU
Land- und Forstw.;verschiedene;Purple;14;#3C096C;1991;SO2;Jahresmenge;t/a;39.1953333846294;Ostluft & BAFU
Verkehr;Strassenverkehr;Gray;18;#1A1A1A;1991;SO2;Jahresmenge;t/a;540.8617203401453;Ostluft & BAFU
Verkehr;Flugverkehr;Gray;21;#B2B2B2;1991;SO2;Jahresmenge;t/a;72.24383200000001;Ostluft & BAFU
Verkehr;verschiedene;Gray;20;#7F7F7F;1991;SO2;Jahresmenge;t/a;24.282702700148494;Ostluft & BAFU
Dienstleistungen;Feuerungen Holz & Kohle;Gold;3;#FFD447;1991;eBC;Jahresmenge;t/a;71.74394954700631;Ostluft & BAFU
Dienstleistungen;verschiedene;Gold;1;#A67C00;1991;eBC;Jahresmenge;t/a;0.4246387261222252;Ostluft & BAFU
Haushalte;Feuerungen Holz & Kohle;Green;4;#354F52;1991;eBC;Jahresmenge;t/a;294.0485922271182;Ostluft & BAFU
Haushalte;verschiedene;Green;5;#4A6E67;1991;eBC;Jahresmenge;t/a;5.62281663713048;Ostluft & BAFU
Industrie;verschiedene;Blue;10;#2B4577;1991;eBC;Jahresmenge;t/a;50.67914230509344;Ostluft & BAFU
Land- und Forstw.;verschiedene;Purple;14;#3C096C;1991;eBC;Jahresmenge;t/a;22.102532386636067;Ostluft & BAFU
Verkehr;Strassenverkehr;Gray;18;#1A1A1A;1991;eBC;Jahresmenge;t/a;202.66799298169795;Ostluft & BAFU
Verkehr;verschiedene;Gray;20;#7F7F7F;1991;eBC;Jahresmenge;t/a;46.15023503833377;Ostluft & BAFU
Dienstleistungen;verschiedene;Gold;1;#A67C00;1992;CO;Jahresmenge;t/a;3173.9445067499946;Ostluft & BAFU
Haushalte;Feuerungen Holz & Kohle;Green;4;#354F52;1992;CO;Jahresmenge;t/a;9139.857881392352;Ostluft & BAFU
Haushalte;verschiedene;Green;5;#4A6E67;1992;CO;Jahresmenge;t/a;1456.8235090340277;Ostluft & BAFU
Industrie;verschiedene;Blue;10;#2B4577;1992;CO;Jahresmenge;t/a;2597.5304067223296;Ostluft & BAFU
Land- und Forstw.;verschiedene;Purple;14;#3C096C;1992;CO;Jahresmenge;t/a;2250.2667942006888;Ostluft & BAFU
Verkehr;Strassenverkehr;Gray;18;#1A1A1A;1992;CO;Jahresmenge;t/a;51848.319095853294;Ostluft & BAFU
Verkehr;Zonenverkehr;Gray;19;#4C4C4C;1992;CO;Jahresmenge;t/a;37103.96559818901;Ostluft & BAFU
Verkehr;verschiedene;Gray;20;#7F7F7F;1992;CO;Jahresmenge;t/a;3260.0831143675837;Ostluft & BAFU
Dienstleistungen;verschiedene;Gold;1;#A67C00;1992;NH3;Jahresmenge;t/a;4.822200189126115;Ostluft & BAFU
Haushalte;verschiedene;Green;5;#4A6E67;1992;NH3;Jahresmenge;t/a;94.20108443752711;Ostluft & BAFU
Industrie;verschiedene;Blue;10;#2B4577;1992;NH3;Jahresmenge;t/a;95.84537904860788;Ostluft & BAFU
Land- und Forstw.;Hofdüngerausbringung & Weiden;Purple;15;#651EA6;1992;NH3;Jahresmenge;t/a;2102.452694292879;Ostluft & BAFU
Land- und Forstw.;Stall-Laufhof & Hofdünger-Lager;Purple;16;#9142D3;1992;NH3;Jahresmenge;t/a;1191.8746218964545;Ostluft & BAFU
Land- und Forstw.;Landw. Nutzflächen;Purple;17;#C77DFF;1992;NH3;Jahresmenge;t/a;375.15695148613304;Ostluft & BAFU
Land- und Forstw.;verschiedene;Purple;14;#3C096C;1992;NH3;Jahresmenge;t/a;3.309978239352073;Ostluft & BAFU
Verkehr;Strassenverkehr;Gray;18;#1A1A1A;1992;NH3;Jahresmenge;t/a;305.74324999404337;Ostluft & BAFU
Verkehr;verschiedene;Gray;20;#7F7F7F;1992;NH3;Jahresmenge;t/a;0.036117554826887506;Ostluft & BAFU
Dienstleistungen;verschiedene;Gold;1;#A67C00;1992;NMVOC;Jahresmenge;t/a;450.11372261078236;Ostluft & BAFU
Haushalte;Lösungsmittel;Green;6;#6B917D;1992;NMVOC;Jahresmenge;t/a;2233.2392666835776;Ostluft & BAFU
Haushalte;verschiedene;Green;5;#4A6E67;1992;NMVOC;Jahresmenge;t/a;1033.0813663591623;Ostluft & BAFU
Industrie;Lösungsmittel;Blue;9;#293961;1992;NMVOC;Jahresmenge;t/a;16059.05170865241;Ostluft & BAFU
Industrie;verschiedene;Blue;10;#2B4577;1992;NMVOC;Jahresmenge;t/a;4456.450781279006;Ostluft & BAFU
Industrie;Flächenquellen;Blue;11;#5A709E;1992;NMVOC;Jahresmenge;t/a;3280.804914214852;Ostluft & BAFU
Land- und Forstw.;verschiedene;Purple;14;#3C096C;1992;NMVOC;Jahresmenge;t/a;1051.9271537996462;Ostluft & BAFU
Verkehr;Zonenverkehr;Gray;19;#4C4C4C;1992;NMVOC;Jahresmenge;t/a;11739.163640439847;Ostluft & BAFU
Verkehr;Strassenverkehr;Gray;18;#1A1A1A;1992;NMVOC;Jahresmenge;t/a;7113.127220396252;Ostluft & BAFU
Verkehr;verschiedene;Gray;20;#7F7F7F;1992;NMVOC;Jahresmenge;t/a;595.2658968382923;Ostluft & BAFU
natürl. Emissionen;Wälder;natural;23;#636B2F;1992;NMVOC;Jahresmenge;t/a;4292.791981103365;Ostluft & BAFU
Dienstleistungen;Feuerungen Öl & Gas;Gold;2;#FFBF00;1992;NOx;Jahresmenge;t/a;1109.55980363206;Ostluft & BAFU
Dienstleistungen;verschiedene;Gold;1;#A67C00;1992;NOx;Jahresmenge;t/a;76.59449253984548;Ostluft & BAFU
Haushalte;Feuerungen Öl & Gas;Green;7;#95B39A;1992;NOx;Jahresmenge;t/a;1243.7104438550398;Ostluft & BAFU
Haushalte;verschiedene;Green;5;#4A6E67;1992;NOx;Jahresmenge;t/a;189.00592844867936;Ostluft & BAFU
Industrie;verschiedene;Blue;10;#2B4577;1992;NOx;Jahresmenge;t/a;2313.773451085352;Ostluft & BAFU
Land- und Forstw.;verschiedene;Purple;14;#3C096C;1992;NOx;Jahresmenge;t/a;658.0741300037328;Ostluft & BAFU
Verkehr;Strassenverkehr;Gray;18;#1A1A1A;1992;NOx;Jahresmenge;t/a;10915.828388578564;Ostluft & BAFU
Verkehr;Flugverkehr;Gray;21;#B2B2B2;1992;NOx;Jahresmenge;t/a;833.5312950338421;Ostluft & BAFU
Verkehr;verschiedene;Gray;20;#7F7F7F;1992;NOx;Jahresmenge;t/a;514.4829295811504;Ostluft & BAFU
Dienstleistungen;Feuerungen Holz & Kohle;Gold;3;#FFD447;1992;PM10;Jahresmenge;t/a;315.7715505614796;Ostluft & BAFU
Dienstleistungen;verschiedene;Gold;1;#A67C00;1992;PM10;Jahresmenge;t/a;7.609356530963187;Ostluft & BAFU
Haushalte;Feuerungen Holz & Kohle;Green;4;#354F52;1992;PM10;Jahresmenge;t/a;1233.1294694530375;Ostluft & BAFU
Haushalte;verschiedene;Green;5;#4A6E67;1992;PM10;Jahresmenge;t/a;177.4106728924556;Ostluft & BAFU
Industrie;Flächenquellen;Blue;11;#5A709E;1992;PM10;Jahresmenge;t/a;332.5537430358419;Ostluft & BAFU
Industrie;Baumaschinen;Blue;12;#9EAACC;1992;PM10;Jahresmenge;t/a;249.90873990929697;Ostluft & BAFU
Industrie;verschiedene;Blue;10;#2B4577;1992;PM10;Jahresmenge;t/a;165.362699728485;Ostluft & BAFU
Land- und Forstw.;verschiedene;Purple;14;#3C096C;1992;PM10;Jahresmenge;t/a;181.47191468679836;Ostluft & BAFU
Verkehr;Strassenverkehr;Gray;18;#1A1A1A;1992;PM10;Jahresmenge;t/a;740.1495481428;Ostluft & BAFU
Verkehr;Schienenverkehr;Gray;22;#E5E5E5;1992;PM10;Jahresmenge;t/a;94.88021908397788;Ostluft & BAFU
Verkehr;verschiedene;Gray;20;#7F7F7F;1992;PM10;Jahresmenge;t/a;94.80018016567547;Ostluft & BAFU
Dienstleistungen;Feuerungen Holz & Kohle;Gold;3;#FFD447;1992;PM2.5;Jahresmenge;t/a;299.1472644313251;Ostluft & BAFU
Dienstleistungen;verschiedene;Gold;1;#A67C00;1992;PM2.5;Jahresmenge;t/a;7.609356530963187;Ostluft & BAFU
Haushalte;Feuerungen Holz & Kohle;Green;4;#354F52;1992;PM2.5;Jahresmenge;t/a;1168.3493864139014;Ostluft & BAFU
Haushalte;Private etc;Green;8;#CAD2C5;1992;PM2.5;Jahresmenge;t/a;113.43309240516685;Ostluft & BAFU
Haushalte;verschiedene;Green;5;#4A6E67;1992;PM2.5;Jahresmenge;t/a;17.147692704301054;Ostluft & BAFU
Industrie;Flächenquellen;Blue;11;#5A709E;1992;PM2.5;Jahresmenge;t/a;220.70421287271517;Ostluft & BAFU
Industrie;verschiedene;Blue;10;#2B4577;1992;PM2.5;Jahresmenge;t/a;195.44637124264773;Ostluft & BAFU
Land- und Forstw.;verschiedene;Purple;14;#3C096C;1992;PM2.5;Jahresmenge;t/a;71.39658969337387;Ostluft & BAFU
Verkehr;Strassenverkehr;Gray;18;#1A1A1A;1992;PM2.5;Jahresmenge;t/a;517.7978351084889;Ostluft & BAFU
Verkehr;verschiedene;Gray;20;#7F7F7F;1992;PM2.5;Jahresmenge;t/a;111.5160843442955;Ostluft & BAFU
Dienstleistungen;Feuerungen Öl & Gas;Gold;2;#FFBF00;1992;SO2;Jahresmenge;t/a;737.9771371246482;Ostluft & BAFU
Dienstleistungen;verschiedene;Gold;1;#A67C00;1992;SO2;Jahresmenge;t/a;6.722060282703983;Ostluft & BAFU
Haushalte;Feuerungen Öl & Gas;Green;7;#95B39A;1992;SO2;Jahresmenge;t/a;993.0025703340347;Ostluft & BAFU
Haushalte;verschiedene;Green;5;#4A6E67;1992;SO2;Jahresmenge;t/a;41.5400353887922;Ostluft & BAFU
Industrie;Flächenquellen;Blue;11;#5A709E;1992;SO2;Jahresmenge;t/a;1030.5498751201678;Ostluft & BAFU
Industrie;Kehrichtverbrennungsanlagen;Blue;13;#E3E4FA;1992;SO2;Jahresmenge;t/a;305.660523940185;Ostluft & BAFU
Industrie;verschiedene;Blue;10;#2B4577;1992;SO2;Jahresmenge;t/a;53.601588940036635;Ostluft & BAFU
Land- und Forstw.;verschiedene;Purple;14;#3C096C;1992;SO2;Jahresmenge;t/a;34.63729494893272;Ostluft & BAFU
Verkehr;Strassenverkehr;Gray;18;#1A1A1A;1992;SO2;Jahresmenge;t/a;506.6502461948557;Ostluft & BAFU
Verkehr;Flugverkehr;Gray;21;#B2B2B2;1992;SO2;Jahresmenge;t/a;76.51169400000002;Ostluft & BAFU
Verkehr;verschiedene;Gray;20;#7F7F7F;1992;SO2;Jahresmenge;t/a;22.46634773505092;Ostluft & BAFU
Dienstleistungen;Feuerungen Holz & Kohle;Gold;3;#FFD447;1992;eBC;Jahresmenge;t/a;67.43141602999646;Ostluft & BAFU
Dienstleistungen;verschiedene;Gold;1;#A67C00;1992;eBC;Jahresmenge;t/a;0.41608597453176155;Ostluft & BAFU
Haushalte;Feuerungen Holz & Kohle;Green;4;#354F52;1992;eBC;Jahresmenge;t/a;269.1592979412962;Ostluft & BAFU
Haushalte;verschiedene;Green;5;#4A6E67;1992;eBC;Jahresmenge;t/a;5.6022353390704795;Ostluft & BAFU
Industrie;verschiedene;Blue;10;#2B4577;1992;eBC;Jahresmenge;t/a;50.64265994384069;Ostluft & BAFU
Land- und Forstw.;verschiedene;Purple;14;#3C096C;1992;eBC;Jahresmenge;t/a;21.798738108892522;Ostluft & BAFU
Verkehr;Strassenverkehr;Gray;18;#1A1A1A;1992;eBC;Jahresmenge;t/a;202.41857183358155;Ostluft & BAFU
Verkehr;verschiedene;Gray;20;#7F7F7F;1992;eBC;Jahresmenge;t/a;44.5556817172236;Ostluft & BAFU
Dienstleistungen;verschiedene;Gold;1;#A67C00;1993;CO;Jahresmenge;t/a;3175.1385438028456;Ostluft & BAFU
Haushalte;Feuerungen Holz & Kohle;Green;4;#354F52;1993;CO;Jahresmenge;t/a;8794.084403309505;Ostluft & BAFU
Haushalte;verschiedene;Green;5;#4A6E67;1993;CO;Jahresmenge;t/a;1405.6377061026863;Ostluft & BAFU
Industrie;verschiedene;Blue;10;#2B4577;1993;CO;Jahresmenge;t/a;2360.6426520767222;Ostluft & BAFU
Land- und Forstw.;verschiedene;Purple;14;#3C096C;1993;CO;Jahresmenge;t/a;2215.8014585508286;Ostluft & BAFU
Verkehr;Strassenverkehr;Gray;18;#1A1A1A;1993;CO;Jahresmenge;t/a;45547.87763644482;Ostluft & BAFU
Verkehr;Zonenverkehr;Gray;19;#4C4C4C;1993;CO;Jahresmenge;t/a;32595.210690800075;Ostluft & BAFU
Verkehr;verschiedene;Gray;20;#7F7F7F;1993;CO;Jahresmenge;t/a;3221.784444563067;Ostluft & BAFU
Dienstleistungen;verschiedene;Gold;1;#A67C00;1993;NH3;Jahresmenge;t/a;4.8796198539026125;Ostluft & BAFU
Haushalte;verschiedene;Green;5;#4A6E67;1993;NH3;Jahresmenge;t/a;91.7938856559952;Ostluft & BAFU
Industrie;verschiedene;Blue;10;#2B4577;1993;NH3;Jahresmenge;t/a;92.86462561303779;Ostluft & BAFU
Land- und Forstw.;Hofdüngerausbringung & Weiden;Purple;15;#651EA6;1993;NH3;Jahresmenge;t/a;2054.9738865413597;Ostluft & BAFU
Land- und Forstw.;Stall-Laufhof & Hofdünger-Lager;Purple;16;#9142D3;1993;NH3;Jahresmenge;t/a;1187.7151378020826;Ostluft & BAFU
Land- und Forstw.;Landw. Nutzflächen;Purple;17;#C77DFF;1993;NH3;Jahresmenge;t/a;364.63440174702566;Ostluft & BAFU
Land- und Forstw.;verschiedene;Purple;14;#3C096C;1993;NH3;Jahresmenge;t/a;3.167886881816701;Ostluft & BAFU
Verkehr;Strassenverkehr;Gray;18;#1A1A1A;1993;NH3;Jahresmenge;t/a;337.11940569760077;Ostluft & BAFU
Verkehr;verschiedene;Gray;20;#7F7F7F;1993;NH3;Jahresmenge;t/a;0.03639873166275715;Ostluft & BAFU
Dienstleistungen;verschiedene;Gold;1;#A67C00;1993;NMVOC;Jahresmenge;t/a;454.03024611091627;Ostluft & BAFU
Haushalte;Lösungsmittel;Green;6;#6B917D;1993;NMVOC;Jahresmenge;t/a;2307.384810451418;Ostluft & BAFU
Haushalte;verschiedene;Green;5;#4A6E67;1993;NMVOC;Jahresmenge;t/a;986.3128645408641;Ostluft & BAFU
Industrie;Lösungsmittel;Blue;9;#293961;1993;NMVOC;Jahresmenge;t/a;14339.016102726815;Ostluft & BAFU
Industrie;verschiedene;Blue;10;#2B4577;1993;NMVOC;Jahresmenge;t/a;4038.2012063036786;Ostluft & BAFU
Industrie;Flächenquellen;Blue;11;#5A709E;1993;NMVOC;Jahresmenge;t/a;3085.2129589219094;Ostluft & BAFU
Land- und Forstw.;verschiedene;Purple;14;#3C096C;1993;NMVOC;Jahresmenge;t/a;1045.0527529951992;Ostluft & BAFU
Verkehr;Zonenverkehr;Gray;19;#4C4C4C;1993;NMVOC;Jahresmenge;t/a;10379.278994474944;Ostluft & BAFU
Verkehr;Strassenverkehr;Gray;18;#1A1A1A;1993;NMVOC;Jahresmenge;t/a;6289.130487060874;Ostluft & BAFU
Verkehr;verschiedene;Gray;20;#7F7F7F;1993;NMVOC;Jahresmenge;t/a;575.7061707453657;Ostluft & BAFU
natürl. Emissionen;Wälder;natural;23;#636B2F;1993;NMVOC;Jahresmenge;t/a;4292.791981103365;Ostluft & BAFU
Dienstleistungen;Feuerungen Öl & Gas;Gold;2;#FFBF00;1993;NOx;Jahresmenge;t/a;1089.8044132238997;Ostluft & BAFU
Dienstleistungen;verschiedene;Gold;1;#A67C00;1993;NOx;Jahresmenge;t/a;79.48332677285352;Ostluft & BAFU
Haushalte;Feuerungen Öl & Gas;Green;7;#95B39A;1993;NOx;Jahresmenge;t/a;1140.5114893093782;Ostluft & BAFU
Haushalte;verschiedene;Green;5;#4A6E67;1993;NOx;Jahresmenge;t/a;185.94336434448778;Ostluft & BAFU
Industrie;verschiedene;Blue;10;#2B4577;1993;NOx;Jahresmenge;t/a;2151.352365539388;Ostluft & BAFU
Land- und Forstw.;verschiedene;Purple;14;#3C096C;1993;NOx;Jahresmenge;t/a;653.1143772076356;Ostluft & BAFU
Verkehr;Strassenverkehr;Gray;18;#1A1A1A;1993;NOx;Jahresmenge;t/a;10264.128358049986;Ostluft & BAFU
Verkehr;Flugverkehr;Gray;21;#B2B2B2;1993;NOx;Jahresmenge;t/a;858.9180298084243;Ostluft & BAFU
Verkehr;verschiedene;Gray;20;#7F7F7F;1993;NOx;Jahresmenge;t/a;499.3932493748732;Ostluft & BAFU
Dienstleistungen;Feuerungen Holz & Kohle;Gold;3;#FFD447;1993;PM10;Jahresmenge;t/a;308.3764291838528;Ostluft & BAFU
Dienstleistungen;verschiedene;Gold;1;#A67C00;1993;PM10;Jahresmenge;t/a;7.457869692602122;Ostluft & BAFU
Haushalte;Feuerungen Holz & Kohle;Green;4;#354F52;1993;PM10;Jahresmenge;t/a;1163.559767897881;Ostluft & BAFU
Haushalte;verschiedene;Green;5;#4A6E67;1993;PM10;Jahresmenge;t/a;170.79867460427948;Ostluft & BAFU
Industrie;Flächenquellen;Blue;11;#5A709E;1993;PM10;Jahresmenge;t/a;303.96689502988727;Ostluft & BAFU
Industrie;Baumaschinen;Blue;12;#9EAACC;1993;PM10;Jahresmenge;t/a;254.7413207663921;Ostluft & BAFU
Industrie;verschiedene;Blue;10;#2B4577;1993;PM10;Jahresmenge;t/a;152.8733424459884;Ostluft & BAFU
Land- und Forstw.;verschiedene;Purple;14;#3C096C;1993;PM10;Jahresmenge;t/a;179.9681320868555;Ostluft & BAFU
Verkehr;Strassenverkehr;Gray;18;#1A1A1A;1993;PM10;Jahresmenge;t/a;720.6415179349194;Ostluft & BAFU
Verkehr;Schienenverkehr;Gray;22;#E5E5E5;1993;PM10;Jahresmenge;t/a;94.3755495978985;Ostluft & BAFU
Verkehr;verschiedene;Gray;20;#7F7F7F;1993;PM10;Jahresmenge;t/a;87.59866730882183;Ostluft & BAFU
Dienstleistungen;Feuerungen Holz & Kohle;Gold;3;#FFD447;1993;PM2.5;Jahresmenge;t/a;292.1071503162711;Ostluft & BAFU
Dienstleistungen;verschiedene;Gold;1;#A67C00;1993;PM2.5;Jahresmenge;t/a;7.457869692602122;Ostluft & BAFU
Haushalte;Feuerungen Holz & Kohle;Green;4;#354F52;1993;PM2.5;Jahresmenge;t/a;1102.352242715919;Ostluft & BAFU
Haushalte;Private etc;Green;8;#CAD2C5;1993;PM2.5;Jahresmenge;t/a;109.41974468670458;Ostluft & BAFU
Haushalte;verschiedene;Green;5;#4A6E67;1993;PM2.5;Jahresmenge;t/a;16.500612470298517;Ostluft & BAFU
Industrie;Flächenquellen;Blue;11;#5A709E;1993;PM2.5;Jahresmenge;t/a;201.07423195130104;Ostluft & BAFU
Industrie;verschiedene;Blue;10;#2B4577;1993;PM2.5;Jahresmenge;t/a;188.29914211308886;Ostluft & BAFU
Land- und Forstw.;verschiedene;Purple;14;#3C096C;1993;PM2.5;Jahresmenge;t/a;70.13756167087026;Ostluft & BAFU
Verkehr;Strassenverkehr;Gray;18;#1A1A1A;1993;PM2.5;Jahresmenge;t/a;503.2205612355875;Ostluft & BAFU
Verkehr;verschiedene;Gray;20;#7F7F7F;1993;PM2.5;Jahresmenge;t/a;104.48622970949808;Ostluft & BAFU
Dienstleistungen;Feuerungen Öl & Gas;Gold;2;#FFBF00;1993;SO2;Jahresmenge;t/a;750.1508996801555;Ostluft & BAFU
Dienstleistungen;verschiedene;Gold;1;#A67C00;1993;SO2;Jahresmenge;t/a;6.856650471742004;Ostluft & BAFU
Haushalte;Feuerungen Öl & Gas;Green;7;#95B39A;1993;SO2;Jahresmenge;t/a;942.4197868919276;Ostluft & BAFU
Haushalte;verschiedene;Green;5;#4A6E67;1993;SO2;Jahresmenge;t/a;38.318770722066645;Ostluft & BAFU
Industrie;Flächenquellen;Blue;11;#5A709E;1993;SO2;Jahresmenge;t/a;653.5658968765059;Ostluft & BAFU
Industrie;Kehrichtverbrennungsanlagen;Blue;13;#E3E4FA;1993;SO2;Jahresmenge;t/a;280.7357521771675;Ostluft & BAFU
Industrie;verschiedene;Blue;10;#2B4577;1993;SO2;Jahresmenge;t/a;43.33766384041867;Ostluft & BAFU
Land- und Forstw.;verschiedene;Purple;14;#3C096C;1993;SO2;Jahresmenge;t/a;30.693002612043223;Ostluft & BAFU
Verkehr;Strassenverkehr;Gray;18;#1A1A1A;1993;SO2;Jahresmenge;t/a;423.03433507432766;Ostluft & BAFU
Verkehr;Flugverkehr;Gray;21;#B2B2B2;1993;SO2;Jahresmenge;t/a;79.36324;Ostluft & BAFU
Verkehr;verschiedene;Gray;20;#7F7F7F;1993;SO2;Jahresmenge;t/a;18.49170256293653;Ostluft & BAFU
Dienstleistungen;Feuerungen Holz & Kohle;Gold;3;#FFD447;1993;eBC;Jahresmenge;t/a;65.9278214047972;Ostluft & BAFU
Dienstleistungen;verschiedene;Gold;1;#A67C00;1993;eBC;Jahresmenge;t/a;0.4095662815558261;Ostluft & BAFU
Haushalte;Feuerungen Holz & Kohle;Green;4;#354F52;1993;eBC;Jahresmenge;t/a;256.7161697342671;Ostluft & BAFU
Haushalte;verschiedene;Green;5;#4A6E67;1993;eBC;Jahresmenge;t/a;5.450570167245317;Ostluft & BAFU
Industrie;verschiedene;Blue;10;#2B4577;1993;eBC;Jahresmenge;t/a;49.903002125499945;Ostluft & BAFU
Land- und Forstw.;verschiedene;Purple;14;#3C096C;1993;eBC;Jahresmenge;t/a;21.779908746096883;Ostluft & BAFU
Verkehr;Strassenverkehr;Gray;18;#1A1A1A;1993;eBC;Jahresmenge;t/a;199.17757007853714;Ostluft & BAFU
Verkehr;verschiedene;Gray;20;#7F7F7F;1993;eBC;Jahresmenge;t/a;41.98676727572714;Ostluft & BAFU
Dienstleistungen;verschiedene;Gold;1;#A67C00;1994;CO;Jahresmenge;t/a;2979.5709551142;Ostluft & BAFU
Haushalte;Feuerungen Holz & Kohle;Green;4;#354F52;1994;CO;Jahresmenge;t/a;7792.912542192733;Ostluft & BAFU
Haushalte;verschiedene;Green;5;#4A6E67;1994;CO;Jahresmenge;t/a;1343.0183835281982;Ostluft & BAFU
Industrie;verschiedene;Blue;10;#2B4577;1994;CO;Jahresmenge;t/a;2266.8528868791013;Ostluft & BAFU
Land- und Forstw.;verschiedene;Purple;14;#3C096C;1994;CO;Jahresmenge;t/a;2202.5114544569515;Ostluft & BAFU
Verkehr;Strassenverkehr;Gray;18;#1A1A1A;1994;CO;Jahresmenge;t/a;40123.41773603203;Ostluft & BAFU
Verkehr;Zonenverkehr;Gray;19;#4C4C4C;1994;CO;Jahresmenge;t/a;28713.3302934514;Ostluft & BAFU
Verkehr;verschiedene;Gray;20;#7F7F7F;1994;CO;Jahresmenge;t/a;3168.381850081524;Ostluft & BAFU
Dienstleistungen;verschiedene;Gold;1;#A67C00;1994;NH3;Jahresmenge;t/a;4.710602986466599;Ostluft & BAFU
Haushalte;verschiedene;Green;5;#4A6E67;1994;NH3;Jahresmenge;t/a;90.50866281276187;Ostluft & BAFU
Industrie;verschiedene;Blue;10;#2B4577;1994;NH3;Jahresmenge;t/a;89.86203349254484;Ostluft & BAFU
Land- und Forstw.;Hofdüngerausbringung & Weiden;Purple;15;#651EA6;1994;NH3;Jahresmenge;t/a;2037.3406614200287;Ostluft & BAFU
Land- und Forstw.;Stall-Laufhof & Hofdünger-Lager;Purple;16;#9142D3;1994;NH3;Jahresmenge;t/a;1179.1282725824717;Ostluft & BAFU
Land- und Forstw.;Landw. Nutzflächen;Purple;17;#C77DFF;1994;NH3;Jahresmenge;t/a;357.494715368375;Ostluft & BAFU
Land- und Forstw.;verschiedene;Purple;14;#3C096C;1994;NH3;Jahresmenge;t/a;3.6271391100598946;Ostluft & BAFU
Verkehr;Strassenverkehr;Gray;18;#1A1A1A;1994;NH3;Jahresmenge;t/a;359.12964055843236;Ostluft & BAFU
Verkehr;verschiedene;Gray;20;#7F7F7F;1994;NH3;Jahresmenge;t/a;0.03668203068627915;Ostluft & BAFU
Dienstleistungen;verschiedene;Gold;1;#A67C00;1994;NMVOC;Jahresmenge;t/a;435.7267751158214;Ostluft & BAFU
Haushalte;Lösungsmittel;Green;6;#6B917D;1994;NMVOC;Jahresmenge;t/a;2380.627882749424;Ostluft & BAFU
Haushalte;verschiedene;Green;5;#4A6E67;1994;NMVOC;Jahresmenge;t/a;885.9362332736538;Ostluft & BAFU
Industrie;Lösungsmittel;Blue;9;#293961;1994;NMVOC;Jahresmenge;t/a;13378.641077291219;Ostluft & BAFU
Industrie;verschiedene;Blue;10;#2B4577;1994;NMVOC;Jahresmenge;t/a;3962.413445494177;Ostluft & BAFU
Industrie;Flächenquellen;Blue;11;#5A709E;1994;NMVOC;Jahresmenge;t/a;2904.4017891479602;Ostluft & BAFU
Land- und Forstw.;verschiedene;Purple;14;#3C096C;1994;NMVOC;Jahresmenge;t/a;1062.7354659061414;Ostluft & BAFU
Verkehr;Zonenverkehr;Gray;19;#4C4C4C;1994;NMVOC;Jahresmenge;t/a;9146.236364271463;Ostluft & BAFU
Verkehr;Strassenverkehr;Gray;18;#1A1A1A;1994;NMVOC;Jahresmenge;t/a;5541.99130700931;Ostluft & BAFU
Verkehr;verschiedene;Gray;20;#7F7F7F;1994;NMVOC;Jahresmenge;t/a;551.1324576147042;Ostluft & BAFU
natürl. Emissionen;Wälder;natural;23;#636B2F;1994;NMVOC;Jahresmenge;t/a;4292.791981103365;Ostluft & BAFU
Dienstleistungen;Feuerungen Öl & Gas;Gold;2;#FFBF00;1994;NOx;Jahresmenge;t/a;961.469325668876;Ostluft & BAFU
Dienstleistungen;verschiedene;Gold;1;#A67C00;1994;NOx;Jahresmenge;t/a;78.37778843703755;Ostluft & BAFU
Haushalte;Feuerungen Öl & Gas;Green;7;#95B39A;1994;NOx;Jahresmenge;t/a;1039.5639064550562;Ostluft & BAFU
Haushalte;verschiedene;Green;5;#4A6E67;1994;NOx;Jahresmenge;t/a;170.86312713698598;Ostluft & BAFU
Industrie;verschiedene;Blue;10;#2B4577;1994;NOx;Jahresmenge;t/a;2049.219096499701;Ostluft & BAFU
Land- und Forstw.;verschiedene;Purple;14;#3C096C;1994;NOx;Jahresmenge;t/a;652.8920684441284;Ostluft & BAFU
Verkehr;Strassenverkehr;Gray;18;#1A1A1A;1994;NOx;Jahresmenge;t/a;9840.9986383641;Ostluft & BAFU
Verkehr;Flugverkehr;Gray;21;#B2B2B2;1994;NOx;Jahresmenge;t/a;877.192425806535;Ostluft & BAFU
Verkehr;verschiedene;Gray;20;#7F7F7F;1994;NOx;Jahresmenge;t/a;490.5968894847517;Ostluft & BAFU
Dienstleistungen;Feuerungen Holz & Kohle;Gold;3;#FFD447;1994;PM10;Jahresmenge;t/a;279.895504984077;Ostluft & BAFU
Dienstleistungen;verschiedene;Gold;1;#A67C00;1994;PM10;Jahresmenge;t/a;7.1278736763072175;Ostluft & BAFU
Haushalte;Feuerungen Holz & Kohle;Green;4;#354F52;1994;PM10;Jahresmenge;t/a;1008.2478718191853;Ostluft & BAFU
Haushalte;verschiedene;Green;5;#4A6E67;1994;PM10;Jahresmenge;t/a;164.2415881942356;Ostluft & BAFU
Industrie;Flächenquellen;Blue;11;#5A709E;1994;PM10;Jahresmenge;t/a;287.99794411537374;Ostluft & BAFU
Industrie;Baumaschinen;Blue;12;#9EAACC;1994;PM10;Jahresmenge;t/a;259.610638160957;Ostluft & BAFU
Industrie;verschiedene;Blue;10;#2B4577;1994;PM10;Jahresmenge;t/a;137.1837860597288;Ostluft & BAFU
Land- und Forstw.;verschiedene;Purple;14;#3C096C;1994;PM10;Jahresmenge;t/a;192.85775762584962;Ostluft & BAFU
Verkehr;Strassenverkehr;Gray;18;#1A1A1A;1994;PM10;Jahresmenge;t/a;702.4331840945649;Ostluft & BAFU
Verkehr;Schienenverkehr;Gray;22;#E5E5E5;1994;PM10;Jahresmenge;t/a;99.17518309899607;Ostluft & BAFU
Verkehr;verschiedene;Gray;20;#7F7F7F;1994;PM10;Jahresmenge;t/a;79.21552031799052;Ostluft & BAFU
Dienstleistungen;Feuerungen Holz & Kohle;Gold;3;#FFD447;1994;PM2.5;Jahresmenge;t/a;265.1037091698857;Ostluft & BAFU
Dienstleistungen;verschiedene;Gold;1;#A67C00;1994;PM2.5;Jahresmenge;t/a;7.1278736763072175;Ostluft & BAFU
Haushalte;Feuerungen Holz & Kohle;Green;4;#354F52;1994;PM2.5;Jahresmenge;t/a;955.1558318827159;Ostluft & BAFU
Haushalte;Private etc;Green;8;#CAD2C5;1994;PM2.5;Jahresmenge;t/a;103.37720759591389;Ostluft & BAFU
Haushalte;verschiedene;Green;5;#4A6E67;1994;PM2.5;Jahresmenge;t/a;16.34330160835619;Ostluft & BAFU
Industrie;Flächenquellen;Blue;11;#5A709E;1994;PM2.5;Jahresmenge;t/a;191.1227476144449;Ostluft & BAFU
Industrie;verschiedene;Blue;10;#2B4577;1994;PM2.5;Jahresmenge;t/a;178.88966015313306;Ostluft & BAFU
Land- und Forstw.;verschiedene;Purple;14;#3C096C;1994;PM2.5;Jahresmenge;t/a;81.4248250392108;Ostluft & BAFU
Verkehr;Strassenverkehr;Gray;18;#1A1A1A;1994;PM2.5;Jahresmenge;t/a;487.28347667160267;Ostluft & BAFU
Verkehr;verschiedene;Gray;20;#7F7F7F;1994;PM2.5;Jahresmenge;t/a;97.09116443780981;Ostluft & BAFU
Dienstleistungen;Feuerungen Öl & Gas;Gold;2;#FFBF00;1994;SO2;Jahresmenge;t/a;646.04684086905;Ostluft & BAFU
Dienstleistungen;verschiedene;Gold;1;#A67C00;1994;SO2;Jahresmenge;t/a;6.5608471089100044;Ostluft & BAFU
Haushalte;Feuerungen Öl & Gas;Green;7;#95B39A;1994;SO2;Jahresmenge;t/a;881.2349145563416;Ostluft & BAFU
Haushalte;verschiedene;Green;5;#4A6E67;1994;SO2;Jahresmenge;t/a;34.83211098976528;Ostluft & BAFU
Industrie;Flächenquellen;Blue;11;#5A709E;1994;SO2;Jahresmenge;t/a;599.1881220932701;Ostluft & BAFU
Industrie;Kehrichtverbrennungsanlagen;Blue;13;#E3E4FA;1994;SO2;Jahresmenge;t/a;249.1665393644331;Ostluft & BAFU
Industrie;verschiedene;Blue;10;#2B4577;1994;SO2;Jahresmenge;t/a;32.56465872899529;Ostluft & BAFU
Land- und Forstw.;verschiedene;Purple;14;#3C096C;1994;SO2;Jahresmenge;t/a;26.850687380497646;Ostluft & BAFU
Verkehr;Strassenverkehr;Gray;18;#1A1A1A;1994;SO2;Jahresmenge;t/a;343.3872299955539;Ostluft & BAFU
Verkehr;Flugverkehr;Gray;21;#B2B2B2;1994;SO2;Jahresmenge;t/a;81.58304800000002;Ostluft & BAFU
Verkehr;verschiedene;Gray;20;#7F7F7F;1994;SO2;Jahresmenge;t/a;14.601741733269597;Ostluft & BAFU
Dienstleistungen;Feuerungen Holz & Kohle;Gold;3;#FFD447;1994;eBC;Jahresmenge;t/a;59.57798589765296;Ostluft & BAFU
Dienstleistungen;verschiedene;Gold;1;#A67C00;1994;eBC;Jahresmenge;t/a;0.40135963828836885;Ostluft & BAFU
Haushalte;Feuerungen Holz & Kohle;Green;4;#354F52;1994;eBC;Jahresmenge;t/a;224.81377262430027;Ostluft & BAFU
Haushalte;verschiedene;Green;5;#4A6E67;1994;eBC;Jahresmenge;t/a;5.0575236537889925;Ostluft & BAFU
Industrie;verschiedene;Blue;10;#2B4577;1994;eBC;Jahresmenge;t/a;49.50030600241128;Ostluft & BAFU
Land- und Forstw.;verschiedene;Purple;14;#3C096C;1994;eBC;Jahresmenge;t/a;22.764238545260426;Ostluft & BAFU
Verkehr;Strassenverkehr;Gray;18;#1A1A1A;1994;eBC;Jahresmenge;t/a;196.6617975175938;Ostluft & BAFU
Verkehr;verschiedene;Gray;20;#7F7F7F;1994;eBC;Jahresmenge;t/a;39.056789387301585;Ostluft & BAFU
Dienstleistungen;verschiedene;Gold;1;#A67C00;1995;CO;Jahresmenge;t/a;3138.8392849240117;Ostluft & BAFU
Haushalte;Feuerungen Holz & Kohle;Green;4;#354F52;1995;CO;Jahresmenge;t/a;7927.820577033794;Ostluft & BAFU
Haushalte;verschiedene;Green;5;#4A6E67;1995;CO;Jahresmenge;t/a;1357.519189579189;Ostluft & BAFU
Industrie;verschiedene;Blue;10;#2B4577;1995;CO;Jahresmenge;t/a;2325.536038305545;Ostluft & BAFU
Land- und Forstw.;verschiedene;Purple;14;#3C096C;1995;CO;Jahresmenge;t/a;2191.7253439648266;Ostluft & BAFU
Verkehr;Strassenverkehr;Gray;18;#1A1A1A;1995;CO;Jahresmenge;t/a;37071.86884108969;Ostluft & BAFU
Verkehr;Zonenverkehr;Gray;19;#4C4C4C;1995;CO;Jahresmenge;t/a;26529.564894812127;Ostluft & BAFU
Verkehr;verschiedene;Gray;20;#7F7F7F;1995;CO;Jahresmenge;t/a;3156.9457580168896;Ostluft & BAFU
Dienstleistungen;verschiedene;Gold;1;#A67C00;1995;NH3;Jahresmenge;t/a;5.493722864192314;Ostluft & BAFU
Haushalte;verschiedene;Green;5;#4A6E67;1995;NH3;Jahresmenge;t/a;92.37991950097997;Ostluft & BAFU
Industrie;verschiedene;Blue;10;#2B4577;1995;NH3;Jahresmenge;t/a;92.42444576135925;Ostluft & BAFU
Land- und Forstw.;Hofdüngerausbringung & Weiden;Purple;15;#651EA6;1995;NH3;Jahresmenge;t/a;2010.8771762469182;Ostluft & BAFU
Land- und Forstw.;Stall-Laufhof & Hofdünger-Lager;Purple;16;#9142D3;1995;NH3;Jahresmenge;t/a;1177.7783885301556;Ostluft & BAFU
Land- und Forstw.;Landw. Nutzflächen;Purple;17;#C77DFF;1995;NH3;Jahresmenge;t/a;359.55880209803576;Ostluft & BAFU
Land- und Forstw.;verschiedene;Purple;14;#3C096C;1995;NH3;Jahresmenge;t/a;3.8374023479889914;Ostluft & BAFU
Verkehr;Strassenverkehr;Gray;18;#1A1A1A;1995;NH3;Jahresmenge;t/a;391.1301630179857;Ostluft & BAFU
Verkehr;verschiedene;Gray;20;#7F7F7F;1995;NH3;Jahresmenge;t/a;0.03696745247407305;Ostluft & BAFU
Dienstleistungen;verschiedene;Gold;1;#A67C00;1995;NMVOC;Jahresmenge;t/a;459.9046387089657;Ostluft & BAFU
Haushalte;Lösungsmittel;Green;6;#6B917D;1995;NMVOC;Jahresmenge;t/a;2452.2435123707437;Ostluft & BAFU
Haushalte;verschiedene;Green;5;#4A6E67;1995;NMVOC;Jahresmenge;t/a;896.6046606169904;Ostluft & BAFU
Industrie;Lösungsmittel;Blue;9;#293961;1995;NMVOC;Jahresmenge;t/a;12304.354177793111;Ostluft & BAFU
Industrie;verschiedene;Blue;10;#2B4577;1995;NMVOC;Jahresmenge;t/a;3387.0187832362517;Ostluft & BAFU
Industrie;Flächenquellen;Blue;11;#5A709E;1995;NMVOC;Jahresmenge;t/a;2731.119637346242;Ostluft & BAFU
Land- und Forstw.;verschiedene;Purple;14;#3C096C;1995;NMVOC;Jahresmenge;t/a;1069.059855766548;Ostluft & BAFU
Verkehr;Zonenverkehr;Gray;19;#4C4C4C;1995;NMVOC;Jahresmenge;t/a;8527.428881159938;Ostluft & BAFU
Verkehr;Strassenverkehr;Gray;18;#1A1A1A;1995;NMVOC;Jahresmenge;t/a;5167.036456125183;Ostluft & BAFU
Verkehr;verschiedene;Gray;20;#7F7F7F;1995;NMVOC;Jahresmenge;t/a;534.4062308192915;Ostluft & BAFU
natürl. Emissionen;Wälder;natural;23;#636B2F;1995;NMVOC;Jahresmenge;t/a;4292.791981103365;Ostluft & BAFU
Dienstleistungen;Feuerungen Öl & Gas;Gold;2;#FFBF00;1995;NOx;Jahresmenge;t/a;968.9801546927494;Ostluft & BAFU
Dienstleistungen;verschiedene;Gold;1;#A67C00;1995;NOx;Jahresmenge;t/a;91.3256741283949;Ostluft & BAFU
Haushalte;Feuerungen Öl & Gas;Green;7;#95B39A;1995;NOx;Jahresmenge;t/a;1081.4841414352873;Ostluft & BAFU
Haushalte;verschiedene;Green;5;#4A6E67;1995;NOx;Jahresmenge;t/a;178.72451116384738;Ostluft & BAFU
Industrie;verschiedene;Blue;10;#2B4577;1995;NOx;Jahresmenge;t/a;2049.0541954153045;Ostluft & BAFU
Land- und Forstw.;verschiedene;Purple;14;#3C096C;1995;NOx;Jahresmenge;t/a;657.0754282607826;Ostluft & BAFU
Verkehr;Strassenverkehr;Gray;18;#1A1A1A;1995;NOx;Jahresmenge;t/a;9465.47840406494;Ostluft & BAFU
Verkehr;Flugverkehr;Gray;21;#B2B2B2;1995;NOx;Jahresmenge;t/a;924.2313119418474;Ostluft & BAFU
Verkehr;verschiedene;Gray;20;#7F7F7F;1995;NOx;Jahresmenge;t/a;483.11828481028175;Ostluft & BAFU
Dienstleistungen;Feuerungen Holz & Kohle;Gold;3;#FFD447;1995;PM10;Jahresmenge;t/a;295.5902535133394;Ostluft & BAFU
Dienstleistungen;verschiedene;Gold;1;#A67C00;1995;PM10;Jahresmenge;t/a;7.614629672751116;Ostluft & BAFU
Haushalte;Feuerungen Holz & Kohle;Green;4;#354F52;1995;PM10;Jahresmenge;t/a;1003.7665306642883;Ostluft & BAFU
Haushalte;verschiedene;Green;5;#4A6E67;1995;PM10;Jahresmenge;t/a;166.41767087934963;Ostluft & BAFU
Industrie;Flächenquellen;Blue;11;#5A709E;1995;PM10;Jahresmenge;t/a;297.9719272149741;Ostluft & BAFU
Industrie;Baumaschinen;Blue;12;#9EAACC;1995;PM10;Jahresmenge;t/a;264.50795745628426;Ostluft & BAFU
Industrie;verschiedene;Blue;10;#2B4577;1995;PM10;Jahresmenge;t/a;126.01780131259095;Ostluft & BAFU
Land- und Forstw.;verschiedene;Purple;14;#3C096C;1995;PM10;Jahresmenge;t/a;201.08888216861482;Ostluft & BAFU
Verkehr;Strassenverkehr;Gray;18;#1A1A1A;1995;PM10;Jahresmenge;t/a;697.1329458381583;Ostluft & BAFU
Verkehr;Schienenverkehr;Gray;22;#E5E5E5;1995;PM10;Jahresmenge;t/a;97.57901559676978;Ostluft & BAFU
Verkehr;verschiedene;Gray;20;#7F7F7F;1995;PM10;Jahresmenge;t/a;72.11538779535637;Ostluft & BAFU
Dienstleistungen;Feuerungen Holz & Kohle;Gold;3;#FFD447;1995;PM2.5;Jahresmenge;t/a;279.9514011223036;Ostluft & BAFU
Dienstleistungen;verschiedene;Gold;1;#A67C00;1995;PM2.5;Jahresmenge;t/a;7.614629672751116;Ostluft & BAFU
Haushalte;Feuerungen Holz & Kohle;Green;4;#354F52;1995;PM2.5;Jahresmenge;t/a;950.8458853752236;Ostluft & BAFU
Haushalte;Private etc;Green;8;#CAD2C5;1995;PM2.5;Jahresmenge;t/a;101.93282767948958;Ostluft & BAFU
Haushalte;verschiedene;Green;5;#4A6E67;1995;PM2.5;Jahresmenge;t/a;19.010784757793864;Ostluft & BAFU
Industrie;Flächenquellen;Blue;11;#5A709E;1995;PM2.5;Jahresmenge;t/a;198.2159489547158;Ostluft & BAFU
Industrie;verschiedene;Blue;10;#2B4577;1995;PM2.5;Jahresmenge;t/a;172.73435956796612;Ostluft & BAFU
Land- und Forstw.;verschiedene;Purple;14;#3C096C;1995;PM2.5;Jahresmenge;t/a;88.67398248793036;Ostluft & BAFU
Verkehr;Strassenverkehr;Gray;18;#1A1A1A;1995;PM2.5;Jahresmenge;t/a;480.8863381377197;Ostluft & BAFU
Verkehr;verschiedene;Gray;20;#7F7F7F;1995;PM2.5;Jahresmenge;t/a;90.04123525296167;Ostluft & BAFU
Dienstleistungen;Feuerungen Öl & Gas;Gold;2;#FFBF00;1995;SO2;Jahresmenge;t/a;694.4571103657089;Ostluft & BAFU
Dienstleistungen;verschiedene;Gold;1;#A67C00;1995;SO2;Jahresmenge;t/a;7.111060222393465;Ostluft & BAFU
Haushalte;Feuerungen Öl & Gas;Green;7;#95B39A;1995;SO2;Jahresmenge;t/a;980.733610881598;Ostluft & BAFU
Haushalte;verschiedene;Green;5;#4A6E67;1995;SO2;Jahresmenge;t/a;34.8564643667795;Ostluft & BAFU
Industrie;Flächenquellen;Blue;11;#5A709E;1995;SO2;Jahresmenge;t/a;668.8103644809452;Ostluft & BAFU
Industrie;Kehrichtverbrennungsanlagen;Blue;13;#E3E4FA;1995;SO2;Jahresmenge;t/a;226.8881790641024;Ostluft & BAFU
Industrie;verschiedene;Blue;10;#2B4577;1995;SO2;Jahresmenge;t/a;23.990215675722283;Ostluft & BAFU
Land- und Forstw.;verschiedene;Purple;14;#3C096C;1995;SO2;Jahresmenge;t/a;24.73694126605201;Ostluft & BAFU
Verkehr;Strassenverkehr;Gray;18;#1A1A1A;1995;SO2;Jahresmenge;t/a;286.7215718985729;Ostluft & BAFU
Verkehr;Flugverkehr;Gray;21;#B2B2B2;1995;SO2;Jahresmenge;t/a;86.51635500000002;Ostluft & BAFU
Verkehr;verschiedene;Gray;20;#7F7F7F;1995;SO2;Jahresmenge;t/a;11.849270412759068;Ostluft & BAFU
Dienstleistungen;Feuerungen Holz & Kohle;Gold;3;#FFD447;1995;eBC;Jahresmenge;t/a;62.2530852463132;Ostluft & BAFU
Dienstleistungen;verschiedene;Gold;1;#A67C00;1995;eBC;Jahresmenge;t/a;0.4304240659313899;Ostluft & BAFU
Haushalte;Feuerungen Holz & Kohle;Green;4;#354F52;1995;eBC;Jahresmenge;t/a;226.4306133834907;Ostluft & BAFU
Haushalte;verschiedene;Green;5;#4A6E67;1995;eBC;Jahresmenge;t/a;4.964057537679311;Ostluft & BAFU
Industrie;verschiedene;Blue;10;#2B4577;1995;eBC;Jahresmenge;t/a;50.899706229208945;Ostluft & BAFU
Land- und Forstw.;verschiedene;Purple;14;#3C096C;1995;eBC;Jahresmenge;t/a;23.583167927735612;Ostluft & BAFU
Verkehr;Strassenverkehr;Gray;18;#1A1A1A;1995;eBC;Jahresmenge;t/a;197.95648276075556;Ostluft & BAFU
Verkehr;verschiedene;Gray;20;#7F7F7F;1995;eBC;Jahresmenge;t/a;36.754607865038565;Ostluft & BAFU
Dienstleistungen;verschiedene;Gold;1;#A67C00;1996;CO;Jahresmenge;t/a;3367.386175314538;Ostluft & BAFU
Haushalte;Feuerungen Holz & Kohle;Green;4;#354F52;1996;CO;Jahresmenge;t/a;8164.02712868014;Ostluft & BAFU
Haushalte;verschiedene;Green;5;#4A6E67;1996;CO;Jahresmenge;t/a;1376.8064020976508;Ostluft & BAFU
Industrie;verschiedene;Blue;10;#2B4577;1996;CO;Jahresmenge;t/a;2375.147201910831;Ostluft & BAFU
Land- und Forstw.;verschiedene;Purple;14;#3C096C;1996;CO;Jahresmenge;t/a;2147.06811639748;Ostluft & BAFU
Verkehr;Strassenverkehr;Gray;18;#1A1A1A;1996;CO;Jahresmenge;t/a;34253.08544398945;Ostluft & BAFU
Verkehr;Zonenverkehr;Gray;19;#4C4C4C;1996;CO;Jahresmenge;t/a;24512.37236053924;Ostluft & BAFU
Verkehr;verschiedene;Gray;20;#7F7F7F;1996;CO;Jahresmenge;t/a;3043.3709078735737;Ostluft & BAFU
Dienstleistungen;verschiedene;Gold;1;#A67C00;1996;NH3;Jahresmenge;t/a;6.281847952028924;Ostluft & BAFU
Haushalte;verschiedene;Green;5;#4A6E67;1996;NH3;Jahresmenge;t/a;102.771691808735;Ostluft & BAFU
Industrie;verschiedene;Blue;10;#2B4577;1996;NH3;Jahresmenge;t/a;93.72722522526328;Ostluft & BAFU
Land- und Forstw.;Hofdüngerausbringung & Weiden;Purple;15;#651EA6;1996;NH3;Jahresmenge;t/a;1921.3870482095624;Ostluft & BAFU
Land- und Forstw.;Stall-Laufhof & Hofdünger-Lager;Purple;16;#9142D3;1996;NH3;Jahresmenge;t/a;1177.6367659892333;Ostluft & BAFU
Land- und Forstw.;Landw. Nutzflächen;Purple;17;#C77DFF;1996;NH3;Jahresmenge;t/a;346.1057934910059;Ostluft & BAFU
Land- und Forstw.;verschiedene;Purple;14;#3C096C;1996;NH3;Jahresmenge;t/a;3.4679339559183293;Ostluft & BAFU
Verkehr;Strassenverkehr;Gray;18;#1A1A1A;1996;NH3;Jahresmenge;t/a;423.1719735166009;Ostluft & BAFU
Verkehr;verschiedene;Gray;20;#7F7F7F;1996;NH3;Jahresmenge;t/a;0.03786976396077076;Ostluft & BAFU
Dienstleistungen;verschiedene;Gold;1;#A67C00;1996;NMVOC;Jahresmenge;t/a;494.29812477341045;Ostluft & BAFU
Haushalte;Lösungsmittel;Green;6;#6B917D;1996;NMVOC;Jahresmenge;t/a;2520.0294819464907;Ostluft & BAFU
Haushalte;verschiedene;Green;5;#4A6E67;1996;NMVOC;Jahresmenge;t/a;924.1653000524151;Ostluft & BAFU
Industrie;Lösungsmittel;Blue;9;#293961;1996;NMVOC;Jahresmenge;t/a;11208.086206694848;Ostluft & BAFU
Industrie;verschiedene;Blue;10;#2B4577;1996;NMVOC;Jahresmenge;t/a;3194.5767518713583;Ostluft & BAFU
Industrie;Flächenquellen;Blue;11;#5A709E;1996;NMVOC;Jahresmenge;t/a;2512.476742595785;Ostluft & BAFU
Land- und Forstw.;verschiedene;Purple;14;#3C096C;1996;NMVOC;Jahresmenge;t/a;1062.2163213454949;Ostluft & BAFU
Verkehr;Zonenverkehr;Gray;19;#4C4C4C;1996;NMVOC;Jahresmenge;t/a;7962.833624400808;Ostluft & BAFU
Verkehr;Strassenverkehr;Gray;18;#1A1A1A;1996;NMVOC;Jahresmenge;t/a;4824.930492500545;Ostluft & BAFU
Verkehr;verschiedene;Gray;20;#7F7F7F;1996;NMVOC;Jahresmenge;t/a;531.8029730573215;Ostluft & BAFU
natürl. Emissionen;Wälder;natural;23;#636B2F;1996;NMVOC;Jahresmenge;t/a;4292.791981103365;Ostluft & BAFU
Dienstleistungen;Feuerungen Öl & Gas;Gold;2;#FFBF00;1996;NOx;Jahresmenge;t/a;1013.5089563271606;Ostluft & BAFU
Dienstleistungen;verschiedene;Gold;1;#A67C00;1996;NOx;Jahresmenge;t/a;105.5566706747194;Ostluft & BAFU
Haushalte;Feuerungen Öl & Gas;Green;7;#95B39A;1996;NOx;Jahresmenge;t/a;1077.0717777956413;Ostluft & BAFU
Haushalte;verschiedene;Green;5;#4A6E67;1996;NOx;Jahresmenge;t/a;191.14429763001058;Ostluft & BAFU
Industrie;verschiedene;Blue;10;#2B4577;1996;NOx;Jahresmenge;t/a;1987.635973478772;Ostluft & BAFU
Land- und Forstw.;verschiedene;Purple;14;#3C096C;1996;NOx;Jahresmenge;t/a;649.3058093467052;Ostluft & BAFU
Verkehr;Strassenverkehr;Gray;18;#1A1A1A;1996;NOx;Jahresmenge;t/a;9014.290297748319;Ostluft & BAFU
Verkehr;Flugverkehr;Gray;21;#B2B2B2;1996;NOx;Jahresmenge;t/a;968.1263793031658;Ostluft & BAFU
Verkehr;verschiedene;Gray;20;#7F7F7F;1996;NOx;Jahresmenge;t/a;480.1018067484792;Ostluft & BAFU
Dienstleistungen;Feuerungen Holz & Kohle;Gold;3;#FFD447;1996;PM10;Jahresmenge;t/a;317.5526674124999;Ostluft & BAFU
Dienstleistungen;verschiedene;Gold;1;#A67C00;1996;PM10;Jahresmenge;t/a;8.455563742548524;Ostluft & BAFU
Haushalte;Feuerungen Holz & Kohle;Green;4;#354F52;1996;PM10;Jahresmenge;t/a;1017.5578916106315;Ostluft & BAFU
Haushalte;verschiedene;Green;5;#4A6E67;1996;PM10;Jahresmenge;t/a;169.2195563006385;Ostluft & BAFU
Industrie;Flächenquellen;Blue;11;#5A709E;1996;PM10;Jahresmenge;t/a;300.8418209616429;Ostluft & BAFU
Industrie;Baumaschinen;Blue;12;#9EAACC;1996;PM10;Jahresmenge;t/a;264.21558826405095;Ostluft & BAFU
Industrie;verschiedene;Blue;10;#2B4577;1996;PM10;Jahresmenge;t/a;114.007795533735;Ostluft & BAFU
Land- und Forstw.;verschiedene;Purple;14;#3C096C;1996;PM10;Jahresmenge;t/a;191.5432300476839;Ostluft & BAFU
Verkehr;Strassenverkehr;Gray;18;#1A1A1A;1996;PM10;Jahresmenge;t/a;682.0682087785351;Ostluft & BAFU
Verkehr;Schienenverkehr;Gray;22;#E5E5E5;1996;PM10;Jahresmenge;t/a;87.12170600518589;Ostluft & BAFU
Verkehr;verschiedene;Gray;20;#7F7F7F;1996;PM10;Jahresmenge;t/a;69.49436518490015;Ostluft & BAFU
Dienstleistungen;Feuerungen Holz & Kohle;Gold;3;#FFD447;1996;PM2.5;Jahresmenge;t/a;300.70455321464397;Ostluft & BAFU
Dienstleistungen;verschiedene;Gold;1;#A67C00;1996;PM2.5;Jahresmenge;t/a;8.455563742548524;Ostluft & BAFU
Haushalte;Feuerungen Holz & Kohle;Green;4;#354F52;1996;PM2.5;Jahresmenge;t/a;963.8231940852711;Ostluft & BAFU
Haushalte;Private etc;Green;8;#CAD2C5;1996;PM2.5;Jahresmenge;t/a;99.82962693451938;Ostluft & BAFU
Haushalte;verschiedene;Green;5;#4A6E67;1996;PM2.5;Jahresmenge;t/a;18.838695714171514;Ostluft & BAFU
Industrie;Flächenquellen;Blue;11;#5A709E;1996;PM2.5;Jahresmenge;t/a;206.292904854443;Ostluft & BAFU
Industrie;verschiedene;Blue;10;#2B4577;1996;PM2.5;Jahresmenge;t/a;163.68338232677556;Ostluft & BAFU
Land- und Forstw.;verschiedene;Purple;14;#3C096C;1996;PM2.5;Jahresmenge;t/a;81.49859066890292;Ostluft & BAFU
Verkehr;Strassenverkehr;Gray;18;#1A1A1A;1996;PM2.5;Jahresmenge;t/a;466.77051868623374;Ostluft & BAFU
Verkehr;verschiedene;Gray;20;#7F7F7F;1996;PM2.5;Jahresmenge;t/a;85.7874702473902;Ostluft & BAFU
Dienstleistungen;Feuerungen Öl & Gas;Gold;2;#FFBF00;1996;SO2;Jahresmenge;t/a;739.8340791024835;Ostluft & BAFU
Dienstleistungen;verschiedene;Gold;1;#A67C00;1996;SO2;Jahresmenge;t/a;8.096319258159836;Ostluft & BAFU
Haushalte;Feuerungen Öl & Gas;Green;7;#95B39A;1996;SO2;Jahresmenge;t/a;969.3386887945456;Ostluft & BAFU
Haushalte;verschiedene;Green;5;#4A6E67;1996;SO2;Jahresmenge;t/a;29.902316273381416;Ostluft & BAFU
Industrie;Flächenquellen;Blue;11;#5A709E;1996;SO2;Jahresmenge;t/a;595.6511001910546;Ostluft & BAFU
Industrie;Kehrichtverbrennungsanlagen;Blue;13;#E3E4FA;1996;SO2;Jahresmenge;t/a;204.17822098432669;Ostluft & BAFU
Industrie;verschiedene;Blue;10;#2B4577;1996;SO2;Jahresmenge;t/a;23.192809820276345;Ostluft & BAFU
Land- und Forstw.;verschiedene;Purple;14;#3C096C;1996;SO2;Jahresmenge;t/a;23.625913431043188;Ostluft & BAFU
Verkehr;Strassenverkehr;Gray;18;#1A1A1A;1996;SO2;Jahresmenge;t/a;279.7373929749132;Ostluft & BAFU
Verkehr;Flugverkehr;Gray;21;#B2B2B2;1996;SO2;Jahresmenge;t/a;89.56875900000001;Ostluft & BAFU
Verkehr;verschiedene;Gray;20;#7F7F7F;1996;SO2;Jahresmenge;t/a;11.501435046755143;Ostluft & BAFU
Dienstleistungen;Feuerungen Holz & Kohle;Gold;3;#FFD447;1996;eBC;Jahresmenge;t/a;66.70106583512806;Ostluft & BAFU
Dienstleistungen;verschiedene;Gold;1;#A67C00;1996;eBC;Jahresmenge;t/a;0.47465428766486145;Ostluft & BAFU
Haushalte;Feuerungen Holz & Kohle;Green;4;#354F52;1996;eBC;Jahresmenge;t/a;232.4428424833313;Ostluft & BAFU
Haushalte;verschiedene;Green;5;#4A6E67;1996;eBC;Jahresmenge;t/a;4.868012099008646;Ostluft & BAFU
Industrie;verschiedene;Blue;10;#2B4577;1996;eBC;Jahresmenge;t/a;51.3639262120278;Ostluft & BAFU
Land- und Forstw.;verschiedene;Purple;14;#3C096C;1996;eBC;Jahresmenge;t/a;23.009301983593733;Ostluft & BAFU
Verkehr;Strassenverkehr;Gray;18;#1A1A1A;1996;eBC;Jahresmenge;t/a;193.81015064203592;Ostluft & BAFU
Verkehr;verschiedene;Gray;20;#7F7F7F;1996;eBC;Jahresmenge;t/a;35.70757820684401;Ostluft & BAFU
Dienstleistungen;verschiedene;Gold;1;#A67C00;1997;CO;Jahresmenge;t/a;3086.530714196041;Ostluft & BAFU
Haushalte;Feuerungen Holz & Kohle;Green;4;#354F52;1997;CO;Jahresmenge;t/a;6910.568126870323;Ostluft & BAFU
Haushalte;verschiedene;Green;5;#4A6E67;1997;CO;Jahresmenge;t/a;1308.2753997399655;Ostluft & BAFU
Industrie;verschiedene;Blue;10;#2B4577;1997;CO;Jahresmenge;t/a;2295.9740794137615;Ostluft & BAFU
Land- und Forstw.;verschiedene;Purple;14;#3C096C;1997;CO;Jahresmenge;t/a;2247.1212432494067;Ostluft & BAFU
Verkehr;Strassenverkehr;Gray;18;#1A1A1A;1997;CO;Jahresmenge;t/a;32233.474476697906;Ostluft & BAFU
Verkehr;Zonenverkehr;Gray;19;#4C4C4C;1997;CO;Jahresmenge;t/a;23067.08778509186;Ostluft & BAFU
Verkehr;verschiedene;Gray;20;#7F7F7F;1997;CO;Jahresmenge;t/a;2928.163442205665;Ostluft & BAFU
Dienstleistungen;verschiedene;Gold;1;#A67C00;1997;NH3;Jahresmenge;t/a;6.083128108185989;Ostluft & BAFU
Haushalte;verschiedene;Green;5;#4A6E67;1997;NH3;Jahresmenge;t/a;97.76673627314779;Ostluft & BAFU
Industrie;verschiedene;Blue;10;#2B4577;1997;NH3;Jahresmenge;t/a;93.18023392331796;Ostluft & BAFU
Land- und Forstw.;Hofdüngerausbringung & Weiden;Purple;15;#651EA6;1997;NH3;Jahresmenge;t/a;1814.9871543881786;Ostluft & BAFU
Land- und Forstw.;Stall-Laufhof & Hofdünger-Lager;Purple;16;#9142D3;1997;NH3;Jahresmenge;t/a;1179.293070103612;Ostluft & BAFU
Land- und Forstw.;Landw. Nutzflächen;Purple;17;#C77DFF;1997;NH3;Jahresmenge;t/a;290.40861409157515;Ostluft & BAFU
Land- und Forstw.;verschiedene;Purple;14;#3C096C;1997;NH3;Jahresmenge;t/a;6.173372855881868;Ostluft & BAFU
Verkehr;Strassenverkehr;Gray;18;#1A1A1A;1997;NH3;Jahresmenge;t/a;458.02804018983835;Ostluft & BAFU
Verkehr;verschiedene;Gray;20;#7F7F7F;1997;NH3;Jahresmenge;t/a;0.03877476375464534;Ostluft & BAFU
Dienstleistungen;verschiedene;Gold;1;#A67C00;1997;NMVOC;Jahresmenge;t/a;470.9172422084956;Ostluft & BAFU
Haushalte;Lösungsmittel;Green;6;#6B917D;1997;NMVOC;Jahresmenge;t/a;2436.1413388896003;Ostluft & BAFU
Haushalte;verschiedene;Green;5;#4A6E67;1997;NMVOC;Jahresmenge;t/a;809.2737887783567;Ostluft & BAFU
Industrie;Lösungsmittel;Blue;9;#293961;1997;NMVOC;Jahresmenge;t/a;10275.720238497584;Ostluft & BAFU
Industrie;verschiedene;Blue;10;#2B4577;1997;NMVOC;Jahresmenge;t/a;2952.227037727414;Ostluft & BAFU
Industrie;Flächenquellen;Blue;11;#5A709E;1997;NMVOC;Jahresmenge;t/a;2291.901679752745;Ostluft & BAFU
Land- und Forstw.;verschiedene;Purple;14;#3C096C;1997;NMVOC;Jahresmenge;t/a;1076.3112488275451;Ostluft & BAFU
Verkehr;Zonenverkehr;Gray;19;#4C4C4C;1997;NMVOC;Jahresmenge;t/a;7516.626979206069;Ostluft & BAFU
Verkehr;Strassenverkehr;Gray;18;#1A1A1A;1997;NMVOC;Jahresmenge;t/a;4554.559899580055;Ostluft & BAFU
Verkehr;verschiedene;Gray;20;#7F7F7F;1997;NMVOC;Jahresmenge;t/a;528.3698378448412;Ostluft & BAFU
natürl. Emissionen;Wälder;natural;23;#636B2F;1997;NMVOC;Jahresmenge;t/a;4292.791981103365;Ostluft & BAFU
Dienstleistungen;Feuerungen Öl & Gas;Gold;2;#FFBF00;1997;NOx;Jahresmenge;t/a;887.8398749735211;Ostluft & BAFU
Dienstleistungen;verschiedene;Gold;1;#A67C00;1997;NOx;Jahresmenge;t/a;99.2212603855059;Ostluft & BAFU
Haushalte;Feuerungen Öl & Gas;Green;7;#95B39A;1997;NOx;Jahresmenge;t/a;966.3116520705734;Ostluft & BAFU
Haushalte;verschiedene;Green;5;#4A6E67;1997;NOx;Jahresmenge;t/a;169.9566387798423;Ostluft & BAFU
Industrie;verschiedene;Blue;10;#2B4577;1997;NOx;Jahresmenge;t/a;1849.925705943986;Ostluft & BAFU
Land- und Forstw.;verschiedene;Purple;14;#3C096C;1997;NOx;Jahresmenge;t/a;636.8026688520765;Ostluft & BAFU
Verkehr;Strassenverkehr;Gray;18;#1A1A1A;1997;NOx;Jahresmenge;t/a;8839.66963358429;Ostluft & BAFU
Verkehr;Flugverkehr;Gray;21;#B2B2B2;1997;NOx;Jahresmenge;t/a;1011.1542533887063;Ostluft & BAFU
Verkehr;verschiedene;Gray;20;#7F7F7F;1997;NOx;Jahresmenge;t/a;484.6510323811762;Ostluft & BAFU
Dienstleistungen;Feuerungen Holz & Kohle;Gold;3;#FFD447;1997;PM10;Jahresmenge;t/a;277.4650996560449;Ostluft & BAFU
Dienstleistungen;verschiedene;Gold;1;#A67C00;1997;PM10;Jahresmenge;t/a;8.74862387604072;Ostluft & BAFU
Haushalte;Feuerungen Holz & Kohle;Green;4;#354F52;1997;PM10;Jahresmenge;t/a;840.7802188419156;Ostluft & BAFU
Haushalte;verschiedene;Green;5;#4A6E67;1997;PM10;Jahresmenge;t/a;158.58248216184307;Ostluft & BAFU
Industrie;Baumaschinen;Blue;12;#9EAACC;1997;PM10;Jahresmenge;t/a;264.6236113678897;Ostluft & BAFU
Industrie;Flächenquellen;Blue;11;#5A709E;1997;PM10;Jahresmenge;t/a;261.3136725395598;Ostluft & BAFU
Industrie;verschiedene;Blue;10;#2B4577;1997;PM10;Jahresmenge;t/a;102.78269718119785;Ostluft & BAFU
Land- und Forstw.;verschiedene;Purple;14;#3C096C;1997;PM10;Jahresmenge;t/a;267.8979409766673;Ostluft & BAFU
Verkehr;Strassenverkehr;Gray;18;#1A1A1A;1997;PM10;Jahresmenge;t/a;677.3710542644352;Ostluft & BAFU
Verkehr;Schienenverkehr;Gray;22;#E5E5E5;1997;PM10;Jahresmenge;t/a;90.68752793711614;Ostluft & BAFU
Verkehr;verschiedene;Gray;20;#7F7F7F;1997;PM10;Jahresmenge;t/a;66.59330266706282;Ostluft & BAFU
Dienstleistungen;Feuerungen Holz & Kohle;Gold;3;#FFD447;1997;PM2.5;Jahresmenge;t/a;262.6939216882239;Ostluft & BAFU
Dienstleistungen;verschiedene;Gold;1;#A67C00;1997;PM2.5;Jahresmenge;t/a;8.74862387604072;Ostluft & BAFU
Haushalte;Feuerungen Holz & Kohle;Green;4;#354F52;1997;PM2.5;Jahresmenge;t/a;796.3225215079731;Ostluft & BAFU
Haushalte;Private etc;Green;8;#CAD2C5;1997;PM2.5;Jahresmenge;t/a;98.37837299269506;Ostluft & BAFU
Haushalte;verschiedene;Green;5;#4A6E67;1997;PM2.5;Jahresmenge;t/a;15.762828661539835;Ostluft & BAFU
Industrie;Flächenquellen;Blue;11;#5A709E;1997;PM2.5;Jahresmenge;t/a;171.69388965846528;Ostluft & BAFU
Industrie;verschiedene;Blue;10;#2B4577;1997;PM2.5;Jahresmenge;t/a;155.90369806677955;Ostluft & BAFU
Land- und Forstw.;verschiedene;Purple;14;#3C096C;1997;PM2.5;Jahresmenge;t/a;145.1626120535471;Ostluft & BAFU
Verkehr;Strassenverkehr;Gray;18;#1A1A1A;1997;PM2.5;Jahresmenge;t/a;459.62615856642765;Ostluft & BAFU
Verkehr;verschiedene;Gray;20;#7F7F7F;1997;PM2.5;Jahresmenge;t/a;83.46570707331021;Ostluft & BAFU
Dienstleistungen;Feuerungen Öl & Gas;Gold;2;#FFBF00;1997;SO2;Jahresmenge;t/a;600.6362825496335;Ostluft & BAFU
Dienstleistungen;verschiedene;Gold;1;#A67C00;1997;SO2;Jahresmenge;t/a;7.169334069053072;Ostluft & BAFU
Haushalte;Feuerungen Öl & Gas;Green;7;#95B39A;1997;SO2;Jahresmenge;t/a;849.6257287186141;Ostluft & BAFU
Haushalte;verschiedene;Green;5;#4A6E67;1997;SO2;Jahresmenge;t/a;25.995198506441177;Ostluft & BAFU
Industrie;Flächenquellen;Blue;11;#5A709E;1997;SO2;Jahresmenge;t/a;400.6397209254789;Ostluft & BAFU
Industrie;Kehrichtverbrennungsanlagen;Blue;13;#E3E4FA;1997;SO2;Jahresmenge;t/a;183.191393294346;Ostluft & BAFU
Industrie;verschiedene;Blue;10;#2B4577;1997;SO2;Jahresmenge;t/a;24.21212699202828;Ostluft & BAFU
Land- und Forstw.;verschiedene;Purple;14;#3C096C;1997;SO2;Jahresmenge;t/a;25.6987150507134;Ostluft & BAFU
Verkehr;Strassenverkehr;Gray;18;#1A1A1A;1997;SO2;Jahresmenge;t/a;291.0239652811469;Ostluft & BAFU
Verkehr;Flugverkehr;Gray;21;#B2B2B2;1997;SO2;Jahresmenge;t/a;92.50286600000001;Ostluft & BAFU
Verkehr;verschiedene;Gray;20;#7F7F7F;1997;SO2;Jahresmenge;t/a;11.90719057045062;Ostluft & BAFU
Dienstleistungen;Feuerungen Holz & Kohle;Gold;3;#FFD447;1997;eBC;Jahresmenge;t/a;58.19666127421069;Ostluft & BAFU
Dienstleistungen;verschiedene;Gold;1;#A67C00;1997;eBC;Jahresmenge;t/a;0.5074673578844928;Ostluft & BAFU
Haushalte;Feuerungen Holz & Kohle;Green;4;#354F52;1997;eBC;Jahresmenge;t/a;194.1913559995155;Ostluft & BAFU
Haushalte;verschiedene;Green;5;#4A6E67;1997;eBC;Jahresmenge;t/a;4.725579472338695;Ostluft & BAFU
Industrie;verschiedene;Blue;10;#2B4577;1997;eBC;Jahresmenge;t/a;47.872613982210936;Ostluft & BAFU
Land- und Forstw.;verschiedene;Purple;14;#3C096C;1997;eBC;Jahresmenge;t/a;28.54155380257257;Ostluft & BAFU
Verkehr;Strassenverkehr;Gray;18;#1A1A1A;1997;eBC;Jahresmenge;t/a;191.91286989086385;Ostluft & BAFU
Verkehr;verschiedene;Gray;20;#7F7F7F;1997;eBC;Jahresmenge;t/a;34.66454251599985;Ostluft & BAFU
Dienstleistungen;verschiedene;Gold;1;#A67C00;1998;CO;Jahresmenge;t/a;3169.4112548807407;Ostluft & BAFU
Haushalte;Feuerungen Holz & Kohle;Green;4;#354F52;1998;CO;Jahresmenge;t/a;6740.466879018114;Ostluft & BAFU
Haushalte;verschiedene;Green;5;#4A6E67;1998;CO;Jahresmenge;t/a;1303.7607147338235;Ostluft & BAFU
Industrie;verschiedene;Blue;10;#2B4577;1998;CO;Jahresmenge;t/a;2356.7552840597837;Ostluft & BAFU
Land- und Forstw.;verschiedene;Purple;14;#3C096C;1998;CO;Jahresmenge;t/a;2053.3511448699364;Ostluft & BAFU
Verkehr;Strassenverkehr;Gray;18;#1A1A1A;1998;CO;Jahresmenge;t/a;30637.533382236845;Ostluft & BAFU
Verkehr;Zonenverkehr;Gray;19;#4C4C4C;1998;CO;Jahresmenge;t/a;21924.992062448553;Ostluft & BAFU
Verkehr;verschiedene;Gray;20;#7F7F7F;1998;CO;Jahresmenge;t/a;2829.4803879799874;Ostluft & BAFU
Dienstleistungen;verschiedene;Gold;1;#A67C00;1998;NH3;Jahresmenge;t/a;6.6768310917367355;Ostluft & BAFU
Haushalte;verschiedene;Green;5;#4A6E67;1998;NH3;Jahresmenge;t/a;98.2351878145653;Ostluft & BAFU
Industrie;verschiedene;Blue;10;#2B4577;1998;NH3;Jahresmenge;t/a;93.4548149257371;Ostluft & BAFU
Land- und Forstw.;Hofdüngerausbringung & Weiden;Purple;15;#651EA6;1998;NH3;Jahresmenge;t/a;1755.42737908661;Ostluft & BAFU
Land- und Forstw.;Stall-Laufhof & Hofdünger-Lager;Purple;16;#9142D3;1998;NH3;Jahresmenge;t/a;1216.5509530300333;Ostluft & BAFU
Land- und Forstw.;Landw. Nutzflächen;Purple;17;#C77DFF;1998;NH3;Jahresmenge;t/a;269.36887332703924;Ostluft & BAFU
Land- und Forstw.;verschiedene;Purple;14;#3C096C;1998;NH3;Jahresmenge;t/a;3.2411869772557025;Ostluft & BAFU
Verkehr;Strassenverkehr;Gray;18;#1A1A1A;1998;NH3;Jahresmenge;t/a;493.41055463391;Ostluft & BAFU
Verkehr;verschiedene;Gray;20;#7F7F7F;1998;NH3;Jahresmenge;t/a;0.039682449167230446;Ostluft & BAFU
Dienstleistungen;verschiedene;Gold;1;#A67C00;1998;NMVOC;Jahresmenge;t/a;491.02048753404245;Ostluft & BAFU
Haushalte;Lösungsmittel;Green;6;#6B917D;1998;NMVOC;Jahresmenge;t/a;2352.7497579037463;Ostluft & BAFU
Haushalte;verschiedene;Green;5;#4A6E67;1998;NMVOC;Jahresmenge;t/a;798.5439502222473;Ostluft & BAFU
Industrie;Lösungsmittel;Blue;9;#293961;1998;NMVOC;Jahresmenge;t/a;9264.819044865684;Ostluft & BAFU
Industrie;verschiedene;Blue;10;#2B4577;1998;NMVOC;Jahresmenge;t/a;2765.866778647883;Ostluft & BAFU
Industrie;Flächenquellen;Blue;11;#5A709E;1998;NMVOC;Jahresmenge;t/a;2073.7395705977688;Ostluft & BAFU
Land- und Forstw.;verschiedene;Purple;14;#3C096C;1998;NMVOC;Jahresmenge;t/a;1037.5180193956007;Ostluft & BAFU
Verkehr;Zonenverkehr;Gray;19;#4C4C4C;1998;NMVOC;Jahresmenge;t/a;7177.365399133675;Ostluft & BAFU
Verkehr;Strassenverkehr;Gray;18;#1A1A1A;1998;NMVOC;Jahresmenge;t/a;4348.9906738701075;Ostluft & BAFU
Verkehr;verschiedene;Gray;20;#7F7F7F;1998;NMVOC;Jahresmenge;t/a;528.0489659281158;Ostluft & BAFU
natürl. Emissionen;Wälder;natural;23;#636B2F;1998;NMVOC;Jahresmenge;t/a;4292.791981103365;Ostluft & BAFU
Dienstleistungen;Feuerungen Öl & Gas;Gold;2;#FFBF00;1998;NOx;Jahresmenge;t/a;918.3081690798281;Ostluft & BAFU
Dienstleistungen;verschiedene;Gold;1;#A67C00;1998;NOx;Jahresmenge;t/a;106.45686001639119;Ostluft & BAFU
Haushalte;Feuerungen Öl & Gas;Green;7;#95B39A;1998;NOx;Jahresmenge;t/a;959.1502087950705;Ostluft & BAFU
Haushalte;verschiedene;Green;5;#4A6E67;1998;NOx;Jahresmenge;t/a;171.68992490820068;Ostluft & BAFU
Industrie;verschiedene;Blue;10;#2B4577;1998;NOx;Jahresmenge;t/a;1865.5018573941145;Ostluft & BAFU
Land- und Forstw.;verschiedene;Purple;14;#3C096C;1998;NOx;Jahresmenge;t/a;628.1701013095031;Ostluft & BAFU
Verkehr;Strassenverkehr;Gray;18;#1A1A1A;1998;NOx;Jahresmenge;t/a;8782.075576530178;Ostluft & BAFU
Verkehr;Flugverkehr;Gray;21;#B2B2B2;1998;NOx;Jahresmenge;t/a;1065.6020970414665;Ostluft & BAFU
Verkehr;verschiedene;Gray;20;#7F7F7F;1998;NOx;Jahresmenge;t/a;492.3793464244739;Ostluft & BAFU
Dienstleistungen;Feuerungen Holz & Kohle;Gold;3;#FFD447;1998;PM10;Jahresmenge;t/a;279.38289356088376;Ostluft & BAFU
Dienstleistungen;verschiedene;Gold;1;#A67C00;1998;PM10;Jahresmenge;t/a;9.861109358656682;Ostluft & BAFU
Haushalte;Feuerungen Holz & Kohle;Green;4;#354F52;1998;PM10;Jahresmenge;t/a;801.8094101825847;Ostluft & BAFU
Haushalte;verschiedene;Green;5;#4A6E67;1998;PM10;Jahresmenge;t/a;171.23348201135593;Ostluft & BAFU
Industrie;Flächenquellen;Blue;11;#5A709E;1998;PM10;Jahresmenge;t/a;271.5362513132896;Ostluft & BAFU
Industrie;Baumaschinen;Blue;12;#9EAACC;1998;PM10;Jahresmenge;t/a;265.1015056258766;Ostluft & BAFU
Industrie;verschiedene;Blue;10;#2B4577;1998;PM10;Jahresmenge;t/a;92.02343172606884;Ostluft & BAFU
Land- und Forstw.;verschiedene;Purple;14;#3C096C;1998;PM10;Jahresmenge;t/a;185.6086754544273;Ostluft & BAFU
Verkehr;Strassenverkehr;Gray;18;#1A1A1A;1998;PM10;Jahresmenge;t/a;677.6214612866887;Ostluft & BAFU
Verkehr;Schienenverkehr;Gray;22;#E5E5E5;1998;PM10;Jahresmenge;t/a;96.52933609741739;Ostluft & BAFU
Verkehr;verschiedene;Gray;20;#7F7F7F;1998;PM10;Jahresmenge;t/a;63.899387741493264;Ostluft & BAFU
Dienstleistungen;Feuerungen Holz & Kohle;Gold;3;#FFD447;1998;PM2.5;Jahresmenge;t/a;264.4458355427233;Ostluft & BAFU
Dienstleistungen;verschiedene;Gold;1;#A67C00;1998;PM2.5;Jahresmenge;t/a;9.861109358656682;Ostluft & BAFU
Haushalte;Feuerungen Holz & Kohle;Green;4;#354F52;1998;PM2.5;Jahresmenge;t/a;759.3508455105621;Ostluft & BAFU
Haushalte;Private etc;Green;8;#CAD2C5;1998;PM2.5;Jahresmenge;t/a;100.4192459493595;Ostluft & BAFU
Haushalte;verschiedene;Green;5;#4A6E67;1998;PM2.5;Jahresmenge;t/a;22.75878213885398;Ostluft & BAFU
Industrie;Flächenquellen;Blue;11;#5A709E;1998;PM2.5;Jahresmenge;t/a;180.44022527192644;Ostluft & BAFU
Industrie;verschiedene;Blue;10;#2B4577;1998;PM2.5;Jahresmenge;t/a;148.53423909206143;Ostluft & BAFU
Land- und Forstw.;verschiedene;Purple;14;#3C096C;1998;PM2.5;Jahresmenge;t/a;76.14328303244294;Ostluft & BAFU
Verkehr;Strassenverkehr;Gray;18;#1A1A1A;1998;PM2.5;Jahresmenge;t/a;455.36296493505216;Ostluft & BAFU
Verkehr;verschiedene;Gray;20;#7F7F7F;1998;PM2.5;Jahresmenge;t/a;81.70905230195602;Ostluft & BAFU
Dienstleistungen;Feuerungen Öl & Gas;Gold;2;#FFBF00;1998;SO2;Jahresmenge;t/a;558.2196502675087;Ostluft & BAFU
Dienstleistungen;verschiedene;Gold;1;#A67C00;1998;SO2;Jahresmenge;t/a;7.397356530324243;Ostluft & BAFU
Haushalte;Feuerungen Öl & Gas;Green;7;#95B39A;1998;SO2;Jahresmenge;t/a;743.8565536305649;Ostluft & BAFU
Haushalte;verschiedene;Green;5;#4A6E67;1998;SO2;Jahresmenge;t/a;23.824288437531095;Ostluft & BAFU
Industrie;Flächenquellen;Blue;11;#5A709E;1998;SO2;Jahresmenge;t/a;558.2277285230232;Ostluft & BAFU
Industrie;Kehrichtverbrennungsanlagen;Blue;13;#E3E4FA;1998;SO2;Jahresmenge;t/a;163.44530023845152;Ostluft & BAFU
Industrie;verschiedene;Blue;10;#2B4577;1998;SO2;Jahresmenge;t/a;25.400930787889624;Ostluft & BAFU
Land- und Forstw.;verschiedene;Purple;14;#3C096C;1998;SO2;Jahresmenge;t/a;20.926200191796664;Ostluft & BAFU
Verkehr;Strassenverkehr;Gray;18;#1A1A1A;1998;SO2;Jahresmenge;t/a;305.97200310399046;Ostluft & BAFU
Verkehr;Flugverkehr;Gray;21;#B2B2B2;1998;SO2;Jahresmenge;t/a;96.43773100000001;Ostluft & BAFU
Verkehr;verschiedene;Gray;20;#7F7F7F;1998;SO2;Jahresmenge;t/a;12.3605537370416;Ostluft & BAFU
Dienstleistungen;Feuerungen Holz & Kohle;Gold;3;#FFD447;1998;eBC;Jahresmenge;t/a;58.740136892261965;Ostluft & BAFU
Dienstleistungen;verschiedene;Gold;1;#A67C00;1998;eBC;Jahresmenge;t/a;0.5805296065597214;Ostluft & BAFU
Haushalte;Feuerungen Holz & Kohle;Green;4;#354F52;1998;eBC;Jahresmenge;t/a;187.67318687986693;Ostluft & BAFU
Haushalte;verschiedene;Green;5;#4A6E67;1998;eBC;Jahresmenge;t/a;4.835595533856621;Ostluft & BAFU
Industrie;verschiedene;Blue;10;#2B4577;1998;eBC;Jahresmenge;t/a;48.16480115761484;Ostluft & BAFU
Land- und Forstw.;verschiedene;Purple;14;#3C096C;1998;eBC;Jahresmenge;t/a;22.312066383175537;Ostluft & BAFU
Verkehr;Strassenverkehr;Gray;18;#1A1A1A;1998;eBC;Jahresmenge;t/a;190.37751171158203;Ostluft & BAFU
Verkehr;verschiedene;Gray;20;#7F7F7F;1998;eBC;Jahresmenge;t/a;33.696078768431114;Ostluft & BAFU
Dienstleistungen;verschiedene;Gold;1;#A67C00;1999;CO;Jahresmenge;t/a;3157.5488453674766;Ostluft & BAFU
Haushalte;Feuerungen Holz & Kohle;Green;4;#354F52;1999;CO;Jahresmenge;t/a;6410.740048082079;Ostluft & BAFU
Haushalte;verschiedene;Green;5;#4A6E67;1999;CO;Jahresmenge;t/a;1286.7740222741013;Ostluft & BAFU
Industrie;verschiedene;Blue;10;#2B4577;1999;CO;Jahresmenge;t/a;2374.7267296267783;Ostluft & BAFU
Land- und Forstw.;verschiedene;Purple;14;#3C096C;1999;CO;Jahresmenge;t/a;1988.1253557975213;Ostluft & BAFU
Verkehr;Strassenverkehr;Gray;18;#1A1A1A;1999;CO;Jahresmenge;t/a;29195.693149504437;Ostluft & BAFU
Verkehr;Zonenverkehr;Gray;19;#4C4C4C;1999;CO;Jahresmenge;t/a;20893.174805374412;Ostluft & BAFU
Verkehr;verschiedene;Gray;20;#7F7F7F;1999;CO;Jahresmenge;t/a;2773.4426456019582;Ostluft & BAFU
Dienstleistungen;verschiedene;Gold;1;#A67C00;1999;NH3;Jahresmenge;t/a;7.029738252256537;Ostluft & BAFU
Haushalte;verschiedene;Green;5;#4A6E67;1999;NH3;Jahresmenge;t/a;102.0479425129223;Ostluft & BAFU
Industrie;verschiedene;Blue;10;#2B4577;1999;NH3;Jahresmenge;t/a;95.91083110353964;Ostluft & BAFU
Land- und Forstw.;Hofdüngerausbringung & Weiden;Purple;15;#651EA6;1999;NH3;Jahresmenge;t/a;1676.9476879455888;Ostluft & BAFU
Land- und Forstw.;Stall-Laufhof & Hofdünger-Lager;Purple;16;#9142D3;1999;NH3;Jahresmenge;t/a;1235.71108448692;Ostluft & BAFU
Land- und Forstw.;Landw. Nutzflächen;Purple;17;#C77DFF;1999;NH3;Jahresmenge;t/a;279.7021005535498;Ostluft & BAFU
Land- und Forstw.;verschiedene;Purple;14;#3C096C;1999;NH3;Jahresmenge;t/a;2.7974694143248833;Ostluft & BAFU
Verkehr;Strassenverkehr;Gray;18;#1A1A1A;1999;NH3;Jahresmenge;t/a;525.0363586289017;Ostluft & BAFU
Verkehr;verschiedene;Gray;20;#7F7F7F;1999;NH3;Jahresmenge;t/a;0.040592821419522834;Ostluft & BAFU
Dienstleistungen;verschiedene;Gold;1;#A67C00;1999;NMVOC;Jahresmenge;t/a;492.71118604722494;Ostluft & BAFU
Haushalte;Lösungsmittel;Green;6;#6B917D;1999;NMVOC;Jahresmenge;t/a;2251.4858435845217;Ostluft & BAFU
Haushalte;verschiedene;Green;5;#4A6E67;1999;NMVOC;Jahresmenge;t/a;769.6478056675357;Ostluft & BAFU
Industrie;Lösungsmittel;Blue;9;#293961;1999;NMVOC;Jahresmenge;t/a;8869.336620279706;Ostluft & BAFU
Industrie;verschiedene;Blue;10;#2B4577;1999;NMVOC;Jahresmenge;t/a;2560.8476683317035;Ostluft & BAFU
Industrie;Flächenquellen;Blue;11;#5A709E;1999;NMVOC;Jahresmenge;t/a;1814.146083379541;Ostluft & BAFU
Land- und Forstw.;verschiedene;Purple;14;#3C096C;1999;NMVOC;Jahresmenge;t/a;1034.0885286573262;Ostluft & BAFU
Verkehr;Zonenverkehr;Gray;19;#4C4C4C;1999;NMVOC;Jahresmenge;t/a;6886.561323687471;Ostluft & BAFU
Verkehr;Strassenverkehr;Gray;18;#1A1A1A;1999;NMVOC;Jahresmenge;t/a;4172.783369140768;Ostluft & BAFU
Verkehr;verschiedene;Gray;20;#7F7F7F;1999;NMVOC;Jahresmenge;t/a;536.491112321706;Ostluft & BAFU
natürl. Emissionen;Wälder;natural;23;#636B2F;1999;NMVOC;Jahresmenge;t/a;4292.791981103365;Ostluft & BAFU
Dienstleistungen;Feuerungen Öl & Gas;Gold;2;#FFBF00;1999;NOx;Jahresmenge;t/a;826.2876814311604;Ostluft & BAFU
Dienstleistungen;verschiedene;Gold;1;#A67C00;1999;NOx;Jahresmenge;t/a;111.37610210432477;Ostluft & BAFU
Haushalte;Feuerungen Öl & Gas;Green;7;#95B39A;1999;NOx;Jahresmenge;t/a;900.7087992552595;Ostluft & BAFU
Haushalte;verschiedene;Green;5;#4A6E67;1999;NOx;Jahresmenge;t/a;170.66067349866836;Ostluft & BAFU
Industrie;verschiedene;Blue;10;#2B4577;1999;NOx;Jahresmenge;t/a;1753.959920182286;Ostluft & BAFU
Land- und Forstw.;verschiedene;Purple;14;#3C096C;1999;NOx;Jahresmenge;t/a;625.5124856984866;Ostluft & BAFU
Verkehr;Strassenverkehr;Gray;18;#1A1A1A;1999;NOx;Jahresmenge;t/a;8763.805987207079;Ostluft & BAFU
Verkehr;Flugverkehr;Gray;21;#B2B2B2;1999;NOx;Jahresmenge;t/a;1150.1988860381812;Ostluft & BAFU
Verkehr;verschiedene;Gray;20;#7F7F7F;1999;NOx;Jahresmenge;t/a;501.15029892454925;Ostluft & BAFU
Dienstleistungen;Feuerungen Holz & Kohle;Gold;3;#FFD447;1999;PM10;Jahresmenge;t/a;273.1171317390728;Ostluft & BAFU
Dienstleistungen;verschiedene;Gold;1;#A67C00;1999;PM10;Jahresmenge;t/a;10.245983900221725;Ostluft & BAFU
Haushalte;Feuerungen Holz & Kohle;Green;4;#354F52;1999;PM10;Jahresmenge;t/a;742.1881288737931;Ostluft & BAFU
Haushalte;verschiedene;Green;5;#4A6E67;1999;PM10;Jahresmenge;t/a;187.15013210929564;Ostluft & BAFU
Industrie;Baumaschinen;Blue;12;#9EAACC;1999;PM10;Jahresmenge;t/a;265.9002030879492;Ostluft & BAFU
Industrie;Flächenquellen;Blue;11;#5A709E;1999;PM10;Jahresmenge;t/a;254.37624953202618;Ostluft & BAFU
Industrie;verschiedene;Blue;10;#2B4577;1999;PM10;Jahresmenge;t/a;82.46601309436927;Ostluft & BAFU
Land- und Forstw.;verschiedene;Purple;14;#3C096C;1999;PM10;Jahresmenge;t/a;171.01479402191134;Ostluft & BAFU
Verkehr;Strassenverkehr;Gray;18;#1A1A1A;1999;PM10;Jahresmenge;t/a;682.3466888330838;Ostluft & BAFU
Verkehr;Schienenverkehr;Gray;22;#E5E5E5;1999;PM10;Jahresmenge;t/a;99.66754289367235;Ostluft & BAFU
Verkehr;verschiedene;Gray;20;#7F7F7F;1999;PM10;Jahresmenge;t/a;61.95693317986067;Ostluft & BAFU
Dienstleistungen;Feuerungen Holz & Kohle;Gold;3;#FFD447;1999;PM2.5;Jahresmenge;t/a;258.4504012553772;Ostluft & BAFU
Dienstleistungen;verschiedene;Gold;1;#A67C00;1999;PM2.5;Jahresmenge;t/a;10.245983900221725;Ostluft & BAFU
Haushalte;Feuerungen Holz & Kohle;Green;4;#354F52;1999;PM2.5;Jahresmenge;t/a;702.8214296130317;Ostluft & BAFU
Haushalte;Private etc;Green;8;#CAD2C5;1999;PM2.5;Jahresmenge;t/a;98.72280068639144;Ostluft & BAFU
Haushalte;verschiedene;Green;5;#4A6E67;1999;PM2.5;Jahresmenge;t/a;30.5464467648078;Ostluft & BAFU
Industrie;Flächenquellen;Blue;11;#5A709E;1999;PM2.5;Jahresmenge;t/a;165.71317095936323;Ostluft & BAFU
Industrie;verschiedene;Blue;10;#2B4577;1999;PM2.5;Jahresmenge;t/a;142.21507127447188;Ostluft & BAFU
Land- und Forstw.;verschiedene;Purple;14;#3C096C;1999;PM2.5;Jahresmenge;t/a;64.0546200495787;Ostluft & BAFU
Verkehr;Strassenverkehr;Gray;18;#1A1A1A;1999;PM2.5;Jahresmenge;t/a;455.00162849805855;Ostluft & BAFU
Verkehr;verschiedene;Gray;20;#7F7F7F;1999;PM2.5;Jahresmenge;t/a;80.30160715578654;Ostluft & BAFU
Dienstleistungen;Feuerungen Öl & Gas;Gold;2;#FFBF00;1999;SO2;Jahresmenge;t/a;408.8421556514363;Ostluft & BAFU
Dienstleistungen;verschiedene;Gold;1;#A67C00;1999;SO2;Jahresmenge;t/a;7.478785595841369;Ostluft & BAFU
Haushalte;Feuerungen Öl & Gas;Green;7;#95B39A;1999;SO2;Jahresmenge;t/a;573.2164548385825;Ostluft & BAFU
Haushalte;verschiedene;Green;5;#4A6E67;1999;SO2;Jahresmenge;t/a;23.887033901565246;Ostluft & BAFU
Industrie;Flächenquellen;Blue;11;#5A709E;1999;SO2;Jahresmenge;t/a;334.42009867649176;Ostluft & BAFU
Industrie;Kehrichtverbrennungsanlagen;Blue;13;#E3E4FA;1999;SO2;Jahresmenge;t/a;146.85671338705922;Ostluft & BAFU
Industrie;verschiedene;Blue;10;#2B4577;1999;SO2;Jahresmenge;t/a;25.470301037892256;Ostluft & BAFU
Land- und Forstw.;verschiedene;Purple;14;#3C096C;1999;SO2;Jahresmenge;t/a;17.483103471502407;Ostluft & BAFU
Verkehr;Strassenverkehr;Gray;18;#1A1A1A;1999;SO2;Jahresmenge;t/a;306.21284964990974;Ostluft & BAFU
Verkehr;Flugverkehr;Gray;21;#B2B2B2;1999;SO2;Jahresmenge;t/a;103.02314500000003;Ostluft & BAFU
Verkehr;verschiedene;Gray;20;#7F7F7F;1999;SO2;Jahresmenge;t/a;12.063372225051328;Ostluft & BAFU
Dienstleistungen;Feuerungen Holz & Kohle;Gold;3;#FFD447;1999;eBC;Jahresmenge;t/a;57.52785785434384;Ostluft & BAFU
Dienstleistungen;verschiedene;Gold;1;#A67C00;1999;eBC;Jahresmenge;t/a;0.6154575590108464;Ostluft & BAFU
Haushalte;Feuerungen Holz & Kohle;Green;4;#354F52;1999;eBC;Jahresmenge;t/a;176.0451405444765;Ostluft & BAFU
Haushalte;verschiedene;Green;5;#4A6E67;1999;eBC;Jahresmenge;t/a;4.804907771821016;Ostluft & BAFU
Industrie;verschiedene;Blue;10;#2B4577;1999;eBC;Jahresmenge;t/a;46.4963412280353;Ostluft & BAFU
Land- und Forstw.;verschiedene;Purple;14;#3C096C;1999;eBC;Jahresmenge;t/a;21.165021512014544;Ostluft & BAFU
Verkehr;Strassenverkehr;Gray;18;#1A1A1A;1999;eBC;Jahresmenge;t/a;191.37621439817417;Ostluft & BAFU
Verkehr;verschiedene;Gray;20;#7F7F7F;1999;eBC;Jahresmenge;t/a;33.12326592396854;Ostluft & BAFU
Dienstleistungen;verschiedene;Gold;1;#A67C00;2000;CO;Jahresmenge;t/a;2975.1404321848045;Ostluft & BAFU
Haushalte;Feuerungen Holz & Kohle;Green;4;#354F52;2000;CO;Jahresmenge;t/a;5620.189513519874;Ostluft & BAFU
Haushalte;verschiedene;Green;5;#4A6E67;2000;CO;Jahresmenge;t/a;1247.1879545986117;Ostluft & BAFU
Industrie;verschiedene;Blue;10;#2B4577;2000;CO;Jahresmenge;t/a;2342.689680385936;Ostluft & BAFU
Land- und Forstw.;verschiedene;Purple;14;#3C096C;2000;CO;Jahresmenge;t/a;1945.7631337487624;Ostluft & BAFU
Verkehr;Strassenverkehr;Gray;18;#1A1A1A;2000;CO;Jahresmenge;t/a;27813.064344814098;Ostluft & BAFU
Verkehr;Zonenverkehr;Gray;19;#4C4C4C;2000;CO;Jahresmenge;t/a;19903.730740477073;Ostluft & BAFU
Verkehr;verschiedene;Gray;20;#7F7F7F;2000;CO;Jahresmenge;t/a;2678.7643710572834;Ostluft & BAFU
Dienstleistungen;verschiedene;Gold;1;#A67C00;2000;NH3;Jahresmenge;t/a;6.974811222421859;Ostluft & BAFU
Haushalte;verschiedene;Green;5;#4A6E67;2000;NH3;Jahresmenge;t/a;101.8259178333841;Ostluft & BAFU
Industrie;verschiedene;Blue;10;#2B4577;2000;NH3;Jahresmenge;t/a;99.46953099231263;Ostluft & BAFU
Land- und Forstw.;Hofdüngerausbringung & Weiden;Purple;15;#651EA6;2000;NH3;Jahresmenge;t/a;1610.855575206866;Ostluft & BAFU
Land- und Forstw.;Stall-Laufhof & Hofdünger-Lager;Purple;16;#9142D3;2000;NH3;Jahresmenge;t/a;1252.2089837361068;Ostluft & BAFU
Land- und Forstw.;Landw. Nutzflächen;Purple;17;#C77DFF;2000;NH3;Jahresmenge;t/a;278.4199651796371;Ostluft & BAFU
Land- und Forstw.;verschiedene;Purple;14;#3C096C;2000;NH3;Jahresmenge;t/a;2.9622295915815187;Ostluft & BAFU
Verkehr;Strassenverkehr;Gray;18;#1A1A1A;2000;NH3;Jahresmenge;t/a;696.1711428881639;Ostluft & BAFU
Verkehr;verschiedene;Gray;20;#7F7F7F;2000;NH3;Jahresmenge;t/a;0.041505881972625516;Ostluft & BAFU
Dienstleistungen;verschiedene;Gold;1;#A67C00;2000;NMVOC;Jahresmenge;t/a;482.4414886872295;Ostluft & BAFU
Haushalte;Lösungsmittel;Green;6;#6B917D;2000;NMVOC;Jahresmenge;t/a;2151.2680870926692;Ostluft & BAFU
Haushalte;verschiedene;Green;5;#4A6E67;2000;NMVOC;Jahresmenge;t/a;696.8570345063503;Ostluft & BAFU
Industrie;Lösungsmittel;Blue;9;#293961;2000;NMVOC;Jahresmenge;t/a;8381.79312270089;Ostluft & BAFU
Industrie;verschiedene;Blue;10;#2B4577;2000;NMVOC;Jahresmenge;t/a;2336.3271342081794;Ostluft & BAFU
Industrie;Flächenquellen;Blue;11;#5A709E;2000;NMVOC;Jahresmenge;t/a;1605.4578507907586;Ostluft & BAFU
Land- und Forstw.;verschiedene;Purple;14;#3C096C;2000;NMVOC;Jahresmenge;t/a;1024.8414046674955;Ostluft & BAFU
Verkehr;Zonenverkehr;Gray;19;#4C4C4C;2000;NMVOC;Jahresmenge;t/a;6556.506814900258;Ostluft & BAFU
Verkehr;Strassenverkehr;Gray;18;#1A1A1A;2000;NMVOC;Jahresmenge;t/a;3972.792996523314;Ostluft & BAFU
Verkehr;verschiedene;Gray;20;#7F7F7F;2000;NMVOC;Jahresmenge;t/a;536.1082457550658;Ostluft & BAFU
natürl. Emissionen;Wälder;natural;23;#636B2F;2000;NMVOC;Jahresmenge;t/a;4292.791981103365;Ostluft & BAFU
Dienstleistungen;Feuerungen Öl & Gas;Gold;2;#FFBF00;2000;NOx;Jahresmenge;t/a;772.604807193697;Ostluft & BAFU
Dienstleistungen;verschiedene;Gold;1;#A67C00;2000;NOx;Jahresmenge;t/a;107.38257227143191;Ostluft & BAFU
Haushalte;Feuerungen Öl & Gas;Green;7;#95B39A;2000;NOx;Jahresmenge;t/a;792.9891532406668;Ostluft & BAFU
Haushalte;verschiedene;Green;5;#4A6E67;2000;NOx;Jahresmenge;t/a;157.71439643181338;Ostluft & BAFU
Industrie;verschiedene;Blue;10;#2B4577;2000;NOx;Jahresmenge;t/a;1667.708249521133;Ostluft & BAFU
Land- und Forstw.;verschiedene;Purple;14;#3C096C;2000;NOx;Jahresmenge;t/a;621.3979202123522;Ostluft & BAFU
Verkehr;Strassenverkehr;Gray;18;#1A1A1A;2000;NOx;Jahresmenge;t/a;8717.290852967379;Ostluft & BAFU
Verkehr;Flugverkehr;Gray;21;#B2B2B2;2000;NOx;Jahresmenge;t/a;1209.8800480790292;Ostluft & BAFU
Verkehr;verschiedene;Gray;20;#7F7F7F;2000;NOx;Jahresmenge;t/a;509.1060688918814;Ostluft & BAFU
Dienstleistungen;Feuerungen Holz & Kohle;Gold;3;#FFD447;2000;PM10;Jahresmenge;t/a;244.1540553857702;Ostluft & BAFU
Dienstleistungen;verschiedene;Gold;1;#A67C00;2000;PM10;Jahresmenge;t/a;10.717520322719363;Ostluft & BAFU
Haushalte;Feuerungen Holz & Kohle;Green;4;#354F52;2000;PM10;Jahresmenge;t/a;632.3932611397469;Ostluft & BAFU
Haushalte;verschiedene;Green;5;#4A6E67;2000;PM10;Jahresmenge;t/a;177.79027899951302;Ostluft & BAFU
Industrie;Baumaschinen;Blue;12;#9EAACC;2000;PM10;Jahresmenge;t/a;266.4227465388831;Ostluft & BAFU
Industrie;Flächenquellen;Blue;11;#5A709E;2000;PM10;Jahresmenge;t/a;248.9678678371602;Ostluft & BAFU
Industrie;verschiedene;Blue;10;#2B4577;2000;PM10;Jahresmenge;t/a;71.87673427348679;Ostluft & BAFU
Land- und Forstw.;verschiedene;Purple;14;#3C096C;2000;PM10;Jahresmenge;t/a;172.17176321028631;Ostluft & BAFU
Verkehr;Strassenverkehr;Gray;18;#1A1A1A;2000;PM10;Jahresmenge;t/a;686.2108060251317;Ostluft & BAFU
Verkehr;Schienenverkehr;Gray;22;#E5E5E5;2000;PM10;Jahresmenge;t/a;104.37666937196626;Ostluft & BAFU
Verkehr;verschiedene;Gray;20;#7F7F7F;2000;PM10;Jahresmenge;t/a;58.451168345106815;Ostluft & BAFU
Dienstleistungen;Feuerungen Holz & Kohle;Gold;3;#FFD447;2000;PM2.5;Jahresmenge;t/a;230.97536499891802;Ostluft & BAFU
Dienstleistungen;verschiedene;Gold;1;#A67C00;2000;PM2.5;Jahresmenge;t/a;10.717520322719363;Ostluft & BAFU
Haushalte;Feuerungen Holz & Kohle;Green;4;#354F52;2000;PM2.5;Jahresmenge;t/a;598.7872658772684;Ostluft & BAFU
Haushalte;Private etc;Green;8;#CAD2C5;2000;PM2.5;Jahresmenge;t/a;99.11020110106621;Ostluft & BAFU
Haushalte;verschiedene;Green;5;#4A6E67;2000;PM2.5;Jahresmenge;t/a;25.65533243153287;Ostluft & BAFU
Industrie;Flächenquellen;Blue;11;#5A709E;2000;PM2.5;Jahresmenge;t/a;159.6073976700136;Ostluft & BAFU
Industrie;verschiedene;Blue;10;#2B4577;2000;PM2.5;Jahresmenge;t/a;135.01915038690314;Ostluft & BAFU
Land- und Forstw.;verschiedene;Purple;14;#3C096C;2000;PM2.5;Jahresmenge;t/a;64.62237338827613;Ostluft & BAFU
Verkehr;Strassenverkehr;Gray;18;#1A1A1A;2000;PM2.5;Jahresmenge;t/a;452.8464851661104;Ostluft & BAFU
Verkehr;verschiedene;Gray;20;#7F7F7F;2000;PM2.5;Jahresmenge;t/a;77.61842726796887;Ostluft & BAFU
Dienstleistungen;Feuerungen Öl & Gas;Gold;2;#FFBF00;2000;SO2;Jahresmenge;t/a;366.7063025999302;Ostluft & BAFU
Dienstleistungen;verschiedene;Gold;1;#A67C00;2000;SO2;Jahresmenge;t/a;7.211120367826654;Ostluft & BAFU
Haushalte;Feuerungen Öl & Gas;Green;7;#95B39A;2000;SO2;Jahresmenge;t/a;501.99669023508426;Ostluft & BAFU
Haushalte;verschiedene;Green;5;#4A6E67;2000;SO2;Jahresmenge;t/a;21.798914514010562;Ostluft & BAFU
Industrie;Flächenquellen;Blue;11;#5A709E;2000;SO2;Jahresmenge;t/a;238.1958106020757;Ostluft & BAFU
Industrie;Kehrichtverbrennungsanlagen;Blue;13;#E3E4FA;2000;SO2;Jahresmenge;t/a;128.8580035058047;Ostluft & BAFU
Industrie;verschiedene;Blue;10;#2B4577;2000;SO2;Jahresmenge;t/a;23.91869446735867;Ostluft & BAFU
Land- und Forstw.;verschiedene;Purple;14;#3C096C;2000;SO2;Jahresmenge;t/a;16.228250042526856;Ostluft & BAFU
Verkehr;Strassenverkehr;Gray;18;#1A1A1A;2000;SO2;Jahresmenge;t/a;261.6694442521331;Ostluft & BAFU
Verkehr;Flugverkehr;Gray;21;#B2B2B2;2000;SO2;Jahresmenge;t/a;107.30135400000002;Ostluft & BAFU
Verkehr;verschiedene;Gray;20;#7F7F7F;2000;SO2;Jahresmenge;t/a;10.394754927015583;Ostluft & BAFU
Dienstleistungen;Feuerungen Holz & Kohle;Gold;3;#FFD447;2000;eBC;Jahresmenge;t/a;51.46767328327314;Ostluft & BAFU
Dienstleistungen;verschiedene;Gold;1;#A67C00;2000;eBC;Jahresmenge;t/a;0.6523866887871342;Ostluft & BAFU
Haushalte;Feuerungen Holz & Kohle;Green;4;#354F52;2000;eBC;Jahresmenge;t/a;152.03628953248696;Ostluft & BAFU
Haushalte;verschiedene;Green;5;#4A6E67;2000;eBC;Jahresmenge;t/a;4.826452642353032;Ostluft & BAFU
Industrie;verschiedene;Blue;10;#2B4577;2000;eBC;Jahresmenge;t/a;45.20044073946547;Ostluft & BAFU
Land- und Forstw.;verschiedene;Purple;14;#3C096C;2000;eBC;Jahresmenge;t/a;21.076866784552358;Ostluft & BAFU
Verkehr;Strassenverkehr;Gray;18;#1A1A1A;2000;eBC;Jahresmenge;t/a;193.28524297137344;Ostluft & BAFU
Verkehr;verschiedene;Gray;20;#7F7F7F;2000;eBC;Jahresmenge;t/a;32.077703545747106;Ostluft & BAFU
Dienstleistungen;verschiedene;Gold;1;#A67C00;2001;CO;Jahresmenge;t/a;3087.661933098615;Ostluft & BAFU
Haushalte;Feuerungen Holz & Kohle;Green;4;#354F52;2001;CO;Jahresmenge;t/a;5682.10278777592;Ostluft & BAFU
Haushalte;verschiedene;Green;5;#4A6E67;2001;CO;Jahresmenge;t/a;1288.5354785499128;Ostluft & BAFU
Industrie;verschiedene;Blue;10;#2B4577;2001;CO;Jahresmenge;t/a;2336.312478201721;Ostluft & BAFU
Land- und Forstw.;verschiedene;Purple;14;#3C096C;2001;CO;Jahresmenge;t/a;1894.5050549844816;Ostluft & BAFU
Verkehr;Strassenverkehr;Gray;18;#1A1A1A;2001;CO;Jahresmenge;t/a;25866.92344541018;Ostluft & BAFU
Verkehr;Zonenverkehr;Gray;19;#4C4C4C;2001;CO;Jahresmenge;t/a;18511.023199713483;Ostluft & BAFU
Verkehr;verschiedene;Gray;20;#7F7F7F;2001;CO;Jahresmenge;t/a;2502.0511199765133;Ostluft & BAFU
Dienstleistungen;verschiedene;Gold;1;#A67C00;2001;NH3;Jahresmenge;t/a;7.45997170785396;Ostluft & BAFU
Haushalte;verschiedene;Green;5;#4A6E67;2001;NH3;Jahresmenge;t/a;99.70426931357058;Ostluft & BAFU
Industrie;verschiedene;Blue;10;#2B4577;2001;NH3;Jahresmenge;t/a;101.57022450896085;Ostluft & BAFU
Land- und Forstw.;Hofdüngerausbringung & Weiden;Purple;15;#651EA6;2001;NH3;Jahresmenge;t/a;1578.6874369039451;Ostluft & BAFU
Land- und Forstw.;Stall-Laufhof & Hofdünger-Lager;Purple;16;#9142D3;2001;NH3;Jahresmenge;t/a;1301.7735878096953;Ostluft & BAFU
Land- und Forstw.;Landw. Nutzflächen;Purple;17;#C77DFF;2001;NH3;Jahresmenge;t/a;270.06587083451456;Ostluft & BAFU
Land- und Forstw.;verschiedene;Purple;14;#3C096C;2001;NH3;Jahresmenge;t/a;2.7939915004340383;Ostluft & BAFU
Verkehr;Strassenverkehr;Gray;18;#1A1A1A;2001;NH3;Jahresmenge;t/a;686.4473014416694;Ostluft & BAFU
Verkehr;verschiedene;Gray;20;#7F7F7F;2001;NH3;Jahresmenge;t/a;0.04178217766957451;Ostluft & BAFU
Dienstleistungen;verschiedene;Gold;1;#A67C00;2001;NMVOC;Jahresmenge;t/a;491.74244132236333;Ostluft & BAFU
Haushalte;Lösungsmittel;Green;6;#6B917D;2001;NMVOC;Jahresmenge;t/a;2089.997738811883;Ostluft & BAFU
Haushalte;verschiedene;Green;5;#4A6E67;2001;NMVOC;Jahresmenge;t/a;708.2689412842253;Ostluft & BAFU
Industrie;Lösungsmittel;Blue;9;#293961;2001;NMVOC;Jahresmenge;t/a;7967.120628128641;Ostluft & BAFU
Industrie;verschiedene;Blue;10;#2B4577;2001;NMVOC;Jahresmenge;t/a;2087.502163821016;Ostluft & BAFU
Industrie;Flächenquellen;Blue;11;#5A709E;2001;NMVOC;Jahresmenge;t/a;1410.0495950085162;Ostluft & BAFU
Land- und Forstw.;verschiedene;Purple;14;#3C096C;2001;NMVOC;Jahresmenge;t/a;1024.0956840254428;Ostluft & BAFU
Verkehr;Zonenverkehr;Gray;19;#4C4C4C;2001;NMVOC;Jahresmenge;t/a;5991.6593320931615;Ostluft & BAFU
Verkehr;Strassenverkehr;Gray;18;#1A1A1A;2001;NMVOC;Jahresmenge;t/a;3630.5342012300466;Ostluft & BAFU
Verkehr;verschiedene;Gray;20;#7F7F7F;2001;NMVOC;Jahresmenge;t/a;505.4238025847279;Ostluft & BAFU
natürl. Emissionen;Wälder;natural;23;#636B2F;2001;NMVOC;Jahresmenge;t/a;4292.791981103365;Ostluft & BAFU
Dienstleistungen;Feuerungen Öl & Gas;Gold;2;#FFBF00;2001;NOx;Jahresmenge;t/a;860.3028718352722;Ostluft & BAFU
Dienstleistungen;verschiedene;Gold;1;#A67C00;2001;NOx;Jahresmenge;t/a;117.1851543130177;Ostluft & BAFU
Haushalte;Feuerungen Öl & Gas;Green;7;#95B39A;2001;NOx;Jahresmenge;t/a;819.9968666209994;Ostluft & BAFU
Haushalte;verschiedene;Green;5;#4A6E67;2001;NOx;Jahresmenge;t/a;165.87368029801408;Ostluft & BAFU
Industrie;verschiedene;Blue;10;#2B4577;2001;NOx;Jahresmenge;t/a;1630.227545826517;Ostluft & BAFU
Land- und Forstw.;verschiedene;Purple;14;#3C096C;2001;NOx;Jahresmenge;t/a;617.652468623597;Ostluft & BAFU
Verkehr;Strassenverkehr;Gray;18;#1A1A1A;2001;NOx;Jahresmenge;t/a;8308.225793565845;Ostluft & BAFU
Verkehr;Flugverkehr;Gray;21;#B2B2B2;2001;NOx;Jahresmenge;t/a;1140.6575495030845;Ostluft & BAFU
Verkehr;verschiedene;Gray;20;#7F7F7F;2001;NOx;Jahresmenge;t/a;499.65983807875983;Ostluft & BAFU
Dienstleistungen;Feuerungen Holz & Kohle;Gold;3;#FFD447;2001;PM10;Jahresmenge;t/a;248.6670259810637;Ostluft & BAFU
Dienstleistungen;verschiedene;Gold;1;#A67C00;2001;PM10;Jahresmenge;t/a;11.452868488566526;Ostluft & BAFU
Haushalte;Feuerungen Holz & Kohle;Green;4;#354F52;2001;PM10;Jahresmenge;t/a;621.1193225115712;Ostluft & BAFU
Haushalte;verschiedene;Green;5;#4A6E67;2001;PM10;Jahresmenge;t/a;176.5527549646515;Ostluft & BAFU
Industrie;Baumaschinen;Blue;12;#9EAACC;2001;PM10;Jahresmenge;t/a;266.2476624727715;Ostluft & BAFU
Industrie;Flächenquellen;Blue;11;#5A709E;2001;PM10;Jahresmenge;t/a;241.68626258968288;Ostluft & BAFU
Industrie;verschiedene;Blue;10;#2B4577;2001;PM10;Jahresmenge;t/a;56.86550188580923;Ostluft & BAFU
Land- und Forstw.;verschiedene;Purple;14;#3C096C;2001;PM10;Jahresmenge;t/a;167.7072284816458;Ostluft & BAFU
Verkehr;Strassenverkehr;Gray;18;#1A1A1A;2001;PM10;Jahresmenge;t/a;658.764136588566;Ostluft & BAFU
Verkehr;Schienenverkehr;Gray;22;#E5E5E5;2001;PM10;Jahresmenge;t/a;105.48702351399699;Ostluft & BAFU
Verkehr;verschiedene;Gray;20;#7F7F7F;2001;PM10;Jahresmenge;t/a;53.40205112964889;Ostluft & BAFU
Dienstleistungen;Feuerungen Holz & Kohle;Gold;3;#FFD447;2001;PM2.5;Jahresmenge;t/a;235.16867388770353;Ostluft & BAFU
Dienstleistungen;verschiedene;Gold;1;#A67C00;2001;PM2.5;Jahresmenge;t/a;11.452868488566526;Ostluft & BAFU
Haushalte;Feuerungen Holz & Kohle;Green;4;#354F52;2001;PM2.5;Jahresmenge;t/a;588.0430427377581;Ostluft & BAFU
Haushalte;Private etc;Green;8;#CAD2C5;2001;PM2.5;Jahresmenge;t/a;102.16642422253884;Ostluft & BAFU
Haushalte;verschiedene;Green;5;#4A6E67;2001;PM2.5;Jahresmenge;t/a;22.203295057725345;Ostluft & BAFU
Industrie;Flächenquellen;Blue;11;#5A709E;2001;PM2.5;Jahresmenge;t/a;161.5926709638916;Ostluft & BAFU
Industrie;verschiedene;Blue;10;#2B4577;2001;PM2.5;Jahresmenge;t/a;122.35550834315585;Ostluft & BAFU
Land- und Forstw.;verschiedene;Purple;14;#3C096C;2001;PM2.5;Jahresmenge;t/a;60.92003779379979;Ostluft & BAFU
Verkehr;Strassenverkehr;Gray;18;#1A1A1A;2001;PM2.5;Jahresmenge;t/a;426.67974467064744;Ostluft & BAFU
Verkehr;verschiedene;Gray;20;#7F7F7F;2001;PM2.5;Jahresmenge;t/a;72.4940141573374;Ostluft & BAFU
Dienstleistungen;Feuerungen Öl & Gas;Gold;2;#FFBF00;2001;SO2;Jahresmenge;t/a;467.860605085458;Ostluft & BAFU
Dienstleistungen;verschiedene;Gold;1;#A67C00;2001;SO2;Jahresmenge;t/a;7.5934024974101355;Ostluft & BAFU
Haushalte;Feuerungen Öl & Gas;Green;7;#95B39A;2001;SO2;Jahresmenge;t/a;565.368451483204;Ostluft & BAFU
Haushalte;verschiedene;Green;5;#4A6E67;2001;SO2;Jahresmenge;t/a;22.274648980471163;Ostluft & BAFU
Industrie;Flächenquellen;Blue;11;#5A709E;2001;SO2;Jahresmenge;t/a;310.15296288896934;Ostluft & BAFU
Industrie;Kehrichtverbrennungsanlagen;Blue;13;#E3E4FA;2001;SO2;Jahresmenge;t/a;103.372526561263;Ostluft & BAFU
Industrie;verschiedene;Blue;10;#2B4577;2001;SO2;Jahresmenge;t/a;20.600247609557677;Ostluft & BAFU
Land- und Forstw.;verschiedene;Purple;14;#3C096C;2001;SO2;Jahresmenge;t/a;15.494838630894918;Ostluft & BAFU
Verkehr;Strassenverkehr;Gray;18;#1A1A1A;2001;SO2;Jahresmenge;t/a;203.0378377358291;Ostluft & BAFU
Verkehr;Flugverkehr;Gray;21;#B2B2B2;2001;SO2;Jahresmenge;t/a;101.036012;Ostluft & BAFU
Verkehr;verschiedene;Gray;20;#7F7F7F;2001;SO2;Jahresmenge;t/a;8.258206543928035;Ostluft & BAFU
Dienstleistungen;Feuerungen Holz & Kohle;Gold;3;#FFD447;2001;eBC;Jahresmenge;t/a;52.39926996430415;Ostluft & BAFU
Dienstleistungen;verschiedene;Gold;1;#A67C00;2001;eBC;Jahresmenge;t/a;0.6911680022546997;Ostluft & BAFU
Haushalte;Feuerungen Holz & Kohle;Green;4;#354F52;2001;eBC;Jahresmenge;t/a;151.35011482580012;Ostluft & BAFU
Haushalte;verschiedene;Green;5;#4A6E67;2001;eBC;Jahresmenge;t/a;5.1008299196596685;Ostluft & BAFU
Industrie;verschiedene;Blue;10;#2B4577;2001;eBC;Jahresmenge;t/a;43.92099927530285;Ostluft & BAFU
Land- und Forstw.;verschiedene;Purple;14;#3C096C;2001;eBC;Jahresmenge;t/a;20.465900387781243;Ostluft & BAFU
Verkehr;Strassenverkehr;Gray;18;#1A1A1A;2001;eBC;Jahresmenge;t/a;184.20640742517756;Ostluft & BAFU
Verkehr;verschiedene;Gray;20;#7F7F7F;2001;eBC;Jahresmenge;t/a;29.824822191955278;Ostluft & BAFU
Dienstleistungen;verschiedene;Gold;1;#A67C00;2002;CO;Jahresmenge;t/a;2945.8307600511694;Ostluft & BAFU
Haushalte;Feuerungen Holz & Kohle;Green;4;#354F52;2002;CO;Jahresmenge;t/a;5133.2407068451885;Ostluft & BAFU
Haushalte;verschiedene;Green;5;#4A6E67;2002;CO;Jahresmenge;t/a;1251.2971910013232;Ostluft & BAFU
Industrie;verschiedene;Blue;10;#2B4577;2002;CO;Jahresmenge;t/a;2300.5728553686295;Ostluft & BAFU
Land- und Forstw.;verschiedene;Purple;14;#3C096C;2002;CO;Jahresmenge;t/a;1895.9182195217797;Ostluft & BAFU
Verkehr;Strassenverkehr;Gray;18;#1A1A1A;2002;CO;Jahresmenge;t/a;24083.147565929903;Ostluft & BAFU
Verkehr;Zonenverkehr;Gray;19;#4C4C4C;2002;CO;Jahresmenge;t/a;17234.50816467913;Ostluft & BAFU
Verkehr;verschiedene;Gray;20;#7F7F7F;2002;CO;Jahresmenge;t/a;2295.2183354641998;Ostluft & BAFU
Dienstleistungen;verschiedene;Gold;1;#A67C00;2002;NH3;Jahresmenge;t/a;7.204601191598759;Ostluft & BAFU
Haushalte;verschiedene;Green;5;#4A6E67;2002;NH3;Jahresmenge;t/a;102.29019952340724;Ostluft & BAFU
Industrie;verschiedene;Blue;10;#2B4577;2002;NH3;Jahresmenge;t/a;103.12602113599047;Ostluft & BAFU
Land- und Forstw.;Hofdüngerausbringung & Weiden;Purple;15;#651EA6;2002;NH3;Jahresmenge;t/a;1514.7897536679502;Ostluft & BAFU
Land- und Forstw.;Stall-Laufhof & Hofdünger-Lager;Purple;16;#9142D3;2002;NH3;Jahresmenge;t/a;1323.5707932407604;Ostluft & BAFU
Land- und Forstw.;Landw. Nutzflächen;Purple;17;#C77DFF;2002;NH3;Jahresmenge;t/a;261.10736408736557;Ostluft & BAFU
Land- und Forstw.;verschiedene;Purple;14;#3C096C;2002;NH3;Jahresmenge;t/a;3.800110668055849;Ostluft & BAFU
Verkehr;Strassenverkehr;Gray;18;#1A1A1A;2002;NH3;Jahresmenge;t/a;649.2049100643507;Ostluft & BAFU
Verkehr;verschiedene;Gray;20;#7F7F7F;2002;NH3;Jahresmenge;t/a;0.04204519685617923;Ostluft & BAFU
Dienstleistungen;verschiedene;Gold;1;#A67C00;2002;NMVOC;Jahresmenge;t/a;459.05020278656207;Ostluft & BAFU
Haushalte;Lösungsmittel;Green;6;#6B917D;2002;NMVOC;Jahresmenge;t/a;2031.920338269672;Ostluft & BAFU
Haushalte;verschiedene;Green;5;#4A6E67;2002;NMVOC;Jahresmenge;t/a;655.6219312623426;Ostluft & BAFU
Industrie;Lösungsmittel;Blue;9;#293961;2002;NMVOC;Jahresmenge;t/a;6844.979894972466;Ostluft & BAFU
Industrie;verschiedene;Blue;10;#2B4577;2002;NMVOC;Jahresmenge;t/a;1891.2995727652815;Ostluft & BAFU
Industrie;Flächenquellen;Blue;11;#5A709E;2002;NMVOC;Jahresmenge;t/a;1382.7142779465362;Ostluft & BAFU
Land- und Forstw.;verschiedene;Purple;14;#3C096C;2002;NMVOC;Jahresmenge;t/a;1028.8390407423683;Ostluft & BAFU
Verkehr;Zonenverkehr;Gray;19;#4C4C4C;2002;NMVOC;Jahresmenge;t/a;5440.597075300426;Ostluft & BAFU
Verkehr;Strassenverkehr;Gray;18;#1A1A1A;2002;NMVOC;Jahresmenge;t/a;3296.628306484505;Ostluft & BAFU
Verkehr;verschiedene;Gray;20;#7F7F7F;2002;NMVOC;Jahresmenge;t/a;468.61245942970334;Ostluft & BAFU
natürl. Emissionen;Wälder;natural;23;#636B2F;2002;NMVOC;Jahresmenge;t/a;4292.791981103365;Ostluft & BAFU
Dienstleistungen;Feuerungen Öl & Gas;Gold;2;#FFBF00;2002;NOx;Jahresmenge;t/a;750.9002841054744;Ostluft & BAFU
Dienstleistungen;verschiedene;Gold;1;#A67C00;2002;NOx;Jahresmenge;t/a;115.21155404354424;Ostluft & BAFU
Haushalte;Feuerungen Öl & Gas;Green;7;#95B39A;2002;NOx;Jahresmenge;t/a;776.6958149177341;Ostluft & BAFU
Haushalte;verschiedene;Green;5;#4A6E67;2002;NOx;Jahresmenge;t/a;157.15904685229364;Ostluft & BAFU
Industrie;verschiedene;Blue;10;#2B4577;2002;NOx;Jahresmenge;t/a;1512.1604017651455;Ostluft & BAFU
Land- und Forstw.;verschiedene;Purple;14;#3C096C;2002;NOx;Jahresmenge;t/a;605.1902849245145;Ostluft & BAFU
Verkehr;Strassenverkehr;Gray;18;#1A1A1A;2002;NOx;Jahresmenge;t/a;8003.1790287828735;Ostluft & BAFU
Verkehr;Flugverkehr;Gray;21;#B2B2B2;2002;NOx;Jahresmenge;t/a;1051.8150081893716;Ostluft & BAFU
Verkehr;verschiedene;Gray;20;#7F7F7F;2002;NOx;Jahresmenge;t/a;492.98147959393833;Ostluft & BAFU
Dienstleistungen;Feuerungen Holz & Kohle;Gold;3;#FFD447;2002;PM10;Jahresmenge;t/a;227.80839292307772;Ostluft & BAFU
Dienstleistungen;verschiedene;Gold;1;#A67C00;2002;PM10;Jahresmenge;t/a;10.761213710758046;Ostluft & BAFU
Haushalte;Feuerungen Holz & Kohle;Green;4;#354F52;2002;PM10;Jahresmenge;t/a;543.4207905597432;Ostluft & BAFU
Haushalte;verschiedene;Green;5;#4A6E67;2002;PM10;Jahresmenge;t/a;187.85198261938362;Ostluft & BAFU
Industrie;Baumaschinen;Blue;12;#9EAACC;2002;PM10;Jahresmenge;t/a;267.1085848623188;Ostluft & BAFU
Industrie;Flächenquellen;Blue;11;#5A709E;2002;PM10;Jahresmenge;t/a;233.01969334244512;Ostluft & BAFU
Industrie;verschiedene;Blue;10;#2B4577;2002;PM10;Jahresmenge;t/a;39.97573361255351;Ostluft & BAFU
Land- und Forstw.;verschiedene;Purple;14;#3C096C;2002;PM10;Jahresmenge;t/a;195.02817460675453;Ostluft & BAFU
Verkehr;Strassenverkehr;Gray;18;#1A1A1A;2002;PM10;Jahresmenge;t/a;642.639620953806;Ostluft & BAFU
Verkehr;Schienenverkehr;Gray;22;#E5E5E5;2002;PM10;Jahresmenge;t/a;111.69386565824972;Ostluft & BAFU
Verkehr;verschiedene;Gray;20;#7F7F7F;2002;PM10;Jahresmenge;t/a;48.22947080161621;Ostluft & BAFU
Dienstleistungen;Feuerungen Holz & Kohle;Gold;3;#FFD447;2002;PM2.5;Jahresmenge;t/a;215.36188207039933;Ostluft & BAFU
Dienstleistungen;verschiedene;Gold;1;#A67C00;2002;PM2.5;Jahresmenge;t/a;10.761213710758046;Ostluft & BAFU
Haushalte;Feuerungen Holz & Kohle;Green;4;#354F52;2002;PM2.5;Jahresmenge;t/a;514.403973127759;Ostluft & BAFU
Haushalte;Private etc;Green;8;#CAD2C5;2002;PM2.5;Jahresmenge;t/a;99.84395322592036;Ostluft & BAFU
Haushalte;verschiedene;Green;5;#4A6E67;2002;PM2.5;Jahresmenge;t/a;30.306769368720264;Ostluft & BAFU
Industrie;Flächenquellen;Blue;11;#5A709E;2002;PM2.5;Jahresmenge;t/a;154.60519473713254;Ostluft & BAFU
Industrie;verschiedene;Blue;10;#2B4577;2002;PM2.5;Jahresmenge;t/a;109.18401528293725;Ostluft & BAFU
Land- und Forstw.;verschiedene;Purple;14;#3C096C;2002;PM2.5;Jahresmenge;t/a;83.31730692154731;Ostluft & BAFU
Verkehr;Strassenverkehr;Gray;18;#1A1A1A;2002;PM2.5;Jahresmenge;t/a;410.09479706251;Ostluft & BAFU
Verkehr;verschiedene;Gray;20;#7F7F7F;2002;PM2.5;Jahresmenge;t/a;68.16341181554311;Ostluft & BAFU
Dienstleistungen;Feuerungen Öl & Gas;Gold;2;#FFBF00;2002;SO2;Jahresmenge;t/a;409.8131027107596;Ostluft & BAFU
Dienstleistungen;verschiedene;Gold;1;#A67C00;2002;SO2;Jahresmenge;t/a;7.435957168746196;Ostluft & BAFU
Haushalte;Feuerungen Öl & Gas;Green;7;#95B39A;2002;SO2;Jahresmenge;t/a;561.5746311639277;Ostluft & BAFU
Haushalte;verschiedene;Green;5;#4A6E67;2002;SO2;Jahresmenge;t/a;21.49579535647581;Ostluft & BAFU
Industrie;Flächenquellen;Blue;11;#5A709E;2002;SO2;Jahresmenge;t/a;265.2477172666113;Ostluft & BAFU
Industrie;Kehrichtverbrennungsanlagen;Blue;13;#E3E4FA;2002;SO2;Jahresmenge;t/a;73.91877463766816;Ostluft & BAFU
Industrie;verschiedene;Blue;10;#2B4577;2002;SO2;Jahresmenge;t/a;19.606032248687132;Ostluft & BAFU
Land- und Forstw.;verschiedene;Purple;14;#3C096C;2002;SO2;Jahresmenge;t/a;15.67084814136019;Ostluft & BAFU
Verkehr;Strassenverkehr;Gray;18;#1A1A1A;2002;SO2;Jahresmenge;t/a;159.84627909235263;Ostluft & BAFU
Verkehr;Flugverkehr;Gray;21;#B2B2B2;2002;SO2;Jahresmenge;t/a;93.05254000000001;Ostluft & BAFU
Verkehr;verschiedene;Gray;20;#7F7F7F;2002;SO2;Jahresmenge;t/a;6.829297429088644;Ostluft & BAFU
Dienstleistungen;Feuerungen Holz & Kohle;Gold;3;#FFD447;2002;eBC;Jahresmenge;t/a;48.25844492263058;Ostluft & BAFU
Dienstleistungen;verschiedene;Gold;1;#A67C00;2002;eBC;Jahresmenge;t/a;0.653459160770524;Ostluft & BAFU
Haushalte;Feuerungen Holz & Kohle;Green;4;#354F52;2002;eBC;Jahresmenge;t/a;134.73462876701527;Ostluft & BAFU
Haushalte;verschiedene;Green;5;#4A6E67;2002;eBC;Jahresmenge;t/a;4.911489226240131;Ostluft & BAFU
Industrie;verschiedene;Blue;10;#2B4577;2002;eBC;Jahresmenge;t/a;41.06069768525204;Ostluft & BAFU
Land- und Forstw.;verschiedene;Purple;14;#3C096C;2002;eBC;Jahresmenge;t/a;22.11920883019601;Ostluft & BAFU
Verkehr;Strassenverkehr;Gray;18;#1A1A1A;2002;eBC;Jahresmenge;t/a;179.87720850213216;Ostluft & BAFU
Verkehr;verschiedene;Gray;20;#7F7F7F;2002;eBC;Jahresmenge;t/a;27.782107546229962;Ostluft & BAFU
Dienstleistungen;verschiedene;Gold;1;#A67C00;2003;CO;Jahresmenge;t/a;3083.4480878575523;Ostluft & BAFU
Haushalte;Feuerungen Holz & Kohle;Green;4;#354F52;2003;CO;Jahresmenge;t/a;5240.54673322197;Ostluft & BAFU
Haushalte;verschiedene;Green;5;#4A6E67;2003;CO;Jahresmenge;t/a;1258.7205625227857;Ostluft & BAFU
Industrie;verschiedene;Blue;10;#2B4577;2003;CO;Jahresmenge;t/a;2345.5424474957726;Ostluft & BAFU
Land- und Forstw.;verschiedene;Purple;14;#3C096C;2003;CO;Jahresmenge;t/a;1862.3896293673238;Ostluft & BAFU
Verkehr;Strassenverkehr;Gray;18;#1A1A1A;2003;CO;Jahresmenge;t/a;22481.62546730999;Ostluft & BAFU
Verkehr;Zonenverkehr;Gray;19;#4C4C4C;2003;CO;Jahresmenge;t/a;16088.418534616558;Ostluft & BAFU
Verkehr;verschiedene;Gray;20;#7F7F7F;2003;CO;Jahresmenge;t/a;2028.684351005998;Ostluft & BAFU
Dienstleistungen;verschiedene;Gold;1;#A67C00;2003;NH3;Jahresmenge;t/a;7.676502791003322;Ostluft & BAFU
Haushalte;verschiedene;Green;5;#4A6E67;2003;NH3;Jahresmenge;t/a;101.6717498009147;Ostluft & BAFU
Industrie;verschiedene;Blue;10;#2B4577;2003;NH3;Jahresmenge;t/a;101.32175021493303;Ostluft & BAFU
Land- und Forstw.;Hofdüngerausbringung & Weiden;Purple;15;#651EA6;2003;NH3;Jahresmenge;t/a;1502.8908898673435;Ostluft & BAFU
Land- und Forstw.;Stall-Laufhof & Hofdünger-Lager;Purple;16;#9142D3;2003;NH3;Jahresmenge;t/a;1303.326102659067;Ostluft & BAFU
Land- und Forstw.;Landw. Nutzflächen;Purple;17;#C77DFF;2003;NH3;Jahresmenge;t/a;232.5813319766894;Ostluft & BAFU
Land- und Forstw.;verschiedene;Purple;14;#3C096C;2003;NH3;Jahresmenge;t/a;4.069387309650373;Ostluft & BAFU
Verkehr;Strassenverkehr;Gray;18;#1A1A1A;2003;NH3;Jahresmenge;t/a;606.3419371659829;Ostluft & BAFU
Verkehr;verschiedene;Gray;20;#7F7F7F;2003;NH3;Jahresmenge;t/a;0.042294939474231776;Ostluft & BAFU
Dienstleistungen;verschiedene;Gold;1;#A67C00;2003;NMVOC;Jahresmenge;t/a;464.163866906689;Ostluft & BAFU
Haushalte;Lösungsmittel;Green;6;#6B917D;2003;NMVOC;Jahresmenge;t/a;1972.6833036540772;Ostluft & BAFU
Haushalte;verschiedene;Green;5;#4A6E67;2003;NMVOC;Jahresmenge;t/a;667.1890283089687;Ostluft & BAFU
Industrie;Lösungsmittel;Blue;9;#293961;2003;NMVOC;Jahresmenge;t/a;5785.69199090422;Ostluft & BAFU
Industrie;verschiedene;Blue;10;#2B4577;2003;NMVOC;Jahresmenge;t/a;1963.040874371837;Ostluft & BAFU
Industrie;Flächenquellen;Blue;11;#5A709E;2003;NMVOC;Jahresmenge;t/a;1375.838656635984;Ostluft & BAFU
Land- und Forstw.;verschiedene;Purple;14;#3C096C;2003;NMVOC;Jahresmenge;t/a;1029.4963403858064;Ostluft & BAFU
Verkehr;Zonenverkehr;Gray;19;#4C4C4C;2003;NMVOC;Jahresmenge;t/a;4876.593081194647;Ostluft & BAFU
Verkehr;Strassenverkehr;Gray;18;#1A1A1A;2003;NMVOC;Jahresmenge;t/a;2954.8806074349927;Ostluft & BAFU
Verkehr;verschiedene;Gray;20;#7F7F7F;2003;NMVOC;Jahresmenge;t/a;432.4818617569367;Ostluft & BAFU
natürl. Emissionen;Wälder;natural;23;#636B2F;2003;NMVOC;Jahresmenge;t/a;4292.791981103365;Ostluft & BAFU
Dienstleistungen;Feuerungen Öl & Gas;Gold;2;#FFBF00;2003;NOx;Jahresmenge;t/a;785.0996340984731;Ostluft & BAFU
Dienstleistungen;verschiedene;Gold;1;#A67C00;2003;NOx;Jahresmenge;t/a;127.18959732710229;Ostluft & BAFU
Haushalte;Feuerungen Öl & Gas;Green;7;#95B39A;2003;NOx;Jahresmenge;t/a;805.5289309363858;Ostluft & BAFU
Haushalte;verschiedene;Green;5;#4A6E67;2003;NOx;Jahresmenge;t/a;165.7175544890003;Ostluft & BAFU
Industrie;verschiedene;Blue;10;#2B4577;2003;NOx;Jahresmenge;t/a;1425.3978048828785;Ostluft & BAFU
Land- und Forstw.;verschiedene;Purple;14;#3C096C;2003;NOx;Jahresmenge;t/a;591.1710721477198;Ostluft & BAFU
Verkehr;Strassenverkehr;Gray;18;#1A1A1A;2003;NOx;Jahresmenge;t/a;7838.521002184066;Ostluft & BAFU
Verkehr;Flugverkehr;Gray;21;#B2B2B2;2003;NOx;Jahresmenge;t/a;947.6568808298865;Ostluft & BAFU
Verkehr;verschiedene;Gray;20;#7F7F7F;2003;NOx;Jahresmenge;t/a;490.0709986945907;Ostluft & BAFU
Dienstleistungen;Feuerungen Holz & Kohle;Gold;3;#FFD447;2003;PM10;Jahresmenge;t/a;235.6958805957147;Ostluft & BAFU
Dienstleistungen;verschiedene;Gold;1;#A67C00;2003;PM10;Jahresmenge;t/a;10.758893168441528;Ostluft & BAFU
Haushalte;Feuerungen Holz & Kohle;Green;4;#354F52;2003;PM10;Jahresmenge;t/a;536.3328494145825;Ostluft & BAFU
Haushalte;verschiedene;Green;5;#4A6E67;2003;PM10;Jahresmenge;t/a;187.41204808203975;Ostluft & BAFU
Industrie;Baumaschinen;Blue;12;#9EAACC;2003;PM10;Jahresmenge;t/a;267.665712586022;Ostluft & BAFU
Industrie;Flächenquellen;Blue;11;#5A709E;2003;PM10;Jahresmenge;t/a;233.14472551746798;Ostluft & BAFU
Industrie;verschiedene;Blue;10;#2B4577;2003;PM10;Jahresmenge;t/a;21.782484687367415;Ostluft & BAFU
Land- und Forstw.;verschiedene;Purple;14;#3C096C;2003;PM10;Jahresmenge;t/a;199.92018996623634;Ostluft & BAFU
Verkehr;Strassenverkehr;Gray;18;#1A1A1A;2003;PM10;Jahresmenge;t/a;636.0636213826815;Ostluft & BAFU
Verkehr;Schienenverkehr;Gray;22;#E5E5E5;2003;PM10;Jahresmenge;t/a;109.19453967188011;Ostluft & BAFU
Verkehr;verschiedene;Gray;20;#7F7F7F;2003;PM10;Jahresmenge;t/a;43.14636120978117;Ostluft & BAFU
Dienstleistungen;Feuerungen Holz & Kohle;Gold;3;#FFD447;2003;PM2.5;Jahresmenge;t/a;222.7253087297541;Ostluft & BAFU
Dienstleistungen;verschiedene;Gold;1;#A67C00;2003;PM2.5;Jahresmenge;t/a;10.758893168441528;Ostluft & BAFU
Haushalte;Feuerungen Holz & Kohle;Green;4;#354F52;2003;PM2.5;Jahresmenge;t/a;507.60684705412115;Ostluft & BAFU
Haushalte;Private etc;Green;8;#CAD2C5;2003;PM2.5;Jahresmenge;t/a;96.6825803891275;Ostluft & BAFU
Haushalte;verschiedene;Green;5;#4A6E67;2003;PM2.5;Jahresmenge;t/a;30.754325003140234;Ostluft & BAFU
Industrie;Flächenquellen;Blue;11;#5A709E;2003;PM2.5;Jahresmenge;t/a;157.53915333918485;Ostluft & BAFU
Industrie;verschiedene;Blue;10;#2B4577;2003;PM2.5;Jahresmenge;t/a;94.67083786073987;Ostluft & BAFU
Land- und Forstw.;verschiedene;Purple;14;#3C096C;2003;PM2.5;Jahresmenge;t/a;87.73111238838113;Ostluft & BAFU
Verkehr;Strassenverkehr;Gray;18;#1A1A1A;2003;PM2.5;Jahresmenge;t/a;401.4728438036789;Ostluft & BAFU
Verkehr;verschiedene;Gray;20;#7F7F7F;2003;PM2.5;Jahresmenge;t/a;62.67972542408209;Ostluft & BAFU
Dienstleistungen;Feuerungen Öl & Gas;Gold;2;#FFBF00;2003;SO2;Jahresmenge;t/a;424.7050647868162;Ostluft & BAFU
Dienstleistungen;verschiedene;Gold;1;#A67C00;2003;SO2;Jahresmenge;t/a;8.043547559785324;Ostluft & BAFU
Haushalte;Feuerungen Öl & Gas;Green;7;#95B39A;2003;SO2;Jahresmenge;t/a;567.414762992223;Ostluft & BAFU
Haushalte;verschiedene;Green;5;#4A6E67;2003;SO2;Jahresmenge;t/a;22.17326922679081;Ostluft & BAFU
Industrie;Flächenquellen;Blue;11;#5A709E;2003;SO2;Jahresmenge;t/a;275.07379558289546;Ostluft & BAFU
Industrie;Kehrichtverbrennungsanlagen;Blue;13;#E3E4FA;2003;SO2;Jahresmenge;t/a;40.82219211262745;Ostluft & BAFU
Industrie;verschiedene;Blue;10;#2B4577;2003;SO2;Jahresmenge;t/a;16.480922375573737;Ostluft & BAFU
Land- und Forstw.;verschiedene;Purple;14;#3C096C;2003;SO2;Jahresmenge;t/a;13.188556080014008;Ostluft & BAFU
Verkehr;Strassenverkehr;Gray;18;#1A1A1A;2003;SO2;Jahresmenge;t/a;96.38094031533282;Ostluft & BAFU
Verkehr;Flugverkehr;Gray;21;#B2B2B2;2003;SO2;Jahresmenge;t/a;83.81706000000001;Ostluft & BAFU
Verkehr;verschiedene;Gray;20;#7F7F7F;2003;SO2;Jahresmenge;t/a;4.409662314178714;Ostluft & BAFU
Dienstleistungen;Feuerungen Holz & Kohle;Gold;3;#FFD447;2003;eBC;Jahresmenge;t/a;50.38500174112045;Ostluft & BAFU
Dienstleistungen;verschiedene;Gold;1;#A67C00;2003;eBC;Jahresmenge;t/a;0.6447312867761207;Ostluft & BAFU
Haushalte;Feuerungen Holz & Kohle;Green;4;#354F52;2003;eBC;Jahresmenge;t/a;135.76111731110723;Ostluft & BAFU
Haushalte;verschiedene;Green;5;#4A6E67;2003;eBC;Jahresmenge;t/a;4.682617214865249;Ostluft & BAFU
Industrie;verschiedene;Blue;10;#2B4577;2003;eBC;Jahresmenge;t/a;39.60628304972991;Ostluft & BAFU
Land- und Forstw.;verschiedene;Purple;14;#3C096C;2003;eBC;Jahresmenge;t/a;22.267620749677683;Ostluft & BAFU
Verkehr;Strassenverkehr;Gray;18;#1A1A1A;2003;eBC;Jahresmenge;t/a;181.65911892390068;Ostluft & BAFU
Verkehr;verschiedene;Gray;20;#7F7F7F;2003;eBC;Jahresmenge;t/a;26.120470974849983;Ostluft & BAFU
Dienstleistungen;verschiedene;Gold;1;#A67C00;2004;CO;Jahresmenge;t/a;3051.607342571684;Ostluft & BAFU
Haushalte;Feuerungen Holz & Kohle;Green;4;#354F52;2004;CO;Jahresmenge;t/a;5050.469354089117;Ostluft & BAFU
Haushalte;verschiedene;Green;5;#4A6E67;2004;CO;Jahresmenge;t/a;1232.3466621155012;Ostluft & BAFU
Industrie;verschiedene;Blue;10;#2B4577;2004;CO;Jahresmenge;t/a;2279.546735873738;Ostluft & BAFU
Land- und Forstw.;verschiedene;Purple;14;#3C096C;2004;CO;Jahresmenge;t/a;1742.7943823375463;Ostluft & BAFU
Verkehr;Strassenverkehr;Gray;18;#1A1A1A;2004;CO;Jahresmenge;t/a;21009.283723016313;Ostluft & BAFU
Verkehr;Zonenverkehr;Gray;19;#4C4C4C;2004;CO;Jahresmenge;t/a;15034.773626127724;Ostluft & BAFU
Verkehr;verschiedene;Gray;20;#7F7F7F;2004;CO;Jahresmenge;t/a;1841.936963567069;Ostluft & BAFU
Dienstleistungen;verschiedene;Gold;1;#A67C00;2004;NH3;Jahresmenge;t/a;7.863874904769881;Ostluft & BAFU
Haushalte;verschiedene;Green;5;#4A6E67;2004;NH3;Jahresmenge;t/a;97.97906510909242;Ostluft & BAFU
Industrie;verschiedene;Blue;10;#2B4577;2004;NH3;Jahresmenge;t/a;103.08543257051458;Ostluft & BAFU
Land- und Forstw.;Hofdüngerausbringung & Weiden;Purple;15;#651EA6;2004;NH3;Jahresmenge;t/a;1495.2271636964176;Ostluft & BAFU
Land- und Forstw.;Stall-Laufhof & Hofdünger-Lager;Purple;16;#9142D3;2004;NH3;Jahresmenge;t/a;1290.6210476523945;Ostluft & BAFU
Land- und Forstw.;Landw. Nutzflächen;Purple;17;#C77DFF;2004;NH3;Jahresmenge;t/a;240.42216816451398;Ostluft & BAFU
Land- und Forstw.;verschiedene;Purple;14;#3C096C;2004;NH3;Jahresmenge;t/a;2.813620523772664;Ostluft & BAFU
Verkehr;Strassenverkehr;Gray;18;#1A1A1A;2004;NH3;Jahresmenge;t/a;569.9651696863881;Ostluft & BAFU
Verkehr;verschiedene;Gray;20;#7F7F7F;2004;NH3;Jahresmenge;t/a;0.04253140591436022;Ostluft & BAFU
Dienstleistungen;verschiedene;Gold;1;#A67C00;2004;NMVOC;Jahresmenge;t/a;448.47278310444347;Ostluft & BAFU
Haushalte;Lösungsmittel;Green;6;#6B917D;2004;NMVOC;Jahresmenge;t/a;1912.5725802858353;Ostluft & BAFU
Haushalte;verschiedene;Green;5;#4A6E67;2004;NMVOC;Jahresmenge;t/a;641.7284525943737;Ostluft & BAFU
Industrie;Lösungsmittel;Blue;9;#293961;2004;NMVOC;Jahresmenge;t/a;4775.308210240386;Ostluft & BAFU
Industrie;verschiedene;Blue;10;#2B4577;2004;NMVOC;Jahresmenge;t/a;1788.5161936245665;Ostluft & BAFU
Industrie;Flächenquellen;Blue;11;#5A709E;2004;NMVOC;Jahresmenge;t/a;1367.8218919250064;Ostluft & BAFU
Land- und Forstw.;verschiedene;Purple;14;#3C096C;2004;NMVOC;Jahresmenge;t/a;1010.9796505611696;Ostluft & BAFU
Verkehr;Zonenverkehr;Gray;19;#4C4C4C;2004;NMVOC;Jahresmenge;t/a;4418.449655286378;Ostluft & BAFU
Verkehr;Strassenverkehr;Gray;18;#1A1A1A;2004;NMVOC;Jahresmenge;t/a;2677.277144915102;Ostluft & BAFU
Verkehr;verschiedene;Gray;20;#7F7F7F;2004;NMVOC;Jahresmenge;t/a;412.1518867464557;Ostluft & BAFU
natürl. Emissionen;Wälder;natural;23;#636B2F;2004;NMVOC;Jahresmenge;t/a;4292.791981103365;Ostluft & BAFU
Dienstleistungen;Feuerungen Öl & Gas;Gold;2;#FFBF00;2004;NOx;Jahresmenge;t/a;749.8050984453863;Ostluft & BAFU
Dienstleistungen;verschiedene;Gold;1;#A67C00;2004;NOx;Jahresmenge;t/a;129.91213353193575;Ostluft & BAFU
Haushalte;Feuerungen Öl & Gas;Green;7;#95B39A;2004;NOx;Jahresmenge;t/a;787.9199534273548;Ostluft & BAFU
Haushalte;verschiedene;Green;5;#4A6E67;2004;NOx;Jahresmenge;t/a;164.82318992259925;Ostluft & BAFU
Industrie;verschiedene;Blue;10;#2B4577;2004;NOx;Jahresmenge;t/a;1415.8711483357877;Ostluft & BAFU
Land- und Forstw.;verschiedene;Purple;14;#3C096C;2004;NOx;Jahresmenge;t/a;579.7673046826887;Ostluft & BAFU
Verkehr;Strassenverkehr;Gray;18;#1A1A1A;2004;NOx;Jahresmenge;t/a;7663.722441479214;Ostluft & BAFU
Verkehr;Flugverkehr;Gray;21;#B2B2B2;2004;NOx;Jahresmenge;t/a;896.8719975097378;Ostluft & BAFU
Verkehr;verschiedene;Gray;20;#7F7F7F;2004;NOx;Jahresmenge;t/a;486.78951714249706;Ostluft & BAFU
Dienstleistungen;Feuerungen Holz & Kohle;Gold;3;#FFD447;2004;PM10;Jahresmenge;t/a;224.6932462902733;Ostluft & BAFU
Dienstleistungen;verschiedene;Gold;1;#A67C00;2004;PM10;Jahresmenge;t/a;10.527017580557867;Ostluft & BAFU
Haushalte;Feuerungen Holz & Kohle;Green;4;#354F52;2004;PM10;Jahresmenge;t/a;491.77621622956946;Ostluft & BAFU
Haushalte;verschiedene;Green;5;#4A6E67;2004;PM10;Jahresmenge;t/a;184.0604094247224;Ostluft & BAFU
Industrie;Baumaschinen;Blue;12;#9EAACC;2004;PM10;Jahresmenge;t/a;267.28716683137463;Ostluft & BAFU
Industrie;Flächenquellen;Blue;11;#5A709E;2004;PM10;Jahresmenge;t/a;230.80588043767042;Ostluft & BAFU
Industrie;verschiedene;Blue;10;#2B4577;2004;PM10;Jahresmenge;t/a;21.267624766012826;Ostluft & BAFU
Land- und Forstw.;verschiedene;Purple;14;#3C096C;2004;PM10;Jahresmenge;t/a;162.5497077646752;Ostluft & BAFU
Verkehr;Strassenverkehr;Gray;18;#1A1A1A;2004;PM10;Jahresmenge;t/a;628.504656643635;Ostluft & BAFU
Verkehr;Schienenverkehr;Gray;22;#E5E5E5;2004;PM10;Jahresmenge;t/a;117.76844746433197;Ostluft & BAFU
Verkehr;verschiedene;Gray;20;#7F7F7F;2004;PM10;Jahresmenge;t/a;39.78475830190632;Ostluft & BAFU
Dienstleistungen;Feuerungen Holz & Kohle;Gold;3;#FFD447;2004;PM2.5;Jahresmenge;t/a;212.22547712496643;Ostluft & BAFU
Dienstleistungen;verschiedene;Gold;1;#A67C00;2004;PM2.5;Jahresmenge;t/a;10.527017580557867;Ostluft & BAFU
Haushalte;Feuerungen Holz & Kohle;Green;4;#354F52;2004;PM2.5;Jahresmenge;t/a;465.2342545052525;Ostluft & BAFU
Haushalte;Private etc;Green;8;#CAD2C5;2004;PM2.5;Jahresmenge;t/a;93.73445248844271;Ostluft & BAFU
Haushalte;verschiedene;Green;5;#4A6E67;2004;PM2.5;Jahresmenge;t/a;31.906174731283958;Ostluft & BAFU
Industrie;Flächenquellen;Blue;11;#5A709E;2004;PM2.5;Jahresmenge;t/a;153.4725197314546;Ostluft & BAFU
Industrie;verschiedene;Blue;10;#2B4577;2004;PM2.5;Jahresmenge;t/a;91.80160859113253;Ostluft & BAFU
Land- und Forstw.;verschiedene;Purple;14;#3C096C;2004;PM2.5;Jahresmenge;t/a;56.35272109805141;Ostluft & BAFU
Verkehr;Strassenverkehr;Gray;18;#1A1A1A;2004;PM2.5;Jahresmenge;t/a;391.53131823734844;Ostluft & BAFU
Verkehr;verschiedene;Gray;20;#7F7F7F;2004;PM2.5;Jahresmenge;t/a;60.499016027673576;Ostluft & BAFU
Dienstleistungen;Feuerungen Öl & Gas;Gold;2;#FFBF00;2004;SO2;Jahresmenge;t/a;405.6118954752239;Ostluft & BAFU
Dienstleistungen;verschiedene;Gold;1;#A67C00;2004;SO2;Jahresmenge;t/a;8.087566663427884;Ostluft & BAFU
Haushalte;Feuerungen Öl & Gas;Green;7;#95B39A;2004;SO2;Jahresmenge;t/a;563.7840881916537;Ostluft & BAFU
Haushalte;verschiedene;Green;5;#4A6E67;2004;SO2;Jahresmenge;t/a;30.006190401237422;Ostluft & BAFU
Industrie;Flächenquellen;Blue;11;#5A709E;2004;SO2;Jahresmenge;t/a;322.53544831313786;Ostluft & BAFU
Industrie;Kehrichtverbrennungsanlagen;Blue;13;#E3E4FA;2004;SO2;Jahresmenge;t/a;41.35713912601981;Ostluft & BAFU
Industrie;verschiedene;Blue;10;#2B4577;2004;SO2;Jahresmenge;t/a;13.210894561761325;Ostluft & BAFU
Land- und Forstw.;verschiedene;Purple;14;#3C096C;2004;SO2;Jahresmenge;t/a;10.981498769966864;Ostluft & BAFU
Verkehr;Flugverkehr;Gray;21;#B2B2B2;2004;SO2;Jahresmenge;t/a;79.299909;Ostluft & BAFU
Verkehr;Strassenverkehr;Gray;18;#1A1A1A;2004;SO2;Jahresmenge;t/a;45.29730461744011;Ostluft & BAFU
Verkehr;verschiedene;Gray;20;#7F7F7F;2004;SO2;Jahresmenge;t/a;2.435545986866382;Ostluft & BAFU
Dienstleistungen;Feuerungen Holz & Kohle;Gold;3;#FFD447;2004;eBC;Jahresmenge;t/a;48.59157072504514;Ostluft & BAFU
Dienstleistungen;verschiedene;Gold;1;#A67C00;2004;eBC;Jahresmenge;t/a;0.6300225637810547;Ostluft & BAFU
Haushalte;Feuerungen Holz & Kohle;Green;4;#354F52;2004;eBC;Jahresmenge;t/a;126.97613113672561;Ostluft & BAFU
Haushalte;verschiedene;Green;5;#4A6E67;2004;eBC;Jahresmenge;t/a;4.521903991361429;Ostluft & BAFU
Industrie;verschiedene;Blue;10;#2B4577;2004;eBC;Jahresmenge;t/a;37.48653310230352;Ostluft & BAFU
Land- und Forstw.;verschiedene;Purple;14;#3C096C;2004;eBC;Jahresmenge;t/a;19.14340762480687;Ostluft & BAFU
Verkehr;Strassenverkehr;Gray;18;#1A1A1A;2004;eBC;Jahresmenge;t/a;180.77264644826678;Ostluft & BAFU
Verkehr;verschiedene;Gray;20;#7F7F7F;2004;eBC;Jahresmenge;t/a;24.884013213893827;Ostluft & BAFU
Dienstleistungen;verschiedene;Gold;1;#A67C00;2005;CO;Jahresmenge;t/a;3070.417318726419;Ostluft & BAFU
Haushalte;Feuerungen Holz & Kohle;Green;4;#354F52;2005;CO;Jahresmenge;t/a;5017.940273828106;Ostluft & BAFU
Haushalte;verschiedene;Green;5;#4A6E67;2005;CO;Jahresmenge;t/a;1224.5248060503527;Ostluft & BAFU
Industrie;verschiedene;Blue;10;#2B4577;2005;CO;Jahresmenge;t/a;2165.737044580303;Ostluft & BAFU
Land- und Forstw.;verschiedene;Purple;14;#3C096C;2005;CO;Jahresmenge;t/a;1701.3670137916047;Ostluft & BAFU
Verkehr;Strassenverkehr;Gray;18;#1A1A1A;2005;CO;Jahresmenge;t/a;19627.757289737587;Ostluft & BAFU
Verkehr;Zonenverkehr;Gray;19;#4C4C4C;2005;CO;Jahresmenge;t/a;14046.118446032171;Ostluft & BAFU
Verkehr;verschiedene;Gray;20;#7F7F7F;2005;CO;Jahresmenge;t/a;1783.7516728898352;Ostluft & BAFU
Dienstleistungen;verschiedene;Gold;1;#A67C00;2005;NH3;Jahresmenge;t/a;7.98454853849488;Ostluft & BAFU
Haushalte;verschiedene;Green;5;#4A6E67;2005;NH3;Jahresmenge;t/a;96.29849705703164;Ostluft & BAFU
Industrie;verschiedene;Blue;10;#2B4577;2005;NH3;Jahresmenge;t/a;102.70779219502894;Ostluft & BAFU
Land- und Forstw.;Hofdüngerausbringung & Weiden;Purple;15;#651EA6;2005;NH3;Jahresmenge;t/a;1527.6788451302145;Ostluft & BAFU
Land- und Forstw.;Stall-Laufhof & Hofdünger-Lager;Purple;16;#9142D3;2005;NH3;Jahresmenge;t/a;1315.9215180648025;Ostluft & BAFU
Land- und Forstw.;Landw. Nutzflächen;Purple;17;#C77DFF;2005;NH3;Jahresmenge;t/a;227.50856599304825;Ostluft & BAFU
Land- und Forstw.;verschiedene;Purple;14;#3C096C;2005;NH3;Jahresmenge;t/a;3.105414942345404;Ostluft & BAFU
Verkehr;Strassenverkehr;Gray;18;#1A1A1A;2005;NH3;Jahresmenge;t/a;533.153638423559;Ostluft & BAFU
Verkehr;verschiedene;Gray;20;#7F7F7F;2005;NH3;Jahresmenge;t/a;0.042754595678161436;Ostluft & BAFU
Dienstleistungen;verschiedene;Gold;1;#A67C00;2005;NMVOC;Jahresmenge;t/a;440.54490579290007;Ostluft & BAFU
Haushalte;Lösungsmittel;Green;6;#6B917D;2005;NMVOC;Jahresmenge;t/a;1851.4476625585226;Ostluft & BAFU
Haushalte;verschiedene;Green;5;#4A6E67;2005;NMVOC;Jahresmenge;t/a;637.8753659462174;Ostluft & BAFU
Industrie;Lösungsmittel;Blue;9;#293961;2005;NMVOC;Jahresmenge;t/a;4725.638822804672;Ostluft & BAFU
Industrie;verschiedene;Blue;10;#2B4577;2005;NMVOC;Jahresmenge;t/a;1668.3053606508195;Ostluft & BAFU
Industrie;Flächenquellen;Blue;11;#5A709E;2005;NMVOC;Jahresmenge;t/a;1389.9242548898624;Ostluft & BAFU
Land- und Forstw.;verschiedene;Purple;14;#3C096C;2005;NMVOC;Jahresmenge;t/a;1031.9515494838383;Ostluft & BAFU
Verkehr;Zonenverkehr;Gray;19;#4C4C4C;2005;NMVOC;Jahresmenge;t/a;4041.352638824133;Ostluft & BAFU
Verkehr;Strassenverkehr;Gray;18;#1A1A1A;2005;NMVOC;Jahresmenge;t/a;2448.7822423236166;Ostluft & BAFU
Verkehr;verschiedene;Gray;20;#7F7F7F;2005;NMVOC;Jahresmenge;t/a;404.98315583534645;Ostluft & BAFU
natürl. Emissionen;Wälder;natural;23;#636B2F;2005;NMVOC;Jahresmenge;t/a;4292.791981103365;Ostluft & BAFU
Dienstleistungen;Feuerungen Öl & Gas;Gold;2;#FFBF00;2005;NOx;Jahresmenge;t/a;739.6487322109173;Ostluft & BAFU
Dienstleistungen;verschiedene;Gold;1;#A67C00;2005;NOx;Jahresmenge;t/a;134.0776210700092;Ostluft & BAFU
Haushalte;Feuerungen Öl & Gas;Green;7;#95B39A;2005;NOx;Jahresmenge;t/a;781.8878506563667;Ostluft & BAFU
Haushalte;verschiedene;Green;5;#4A6E67;2005;NOx;Jahresmenge;t/a;171.23004963019355;Ostluft & BAFU
Industrie;verschiedene;Blue;10;#2B4577;2005;NOx;Jahresmenge;t/a;1394.4195636344036;Ostluft & BAFU
Land- und Forstw.;verschiedene;Purple;14;#3C096C;2005;NOx;Jahresmenge;t/a;573.9221932506376;Ostluft & BAFU
Verkehr;Strassenverkehr;Gray;18;#1A1A1A;2005;NOx;Jahresmenge;t/a;7640.210774145822;Ostluft & BAFU
Verkehr;Flugverkehr;Gray;21;#B2B2B2;2005;NOx;Jahresmenge;t/a;910.8109818773787;Ostluft & BAFU
Verkehr;verschiedene;Gray;20;#7F7F7F;2005;NOx;Jahresmenge;t/a;487.57557318096167;Ostluft & BAFU
Dienstleistungen;Feuerungen Holz & Kohle;Gold;3;#FFD447;2005;PM10;Jahresmenge;t/a;218.00825634171613;Ostluft & BAFU
Dienstleistungen;verschiedene;Gold;1;#A67C00;2005;PM10;Jahresmenge;t/a;10.25581718851231;Ostluft & BAFU
Haushalte;Feuerungen Holz & Kohle;Green;4;#354F52;2005;PM10;Jahresmenge;t/a;470.4860641470733;Ostluft & BAFU
Haushalte;verschiedene;Green;5;#4A6E67;2005;PM10;Jahresmenge;t/a;162.73351740976096;Ostluft & BAFU
Industrie;Baumaschinen;Blue;12;#9EAACC;2005;PM10;Jahresmenge;t/a;265.28816733323026;Ostluft & BAFU
Industrie;Flächenquellen;Blue;11;#5A709E;2005;PM10;Jahresmenge;t/a;232.45720334572073;Ostluft & BAFU
Industrie;verschiedene;Blue;10;#2B4577;2005;PM10;Jahresmenge;t/a;20.774747987421026;Ostluft & BAFU
Land- und Forstw.;verschiedene;Purple;14;#3C096C;2005;PM10;Jahresmenge;t/a;164.5694135972713;Ostluft & BAFU
Verkehr;Strassenverkehr;Gray;18;#1A1A1A;2005;PM10;Jahresmenge;t/a;628.2165848363313;Ostluft & BAFU
Verkehr;Schienenverkehr;Gray;22;#E5E5E5;2005;PM10;Jahresmenge;t/a;113.9138713268331;Ostluft & BAFU
Verkehr;verschiedene;Gray;20;#7F7F7F;2005;PM10;Jahresmenge;t/a;38.031124018589935;Ostluft & BAFU
Dienstleistungen;Feuerungen Holz & Kohle;Gold;3;#FFD447;2005;PM2.5;Jahresmenge;t/a;205.80353690094324;Ostluft & BAFU
Dienstleistungen;verschiedene;Gold;1;#A67C00;2005;PM2.5;Jahresmenge;t/a;10.25581718851231;Ostluft & BAFU
Haushalte;Feuerungen Holz & Kohle;Green;4;#354F52;2005;PM2.5;Jahresmenge;t/a;444.9549210482801;Ostluft & BAFU
Haushalte;Private etc;Green;8;#CAD2C5;2005;PM2.5;Jahresmenge;t/a;91.56016892741668;Ostluft & BAFU
Haushalte;verschiedene;Green;5;#4A6E67;2005;PM2.5;Jahresmenge;t/a;23.18552789269223;Ostluft & BAFU
Industrie;Flächenquellen;Blue;11;#5A709E;2005;PM2.5;Jahresmenge;t/a;152.03578052196463;Ostluft & BAFU
Industrie;verschiedene;Blue;10;#2B4577;2005;PM2.5;Jahresmenge;t/a;87.3244954476126;Ostluft & BAFU
Land- und Forstw.;verschiedene;Purple;14;#3C096C;2005;PM2.5;Jahresmenge;t/a;56.62402547126628;Ostluft & BAFU
Verkehr;Strassenverkehr;Gray;18;#1A1A1A;2005;PM2.5;Jahresmenge;t/a;390.5342700060318;Ostluft & BAFU
Verkehr;verschiedene;Gray;20;#7F7F7F;2005;PM2.5;Jahresmenge;t/a;58.100208642542285;Ostluft & BAFU
Dienstleistungen;Feuerungen Öl & Gas;Gold;2;#FFBF00;2005;SO2;Jahresmenge;t/a;394.2426352505712;Ostluft & BAFU
Dienstleistungen;verschiedene;Gold;1;#A67C00;2005;SO2;Jahresmenge;t/a;8.309769840269341;Ostluft & BAFU
Haushalte;Feuerungen Öl & Gas;Green;7;#95B39A;2005;SO2;Jahresmenge;t/a;548.588725873572;Ostluft & BAFU
Haushalte;verschiedene;Green;5;#4A6E67;2005;SO2;Jahresmenge;t/a;30.02832185625538;Ostluft & BAFU
Industrie;Flächenquellen;Blue;11;#5A709E;2005;SO2;Jahresmenge;t/a;256.53230309192435;Ostluft & BAFU
Industrie;Kehrichtverbrennungsanlagen;Blue;13;#E3E4FA;2005;SO2;Jahresmenge;t/a;42.03656041807251;Ostluft & BAFU
Industrie;verschiedene;Blue;10;#2B4577;2005;SO2;Jahresmenge;t/a;10.146765729989669;Ostluft & BAFU
Land- und Forstw.;verschiedene;Purple;14;#3C096C;2005;SO2;Jahresmenge;t/a;9.688949309690585;Ostluft & BAFU
Verkehr;Flugverkehr;Gray;21;#B2B2B2;2005;SO2;Jahresmenge;t/a;79.98553900000002;Ostluft & BAFU
Verkehr;Strassenverkehr;Gray;18;#1A1A1A;2005;SO2;Jahresmenge;t/a;7.920954266082503;Ostluft & BAFU
Verkehr;verschiedene;Gray;20;#7F7F7F;2005;SO2;Jahresmenge;t/a;0.9232100031079576;Ostluft & BAFU
Dienstleistungen;Feuerungen Holz & Kohle;Gold;3;#FFD447;2005;eBC;Jahresmenge;t/a;47.99915195189439;Ostluft & BAFU
Dienstleistungen;verschiedene;Gold;1;#A67C00;2005;eBC;Jahresmenge;t/a;0.6065872866285095;Ostluft & BAFU
Haushalte;Feuerungen Holz & Kohle;Green;4;#354F52;2005;eBC;Jahresmenge;t/a;124.38866557991419;Ostluft & BAFU
Haushalte;verschiedene;Green;5;#4A6E67;2005;eBC;Jahresmenge;t/a;4.589027551527018;Ostluft & BAFU
Industrie;verschiedene;Blue;10;#2B4577;2005;eBC;Jahresmenge;t/a;35.634292472916556;Ostluft & BAFU
Land- und Forstw.;verschiedene;Purple;14;#3C096C;2005;eBC;Jahresmenge;t/a;18.89811326423743;Ostluft & BAFU
Verkehr;Strassenverkehr;Gray;18;#1A1A1A;2005;eBC;Jahresmenge;t/a;182.98314791938577;Ostluft & BAFU
Verkehr;verschiedene;Gray;20;#7F7F7F;2005;eBC;Jahresmenge;t/a;24.34671255513254;Ostluft & BAFU
Dienstleistungen;verschiedene;Gold;1;#A67C00;2006;CO;Jahresmenge;t/a;3100.353758560209;Ostluft & BAFU
Haushalte;Feuerungen Holz & Kohle;Green;4;#354F52;2006;CO;Jahresmenge;t/a;4708.901148266158;Ostluft & BAFU
Haushalte;verschiedene;Green;5;#4A6E67;2006;CO;Jahresmenge;t/a;1197.8799537942705;Ostluft & BAFU
Industrie;verschiedene;Blue;10;#2B4577;2006;CO;Jahresmenge;t/a;1972.1121025233342;Ostluft & BAFU
Land- und Forstw.;verschiedene;Purple;14;#3C096C;2006;CO;Jahresmenge;t/a;1647.705799467971;Ostluft & BAFU
Verkehr;Strassenverkehr;Gray;18;#1A1A1A;2006;CO;Jahresmenge;t/a;17875.042336067054;Ostluft & BAFU
Verkehr;Zonenverkehr;Gray;19;#4C4C4C;2006;CO;Jahresmenge;t/a;12791.831393366192;Ostluft & BAFU
Verkehr;verschiedene;Gray;20;#7F7F7F;2006;CO;Jahresmenge;t/a;1799.0120371802655;Ostluft & BAFU
Dienstleistungen;verschiedene;Gold;1;#A67C00;2006;NH3;Jahresmenge;t/a;8.402575357375229;Ostluft & BAFU
Haushalte;verschiedene;Green;5;#4A6E67;2006;NH3;Jahresmenge;t/a;94.0181528038167;Ostluft & BAFU
Industrie;verschiedene;Blue;10;#2B4577;2006;NH3;Jahresmenge;t/a;103.47189681628213;Ostluft & BAFU
Land- und Forstw.;Hofdüngerausbringung & Weiden;Purple;15;#651EA6;2006;NH3;Jahresmenge;t/a;1553.0896721218744;Ostluft & BAFU
Land- und Forstw.;Stall-Laufhof & Hofdünger-Lager;Purple;16;#9142D3;2006;NH3;Jahresmenge;t/a;1329.5389050458934;Ostluft & BAFU
Land- und Forstw.;Landw. Nutzflächen;Purple;17;#C77DFF;2006;NH3;Jahresmenge;t/a;213.12328148633244;Ostluft & BAFU
Land- und Forstw.;verschiedene;Purple;14;#3C096C;2006;NH3;Jahresmenge;t/a;3.8070808103329243;Ostluft & BAFU
Verkehr;Strassenverkehr;Gray;18;#1A1A1A;2006;NH3;Jahresmenge;t/a;487.8395316636083;Ostluft & BAFU
Verkehr;verschiedene;Gray;20;#7F7F7F;2006;NH3;Jahresmenge;t/a;0.04301301060968398;Ostluft & BAFU
Dienstleistungen;verschiedene;Gold;1;#A67C00;2006;NMVOC;Jahresmenge;t/a;427.62556517065286;Ostluft & BAFU
Haushalte;Lösungsmittel;Green;6;#6B917D;2006;NMVOC;Jahresmenge;t/a;1790.1622426748515;Ostluft & BAFU
Haushalte;verschiedene;Green;5;#4A6E67;2006;NMVOC;Jahresmenge;t/a;605.7506872627182;Ostluft & BAFU
Industrie;Lösungsmittel;Blue;9;#293961;2006;NMVOC;Jahresmenge;t/a;4694.196524623723;Ostluft & BAFU
Industrie;verschiedene;Blue;10;#2B4577;2006;NMVOC;Jahresmenge;t/a;1625.7730883001036;Ostluft & BAFU
Industrie;Flächenquellen;Blue;11;#5A709E;2006;NMVOC;Jahresmenge;t/a;1367.9750315150015;Ostluft & BAFU
Land- und Forstw.;verschiedene;Purple;14;#3C096C;2006;NMVOC;Jahresmenge;t/a;1050.5880890199112;Ostluft & BAFU
Verkehr;Zonenverkehr;Gray;19;#4C4C4C;2006;NMVOC;Jahresmenge;t/a;3606.021316364399;Ostluft & BAFU
Verkehr;Strassenverkehr;Gray;18;#1A1A1A;2006;NMVOC;Jahresmenge;t/a;2185.0013483413422;Ostluft & BAFU
Verkehr;verschiedene;Gray;20;#7F7F7F;2006;NMVOC;Jahresmenge;t/a;417.780343958293;Ostluft & BAFU
natürl. Emissionen;Wälder;natural;23;#636B2F;2006;NMVOC;Jahresmenge;t/a;4292.791981103365;Ostluft & BAFU
Dienstleistungen;Feuerungen Öl & Gas;Gold;2;#FFBF00;2006;NOx;Jahresmenge;t/a;689.1419507416721;Ostluft & BAFU
Dienstleistungen;verschiedene;Gold;1;#A67C00;2006;NOx;Jahresmenge;t/a;149.39865402439656;Ostluft & BAFU
Haushalte;Feuerungen Öl & Gas;Green;7;#95B39A;2006;NOx;Jahresmenge;t/a;734.2988577876598;Ostluft & BAFU
Haushalte;verschiedene;Green;5;#4A6E67;2006;NOx;Jahresmenge;t/a;169.90892750291104;Ostluft & BAFU
Industrie;verschiedene;Blue;10;#2B4577;2006;NOx;Jahresmenge;t/a;1396.8810085127786;Ostluft & BAFU
Land- und Forstw.;verschiedene;Purple;14;#3C096C;2006;NOx;Jahresmenge;t/a;561.3848201904971;Ostluft & BAFU
Verkehr;Strassenverkehr;Gray;18;#1A1A1A;2006;NOx;Jahresmenge;t/a;7444.60879016607;Ostluft & BAFU
Verkehr;Flugverkehr;Gray;21;#B2B2B2;2006;NOx;Jahresmenge;t/a;952.2222873068598;Ostluft & BAFU
Verkehr;verschiedene;Gray;20;#7F7F7F;2006;NOx;Jahresmenge;t/a;478.99063366962474;Ostluft & BAFU
Dienstleistungen;Feuerungen Holz & Kohle;Gold;3;#FFD447;2006;PM10;Jahresmenge;t/a;218.03704871402417;Ostluft & BAFU
Dienstleistungen;verschiedene;Gold;1;#A67C00;2006;PM10;Jahresmenge;t/a;10.093278582518005;Ostluft & BAFU
Haushalte;Feuerungen Holz & Kohle;Green;4;#354F52;2006;PM10;Jahresmenge;t/a;424.1524353292189;Ostluft & BAFU
Haushalte;verschiedene;Green;5;#4A6E67;2006;PM10;Jahresmenge;t/a;166.66014379400426;Ostluft & BAFU
Industrie;Baumaschinen;Blue;12;#9EAACC;2006;PM10;Jahresmenge;t/a;263.78390780632606;Ostluft & BAFU
Industrie;Flächenquellen;Blue;11;#5A709E;2006;PM10;Jahresmenge;t/a;228.54082430339994;Ostluft & BAFU
Industrie;verschiedene;Blue;10;#2B4577;2006;PM10;Jahresmenge;t/a;19.993115499885363;Ostluft & BAFU
Land- und Forstw.;verschiedene;Purple;14;#3C096C;2006;PM10;Jahresmenge;t/a;165.97141763179863;Ostluft & BAFU
Verkehr;Strassenverkehr;Gray;18;#1A1A1A;2006;PM10;Jahresmenge;t/a;620.401899156516;Ostluft & BAFU
Verkehr;Schienenverkehr;Gray;22;#E5E5E5;2006;PM10;Jahresmenge;t/a;128.7699046995259;Ostluft & BAFU
Verkehr;verschiedene;Gray;20;#7F7F7F;2006;PM10;Jahresmenge;t/a;38.423647964871336;Ostluft & BAFU
Dienstleistungen;Feuerungen Holz & Kohle;Gold;3;#FFD447;2006;PM2.5;Jahresmenge;t/a;205.66848123724782;Ostluft & BAFU
Dienstleistungen;verschiedene;Gold;1;#A67C00;2006;PM2.5;Jahresmenge;t/a;10.093278582518005;Ostluft & BAFU
Haushalte;Feuerungen Holz & Kohle;Green;4;#354F52;2006;PM2.5;Jahresmenge;t/a;400.96701797905547;Ostluft & BAFU
Haushalte;Private etc;Green;8;#CAD2C5;2006;PM2.5;Jahresmenge;t/a;92.95327852543706;Ostluft & BAFU
Haushalte;verschiedene;Green;5;#4A6E67;2006;PM2.5;Jahresmenge;t/a;25.611763791758307;Ostluft & BAFU
Industrie;Flächenquellen;Blue;11;#5A709E;2006;PM2.5;Jahresmenge;t/a;147.0983649456448;Ostluft & BAFU
Industrie;verschiedene;Blue;10;#2B4577;2006;PM2.5;Jahresmenge;t/a;82.94218633266259;Ostluft & BAFU
Land- und Forstw.;verschiedene;Purple;14;#3C096C;2006;PM2.5;Jahresmenge;t/a;57.818426768257396;Ostluft & BAFU
Verkehr;Strassenverkehr;Gray;18;#1A1A1A;2006;PM2.5;Jahresmenge;t/a;380.27570018620236;Ostluft & BAFU
Verkehr;verschiedene;Gray;20;#7F7F7F;2006;PM2.5;Jahresmenge;t/a;60.38848633086875;Ostluft & BAFU
Dienstleistungen;Feuerungen Öl & Gas;Gold;2;#FFBF00;2006;SO2;Jahresmenge;t/a;345.2484264225561;Ostluft & BAFU
Dienstleistungen;verschiedene;Gold;1;#A67C00;2006;SO2;Jahresmenge;t/a;8.850848794899388;Ostluft & BAFU
Haushalte;Feuerungen Öl & Gas;Green;7;#95B39A;2006;SO2;Jahresmenge;t/a;487.76914645914263;Ostluft & BAFU
Haushalte;verschiedene;Green;5;#4A6E67;2006;SO2;Jahresmenge;t/a;29.957885698042;Ostluft & BAFU
Industrie;Flächenquellen;Blue;11;#5A709E;2006;SO2;Jahresmenge;t/a;239.84135867340936;Ostluft & BAFU
Industrie;Kehrichtverbrennungsanlagen;Blue;13;#E3E4FA;2006;SO2;Jahresmenge;t/a;44.887445996521016;Ostluft & BAFU
Industrie;verschiedene;Blue;10;#2B4577;2006;SO2;Jahresmenge;t/a;11.339834850517793;Ostluft & BAFU
Land- und Forstw.;verschiedene;Purple;14;#3C096C;2006;SO2;Jahresmenge;t/a;8.020229454972428;Ostluft & BAFU
Verkehr;Flugverkehr;Gray;21;#B2B2B2;2006;SO2;Jahresmenge;t/a;83.01340800000001;Ostluft & BAFU
Verkehr;Strassenverkehr;Gray;18;#1A1A1A;2006;SO2;Jahresmenge;t/a;8.66661083833387;Ostluft & BAFU
Verkehr;verschiedene;Gray;20;#7F7F7F;2006;SO2;Jahresmenge;t/a;0.9085211636322182;Ostluft & BAFU
Dienstleistungen;Feuerungen Holz & Kohle;Gold;3;#FFD447;2006;eBC;Jahresmenge;t/a;47.59766795832835;Ostluft & BAFU
Dienstleistungen;verschiedene;Gold;1;#A67C00;2006;eBC;Jahresmenge;t/a;0.600389781781913;Ostluft & BAFU
Haushalte;Feuerungen Holz & Kohle;Green;4;#354F52;2006;eBC;Jahresmenge;t/a;115.06955241498508;Ostluft & BAFU
Haushalte;verschiedene;Green;5;#4A6E67;2006;eBC;Jahresmenge;t/a;4.612871347920516;Ostluft & BAFU
Industrie;verschiedene;Blue;10;#2B4577;2006;eBC;Jahresmenge;t/a;31.567832916813984;Ostluft & BAFU
Land- und Forstw.;verschiedene;Purple;14;#3C096C;2006;eBC;Jahresmenge;t/a;18.619859896340063;Ostluft & BAFU
Verkehr;Strassenverkehr;Gray;18;#1A1A1A;2006;eBC;Jahresmenge;t/a;178.58257041421268;Ostluft & BAFU
Verkehr;verschiedene;Gray;20;#7F7F7F;2006;eBC;Jahresmenge;t/a;24.064629161878475;Ostluft & BAFU
Dienstleistungen;verschiedene;Gold;1;#A67C00;2007;CO;Jahresmenge;t/a;2920.510788788836;Ostluft & BAFU
Haushalte;Feuerungen Holz & Kohle;Green;4;#354F52;2007;CO;Jahresmenge;t/a;4059.3630916899983;Ostluft & BAFU
Haushalte;verschiedene;Green;5;#4A6E67;2007;CO;Jahresmenge;t/a;1156.3538117913295;Ostluft & BAFU
Industrie;verschiedene;Blue;10;#2B4577;2007;CO;Jahresmenge;t/a;1817.15324044691;Ostluft & BAFU
Land- und Forstw.;verschiedene;Purple;14;#3C096C;2007;CO;Jahresmenge;t/a;1601.9884354211097;Ostluft & BAFU
Verkehr;Strassenverkehr;Gray;18;#1A1A1A;2007;CO;Jahresmenge;t/a;16998.75184417382;Ostluft & BAFU
Verkehr;Zonenverkehr;Gray;19;#4C4C4C;2007;CO;Jahresmenge;t/a;12164.735803148167;Ostluft & BAFU
Verkehr;verschiedene;Gray;20;#7F7F7F;2007;CO;Jahresmenge;t/a;1953.5163066117095;Ostluft & BAFU
Dienstleistungen;verschiedene;Gold;1;#A67C00;2007;NH3;Jahresmenge;t/a;7.956925611049195;Ostluft & BAFU
Haushalte;verschiedene;Green;5;#4A6E67;2007;NH3;Jahresmenge;t/a;94.61414402598476;Ostluft & BAFU
Industrie;verschiedene;Blue;10;#2B4577;2007;NH3;Jahresmenge;t/a;102.46428377716246;Ostluft & BAFU
Land- und Forstw.;Hofdüngerausbringung & Weiden;Purple;15;#651EA6;2007;NH3;Jahresmenge;t/a;1571.9155137951295;Ostluft & BAFU
Land- und Forstw.;Stall-Laufhof & Hofdünger-Lager;Purple;16;#9142D3;2007;NH3;Jahresmenge;t/a;1331.9820640078367;Ostluft & BAFU
Land- und Forstw.;Landw. Nutzflächen;Purple;17;#C77DFF;2007;NH3;Jahresmenge;t/a;240.8452259842307;Ostluft & BAFU
Land- und Forstw.;verschiedene;Purple;14;#3C096C;2007;NH3;Jahresmenge;t/a;4.984525563977323;Ostluft & BAFU
Verkehr;Strassenverkehr;Gray;18;#1A1A1A;2007;NH3;Jahresmenge;t/a;457.25480597213374;Ostluft & BAFU
Verkehr;verschiedene;Gray;20;#7F7F7F;2007;NH3;Jahresmenge;t/a;0.04324501258361121;Ostluft & BAFU
Dienstleistungen;verschiedene;Gold;1;#A67C00;2007;NMVOC;Jahresmenge;t/a;395.328436831438;Ostluft & BAFU
Haushalte;Lösungsmittel;Green;6;#6B917D;2007;NMVOC;Jahresmenge;t/a;1732.456344190867;Ostluft & BAFU
Haushalte;verschiedene;Green;5;#4A6E67;2007;NMVOC;Jahresmenge;t/a;538.6287910465104;Ostluft & BAFU
Industrie;Lösungsmittel;Blue;9;#293961;2007;NMVOC;Jahresmenge;t/a;4682.394208300516;Ostluft & BAFU
Industrie;verschiedene;Blue;10;#2B4577;2007;NMVOC;Jahresmenge;t/a;1532.5321121815794;Ostluft & BAFU
Industrie;Flächenquellen;Blue;11;#5A709E;2007;NMVOC;Jahresmenge;t/a;1341.6730393715548;Ostluft & BAFU
Land- und Forstw.;verschiedene;Purple;14;#3C096C;2007;NMVOC;Jahresmenge;t/a;1072.8570188186418;Ostluft & BAFU
Verkehr;Zonenverkehr;Gray;19;#4C4C4C;2007;NMVOC;Jahresmenge;t/a;3352.534043603091;Ostluft & BAFU
Verkehr;Strassenverkehr;Gray;18;#1A1A1A;2007;NMVOC;Jahresmenge;t/a;2031.4054640748454;Ostluft & BAFU
Verkehr;verschiedene;Gray;20;#7F7F7F;2007;NMVOC;Jahresmenge;t/a;467.41582753369585;Ostluft & BAFU
natürl. Emissionen;Wälder;natural;23;#636B2F;2007;NMVOC;Jahresmenge;t/a;4292.791981103365;Ostluft & BAFU
Dienstleistungen;Feuerungen Öl & Gas;Gold;2;#FFBF00;2007;NOx;Jahresmenge;t/a;615.5044535785709;Ostluft & BAFU
Dienstleistungen;verschiedene;Gold;1;#A67C00;2007;NOx;Jahresmenge;t/a;145.45039372615062;Ostluft & BAFU
Haushalte;Feuerungen Öl & Gas;Green;7;#95B39A;2007;NOx;Jahresmenge;t/a;632.2117888224468;Ostluft & BAFU
Haushalte;verschiedene;Green;5;#4A6E67;2007;NOx;Jahresmenge;t/a;157.81613158741263;Ostluft & BAFU
Industrie;verschiedene;Blue;10;#2B4577;2007;NOx;Jahresmenge;t/a;1332.3730171355503;Ostluft & BAFU
Land- und Forstw.;verschiedene;Purple;14;#3C096C;2007;NOx;Jahresmenge;t/a;552.2049700821809;Ostluft & BAFU
Verkehr;Strassenverkehr;Gray;18;#1A1A1A;2007;NOx;Jahresmenge;t/a;7456.2414183981255;Ostluft & BAFU
Verkehr;Flugverkehr;Gray;21;#B2B2B2;2007;NOx;Jahresmenge;t/a;1012.0000000000001;Ostluft & BAFU
Verkehr;verschiedene;Gray;20;#7F7F7F;2007;NOx;Jahresmenge;t/a;476.00508713704477;Ostluft & BAFU
Dienstleistungen;Feuerungen Holz & Kohle;Gold;3;#FFD447;2007;PM10;Jahresmenge;t/a;194.4271141202719;Ostluft & BAFU
Dienstleistungen;verschiedene;Gold;1;#A67C00;2007;PM10;Jahresmenge;t/a;9.406015202982854;Ostluft & BAFU
Haushalte;Feuerungen Holz & Kohle;Green;4;#354F52;2007;PM10;Jahresmenge;t/a;350.16103619770007;Ostluft & BAFU
Haushalte;verschiedene;Green;5;#4A6E67;2007;PM10;Jahresmenge;t/a;169.71016540097023;Ostluft & BAFU
Industrie;Baumaschinen;Blue;12;#9EAACC;2007;PM10;Jahresmenge;t/a;261.1972713526921;Ostluft & BAFU
Industrie;Flächenquellen;Blue;11;#5A709E;2007;PM10;Jahresmenge;t/a;216.63522043353274;Ostluft & BAFU
Industrie;verschiedene;Blue;10;#2B4577;2007;PM10;Jahresmenge;t/a;18.41972040080833;Ostluft & BAFU
Land- und Forstw.;verschiedene;Purple;14;#3C096C;2007;PM10;Jahresmenge;t/a;172.93870878870365;Ostluft & BAFU
Verkehr;Strassenverkehr;Gray;18;#1A1A1A;2007;PM10;Jahresmenge;t/a;613.9834209850704;Ostluft & BAFU
Verkehr;Schienenverkehr;Gray;22;#E5E5E5;2007;PM10;Jahresmenge;t/a;127.20115310966499;Ostluft & BAFU
Verkehr;verschiedene;Gray;20;#7F7F7F;2007;PM10;Jahresmenge;t/a;37.54928803799401;Ostluft & BAFU
Dienstleistungen;Feuerungen Holz & Kohle;Gold;3;#FFD447;2007;PM2.5;Jahresmenge;t/a;183.25587983417958;Ostluft & BAFU
Dienstleistungen;verschiedene;Gold;1;#A67C00;2007;PM2.5;Jahresmenge;t/a;9.406015202982854;Ostluft & BAFU
Haushalte;Feuerungen Holz & Kohle;Green;4;#354F52;2007;PM2.5;Jahresmenge;t/a;330.8363379106668;Ostluft & BAFU
Haushalte;Private etc;Green;8;#CAD2C5;2007;PM2.5;Jahresmenge;t/a;91.29767634162785;Ostluft & BAFU
Haushalte;verschiedene;Green;5;#4A6E67;2007;PM2.5;Jahresmenge;t/a;27.924820018008766;Ostluft & BAFU
Industrie;Flächenquellen;Blue;11;#5A709E;2007;PM2.5;Jahresmenge;t/a;137.5596680650779;Ostluft & BAFU
Industrie;verschiedene;Blue;10;#2B4577;2007;PM2.5;Jahresmenge;t/a;76.88207246871463;Ostluft & BAFU
Land- und Forstw.;verschiedene;Purple;14;#3C096C;2007;PM2.5;Jahresmenge;t/a;62.90589068131567;Ostluft & BAFU
Verkehr;Strassenverkehr;Gray;18;#1A1A1A;2007;PM2.5;Jahresmenge;t/a;371.75207553921473;Ostluft & BAFU
Verkehr;verschiedene;Gray;20;#7F7F7F;2007;PM2.5;Jahresmenge;t/a;58.0097402841471;Ostluft & BAFU
Dienstleistungen;Feuerungen Öl & Gas;Gold;2;#FFBF00;2007;SO2;Jahresmenge;t/a;283.47561654025753;Ostluft & BAFU
Dienstleistungen;verschiedene;Gold;1;#A67C00;2007;SO2;Jahresmenge;t/a;8.145098923627657;Ostluft & BAFU
Haushalte;Feuerungen Öl & Gas;Green;7;#95B39A;2007;SO2;Jahresmenge;t/a;390.1574599222111;Ostluft & BAFU
Haushalte;verschiedene;Green;5;#4A6E67;2007;SO2;Jahresmenge;t/a;28.633240720031637;Ostluft & BAFU
Industrie;Flächenquellen;Blue;11;#5A709E;2007;SO2;Jahresmenge;t/a;178.4549857766833;Ostluft & BAFU
Industrie;Kehrichtverbrennungsanlagen;Blue;13;#E3E4FA;2007;SO2;Jahresmenge;t/a;42.49747295459509;Ostluft & BAFU
Industrie;verschiedene;Blue;10;#2B4577;2007;SO2;Jahresmenge;t/a;10.60749138619844;Ostluft & BAFU
Land- und Forstw.;verschiedene;Purple;14;#3C096C;2007;SO2;Jahresmenge;t/a;6.042721656581791;Ostluft & BAFU
Verkehr;Flugverkehr;Gray;21;#B2B2B2;2007;SO2;Jahresmenge;t/a;86.647382;Ostluft & BAFU
Verkehr;Strassenverkehr;Gray;18;#1A1A1A;2007;SO2;Jahresmenge;t/a;8.692163148938182;Ostluft & BAFU
Verkehr;verschiedene;Gray;20;#7F7F7F;2007;SO2;Jahresmenge;t/a;0.8705602336389613;Ostluft & BAFU
Dienstleistungen;Feuerungen Holz & Kohle;Gold;3;#FFD447;2007;eBC;Jahresmenge;t/a;42.758454428164434;Ostluft & BAFU
Dienstleistungen;verschiedene;Gold;1;#A67C00;2007;eBC;Jahresmenge;t/a;0.5582506566596381;Ostluft & BAFU
Haushalte;Feuerungen Holz & Kohle;Green;4;#354F52;2007;eBC;Jahresmenge;t/a;97.30052944714406;Ostluft & BAFU
Haushalte;verschiedene;Green;5;#4A6E67;2007;eBC;Jahresmenge;t/a;4.583139423697703;Ostluft & BAFU
Industrie;verschiedene;Blue;10;#2B4577;2007;eBC;Jahresmenge;t/a;27.081944655127277;Ostluft & BAFU
Land- und Forstw.;verschiedene;Purple;14;#3C096C;2007;eBC;Jahresmenge;t/a;18.632891553533394;Ostluft & BAFU
Verkehr;Strassenverkehr;Gray;18;#1A1A1A;2007;eBC;Jahresmenge;t/a;173.07505758803723;Ostluft & BAFU
Verkehr;verschiedene;Gray;20;#7F7F7F;2007;eBC;Jahresmenge;t/a;23.742078861235075;Ostluft & BAFU
Dienstleistungen;verschiedene;Gold;1;#A67C00;2008;CO;Jahresmenge;t/a;2872.3252499409973;Ostluft & BAFU
Haushalte;Feuerungen Holz & Kohle;Green;4;#354F52;2008;CO;Jahresmenge;t/a;4326.530007299967;Ostluft & BAFU
Haushalte;verschiedene;Green;5;#4A6E67;2008;CO;Jahresmenge;t/a;1169.2725768396535;Ostluft & BAFU
Industrie;verschiedene;Blue;10;#2B4577;2008;CO;Jahresmenge;t/a;1803.368355784268;Ostluft & BAFU
Land- und Forstw.;verschiedene;Purple;14;#3C096C;2008;CO;Jahresmenge;t/a;1525.2202942031652;Ostluft & BAFU
Verkehr;Strassenverkehr;Gray;18;#1A1A1A;2008;CO;Jahresmenge;t/a;16008.695433910765;Ostluft & BAFU
Verkehr;Zonenverkehr;Gray;19;#4C4C4C;2008;CO;Jahresmenge;t/a;11456.226450728198;Ostluft & BAFU
Verkehr;verschiedene;Gray;20;#7F7F7F;2008;CO;Jahresmenge;t/a;2051.420870733448;Ostluft & BAFU
Dienstleistungen;verschiedene;Gold;1;#A67C00;2008;NH3;Jahresmenge;t/a;8.127402069369555;Ostluft & BAFU
Haushalte;verschiedene;Green;5;#4A6E67;2008;NH3;Jahresmenge;t/a;96.52851924853022;Ostluft & BAFU
Industrie;verschiedene;Blue;10;#2B4577;2008;NH3;Jahresmenge;t/a;101.72546805100683;Ostluft & BAFU
Land- und Forstw.;Hofdüngerausbringung & Weiden;Purple;15;#651EA6;2008;NH3;Jahresmenge;t/a;1576.296046152869;Ostluft & BAFU
Land- und Forstw.;Stall-Laufhof & Hofdünger-Lager;Purple;16;#9142D3;2008;NH3;Jahresmenge;t/a;1326.577478881687;Ostluft & BAFU
Land- und Forstw.;Landw. Nutzflächen;Purple;17;#C77DFF;2008;NH3;Jahresmenge;t/a;219.9098117998801;Ostluft & BAFU
Land- und Forstw.;verschiedene;Purple;14;#3C096C;2008;NH3;Jahresmenge;t/a;5.028698085023327;Ostluft & BAFU
Verkehr;Strassenverkehr;Gray;18;#1A1A1A;2008;NH3;Jahresmenge;t/a;426.84229518481794;Ostluft & BAFU
Verkehr;verschiedene;Gray;20;#7F7F7F;2008;NH3;Jahresmenge;t/a;0.04345060020568787;Ostluft & BAFU
Dienstleistungen;verschiedene;Gold;1;#A67C00;2008;NMVOC;Jahresmenge;t/a;378.8082091949873;Ostluft & BAFU
Haushalte;Lösungsmittel;Green;6;#6B917D;2008;NMVOC;Jahresmenge;t/a;1679.73749404424;Ostluft & BAFU
Haushalte;verschiedene;Green;5;#4A6E67;2008;NMVOC;Jahresmenge;t/a;565.8802654632638;Ostluft & BAFU
Industrie;Lösungsmittel;Blue;9;#293961;2008;NMVOC;Jahresmenge;t/a;4654.808684755472;Ostluft & BAFU
Industrie;verschiedene;Blue;10;#2B4577;2008;NMVOC;Jahresmenge;t/a;1482.414860798206;Ostluft & BAFU
Industrie;Flächenquellen;Blue;11;#5A709E;2008;NMVOC;Jahresmenge;t/a;1267.7835668738983;Ostluft & BAFU
Land- und Forstw.;verschiedene;Purple;14;#3C096C;2008;NMVOC;Jahresmenge;t/a;1077.7445269025252;Ostluft & BAFU
Verkehr;Zonenverkehr;Gray;19;#4C4C4C;2008;NMVOC;Jahresmenge;t/a;3081.287533872283;Ostluft & BAFU
Verkehr;Strassenverkehr;Gray;18;#1A1A1A;2008;NMVOC;Jahresmenge;t/a;1867.048701455307;Ostluft & BAFU
Verkehr;verschiedene;Gray;20;#7F7F7F;2008;NMVOC;Jahresmenge;t/a;481.1290136403406;Ostluft & BAFU
natürl. Emissionen;Wälder;natural;23;#636B2F;2008;NMVOC;Jahresmenge;t/a;4292.791981103365;Ostluft & BAFU
Dienstleistungen;Feuerungen Öl & Gas;Gold;2;#FFBF00;2008;NOx;Jahresmenge;t/a;624.0599229984076;Ostluft & BAFU
Dienstleistungen;verschiedene;Gold;1;#A67C00;2008;NOx;Jahresmenge;t/a;163.9971861359629;Ostluft & BAFU
Haushalte;Feuerungen Öl & Gas;Green;7;#95B39A;2008;NOx;Jahresmenge;t/a;656.5116769744859;Ostluft & BAFU
Haushalte;verschiedene;Green;5;#4A6E67;2008;NOx;Jahresmenge;t/a;176.5269512682944;Ostluft & BAFU
Industrie;verschiedene;Blue;10;#2B4577;2008;NOx;Jahresmenge;t/a;1306.4368400413844;Ostluft & BAFU
Land- und Forstw.;verschiedene;Purple;14;#3C096C;2008;NOx;Jahresmenge;t/a;539.7614219948864;Ostluft & BAFU
Verkehr;Strassenverkehr;Gray;18;#1A1A1A;2008;NOx;Jahresmenge;t/a;7205.860911850896;Ostluft & BAFU
Verkehr;Flugverkehr;Gray;21;#B2B2B2;2008;NOx;Jahresmenge;t/a;1092.0000000000002;Ostluft & BAFU
Verkehr;verschiedene;Gray;20;#7F7F7F;2008;NOx;Jahresmenge;t/a;465.71687244794975;Ostluft & BAFU
Dienstleistungen;Feuerungen Holz & Kohle;Gold;3;#FFD447;2008;PM10;Jahresmenge;t/a;189.8625808400558;Ostluft & BAFU
Dienstleistungen;verschiedene;Gold;1;#A67C00;2008;PM10;Jahresmenge;t/a;8.838127014616243;Ostluft & BAFU
Haushalte;Feuerungen Holz & Kohle;Green;4;#354F52;2008;PM10;Jahresmenge;t/a;356.8344719580709;Ostluft & BAFU
Haushalte;verschiedene;Green;5;#4A6E67;2008;PM10;Jahresmenge;t/a;175.86463103848934;Ostluft & BAFU
Industrie;Baumaschinen;Blue;12;#9EAACC;2008;PM10;Jahresmenge;t/a;259.4213741417625;Ostluft & BAFU
Industrie;Flächenquellen;Blue;11;#5A709E;2008;PM10;Jahresmenge;t/a;213.1516475520148;Ostluft & BAFU
Industrie;verschiedene;Blue;10;#2B4577;2008;PM10;Jahresmenge;t/a;17.022860643026917;Ostluft & BAFU
Land- und Forstw.;verschiedene;Purple;14;#3C096C;2008;PM10;Jahresmenge;t/a;157.4883337987068;Ostluft & BAFU
Verkehr;Strassenverkehr;Gray;18;#1A1A1A;2008;PM10;Jahresmenge;t/a;595.4398286684492;Ostluft & BAFU
Verkehr;Schienenverkehr;Gray;22;#E5E5E5;2008;PM10;Jahresmenge;t/a;134.1856094903778;Ostluft & BAFU
Verkehr;verschiedene;Gray;20;#7F7F7F;2008;PM10;Jahresmenge;t/a;39.97218490943165;Ostluft & BAFU
Dienstleistungen;Feuerungen Holz & Kohle;Gold;3;#FFD447;2008;PM2.5;Jahresmenge;t/a;178.7685257447431;Ostluft & BAFU
Dienstleistungen;verschiedene;Gold;1;#A67C00;2008;PM2.5;Jahresmenge;t/a;8.838127014616243;Ostluft & BAFU
Haushalte;Feuerungen Holz & Kohle;Green;4;#354F52;2008;PM2.5;Jahresmenge;t/a;336.94763067825266;Ostluft & BAFU
Haushalte;Private etc;Green;8;#CAD2C5;2008;PM2.5;Jahresmenge;t/a;95.09470065206524;Ostluft & BAFU
Haushalte;verschiedene;Green;5;#4A6E67;2008;PM2.5;Jahresmenge;t/a;30.897742582286405;Ostluft & BAFU
Industrie;Flächenquellen;Blue;11;#5A709E;2008;PM2.5;Jahresmenge;t/a;134.83516605216386;Ostluft & BAFU
Industrie;verschiedene;Blue;10;#2B4577;2008;PM2.5;Jahresmenge;t/a;71.49535082072163;Ostluft & BAFU
Land- und Forstw.;verschiedene;Purple;14;#3C096C;2008;PM2.5;Jahresmenge;t/a;49.81599441809351;Ostluft & BAFU
Verkehr;Strassenverkehr;Gray;18;#1A1A1A;2008;PM2.5;Jahresmenge;t/a;349.7058099641692;Ostluft & BAFU
Verkehr;verschiedene;Gray;20;#7F7F7F;2008;PM2.5;Jahresmenge;t/a;60.71953993795089;Ostluft & BAFU
Dienstleistungen;Feuerungen Öl & Gas;Gold;2;#FFBF00;2008;SO2;Jahresmenge;t/a;275.15642527689494;Ostluft & BAFU
Dienstleistungen;verschiedene;Gold;1;#A67C00;2008;SO2;Jahresmenge;t/a;8.309898007463854;Ostluft & BAFU
Haushalte;Feuerungen Öl & Gas;Green;7;#95B39A;2008;SO2;Jahresmenge;t/a;380.93601877769333;Ostluft & BAFU
Haushalte;verschiedene;Green;5;#4A6E67;2008;SO2;Jahresmenge;t/a;30.249219758442738;Ostluft & BAFU
Industrie;Flächenquellen;Blue;11;#5A709E;2008;SO2;Jahresmenge;t/a;162.6427873305367;Ostluft & BAFU
Industrie;Kehrichtverbrennungsanlagen;Blue;13;#E3E4FA;2008;SO2;Jahresmenge;t/a;41.270860768100405;Ostluft & BAFU
Industrie;verschiedene;Blue;10;#2B4577;2008;SO2;Jahresmenge;t/a;10.639315062037491;Ostluft & BAFU
Land- und Forstw.;verschiedene;Purple;14;#3C096C;2008;SO2;Jahresmenge;t/a;5.158692206580814;Ostluft & BAFU
Verkehr;Flugverkehr;Gray;21;#B2B2B2;2008;SO2;Jahresmenge;t/a;91.40564800000001;Ostluft & BAFU
Verkehr;Strassenverkehr;Gray;18;#1A1A1A;2008;SO2;Jahresmenge;t/a;8.942111662663077;Ostluft & BAFU
Verkehr;verschiedene;Gray;20;#7F7F7F;2008;SO2;Jahresmenge;t/a;0.8417700421573199;Ostluft & BAFU
Dienstleistungen;Feuerungen Holz & Kohle;Gold;3;#FFD447;2008;eBC;Jahresmenge;t/a;39.44860268757652;Ostluft & BAFU
Dienstleistungen;verschiedene;Gold;1;#A67C00;2008;eBC;Jahresmenge;t/a;0.5107960028839919;Ostluft & BAFU
Haushalte;Feuerungen Holz & Kohle;Green;4;#354F52;2008;eBC;Jahresmenge;t/a;102.36726050276047;Ostluft & BAFU
Haushalte;verschiedene;Green;5;#4A6E67;2008;eBC;Jahresmenge;t/a;4.812044970696846;Ostluft & BAFU
Industrie;verschiedene;Blue;10;#2B4577;2008;eBC;Jahresmenge;t/a;23.452781495582087;Ostluft & BAFU
Land- und Forstw.;verschiedene;Purple;14;#3C096C;2008;eBC;Jahresmenge;t/a;17.101897462974733;Ostluft & BAFU
Verkehr;Strassenverkehr;Gray;18;#1A1A1A;2008;eBC;Jahresmenge;t/a;158.48764127499504;Ostluft & BAFU
Verkehr;verschiedene;Gray;20;#7F7F7F;2008;eBC;Jahresmenge;t/a;22.96418262170405;Ostluft & BAFU
Dienstleistungen;verschiedene;Gold;1;#A67C00;2009;CO;Jahresmenge;t/a;2847.306694418237;Ostluft & BAFU
Haushalte;Feuerungen Holz & Kohle;Green;4;#354F52;2009;CO;Jahresmenge;t/a;4068.2703635806665;Ostluft & BAFU
Haushalte;verschiedene;Green;5;#4A6E67;2009;CO;Jahresmenge;t/a;1155.6684068623656;Ostluft & BAFU
Industrie;verschiedene;Blue;10;#2B4577;2009;CO;Jahresmenge;t/a;1684.5158444621875;Ostluft & BAFU
Land- und Forstw.;verschiedene;Purple;14;#3C096C;2009;CO;Jahresmenge;t/a;1470.1868998287096;Ostluft & BAFU
Verkehr;Strassenverkehr;Gray;18;#1A1A1A;2009;CO;Jahresmenge;t/a;15120.768086530325;Ostluft & BAFU
Verkehr;Zonenverkehr;Gray;19;#4C4C4C;2009;CO;Jahresmenge;t/a;10820.803233053819;Ostluft & BAFU
Verkehr;verschiedene;Gray;20;#7F7F7F;2009;CO;Jahresmenge;t/a;1987.2213751636446;Ostluft & BAFU
Dienstleistungen;verschiedene;Gold;1;#A67C00;2009;NH3;Jahresmenge;t/a;7.885500578333956;Ostluft & BAFU
Haushalte;verschiedene;Green;5;#4A6E67;2009;NH3;Jahresmenge;t/a;95.26605350009115;Ostluft & BAFU
Industrie;verschiedene;Blue;10;#2B4577;2009;NH3;Jahresmenge;t/a;100.30240654837843;Ostluft & BAFU
Land- und Forstw.;Hofdüngerausbringung & Weiden;Purple;15;#651EA6;2009;NH3;Jahresmenge;t/a;1526.9353318493688;Ostluft & BAFU
Land- und Forstw.;Stall-Laufhof & Hofdünger-Lager;Purple;16;#9142D3;2009;NH3;Jahresmenge;t/a;1302.835072475392;Ostluft & BAFU
Land- und Forstw.;Landw. Nutzflächen;Purple;17;#C77DFF;2009;NH3;Jahresmenge;t/a;202.40700442809612;Ostluft & BAFU
Land- und Forstw.;verschiedene;Purple;14;#3C096C;2009;NH3;Jahresmenge;t/a;5.206399277432886;Ostluft & BAFU
Verkehr;Strassenverkehr;Gray;18;#1A1A1A;2009;NH3;Jahresmenge;t/a;397.5755705544893;Ostluft & BAFU
Verkehr;verschiedene;Gray;20;#7F7F7F;2009;NH3;Jahresmenge;t/a;0.04362977590608354;Ostluft & BAFU
Dienstleistungen;verschiedene;Gold;1;#A67C00;2009;NMVOC;Jahresmenge;t/a;363.5754006581993;Ostluft & BAFU
Haushalte;Lösungsmittel;Green;6;#6B917D;2009;NMVOC;Jahresmenge;t/a;1626.0232910381167;Ostluft & BAFU
Haushalte;verschiedene;Green;5;#4A6E67;2009;NMVOC;Jahresmenge;t/a;538.7252855018199;Ostluft & BAFU
Industrie;Lösungsmittel;Blue;9;#293961;2009;NMVOC;Jahresmenge;t/a;4682.437662222255;Ostluft & BAFU
Industrie;verschiedene;Blue;10;#2B4577;2009;NMVOC;Jahresmenge;t/a;1427.6976109472162;Ostluft & BAFU
Industrie;Flächenquellen;Blue;11;#5A709E;2009;NMVOC;Jahresmenge;t/a;1215.5189192310208;Ostluft & BAFU
Land- und Forstw.;verschiedene;Purple;14;#3C096C;2009;NMVOC;Jahresmenge;t/a;1065.9982519728599;Ostluft & BAFU
Verkehr;Zonenverkehr;Gray;19;#4C4C4C;2009;NMVOC;Jahresmenge;t/a;2826.890501834178;Ostluft & BAFU
Verkehr;Strassenverkehr;Gray;18;#1A1A1A;2009;NMVOC;Jahresmenge;t/a;1712.901565526085;Ostluft & BAFU
Verkehr;verschiedene;Gray;20;#7F7F7F;2009;NMVOC;Jahresmenge;t/a;547.8094084456098;Ostluft & BAFU
natürl. Emissionen;Wälder;natural;23;#636B2F;2009;NMVOC;Jahresmenge;t/a;4292.791981103365;Ostluft & BAFU
Dienstleistungen;Feuerungen Öl & Gas;Gold;2;#FFBF00;2009;NOx;Jahresmenge;t/a;587.5522515960766;Ostluft & BAFU
Dienstleistungen;verschiedene;Gold;1;#A67C00;2009;NOx;Jahresmenge;t/a;173.64327018675968;Ostluft & BAFU
Haushalte;Feuerungen Öl & Gas;Green;7;#95B39A;2009;NOx;Jahresmenge;t/a;624.8270286998624;Ostluft & BAFU
Haushalte;verschiedene;Green;5;#4A6E67;2009;NOx;Jahresmenge;t/a;177.14453950983983;Ostluft & BAFU
Industrie;verschiedene;Blue;10;#2B4577;2009;NOx;Jahresmenge;t/a;1260.6886804500896;Ostluft & BAFU
Land- und Forstw.;verschiedene;Purple;14;#3C096C;2009;NOx;Jahresmenge;t/a;523.2429307977612;Ostluft & BAFU
Verkehr;Strassenverkehr;Gray;18;#1A1A1A;2009;NOx;Jahresmenge;t/a;6974.352597469253;Ostluft & BAFU
Verkehr;Flugverkehr;Gray;21;#B2B2B2;2009;NOx;Jahresmenge;t/a;1053;Ostluft & BAFU
Verkehr;verschiedene;Gray;20;#7F7F7F;2009;NOx;Jahresmenge;t/a;455.84897972529524;Ostluft & BAFU
Dienstleistungen;Feuerungen Holz & Kohle;Gold;3;#FFD447;2009;PM10;Jahresmenge;t/a;185.07000836665247;Ostluft & BAFU
Dienstleistungen;verschiedene;Gold;1;#A67C00;2009;PM10;Jahresmenge;t/a;8.054050292978436;Ostluft & BAFU
Haushalte;Feuerungen Holz & Kohle;Green;4;#354F52;2009;PM10;Jahresmenge;t/a;335.888131283231;Ostluft & BAFU
Haushalte;verschiedene;Green;5;#4A6E67;2009;PM10;Jahresmenge;t/a;176.30414161345684;Ostluft & BAFU
Industrie;Baumaschinen;Blue;12;#9EAACC;2009;PM10;Jahresmenge;t/a;257.7622486279287;Ostluft & BAFU
Industrie;Flächenquellen;Blue;11;#5A709E;2009;PM10;Jahresmenge;t/a;199.2008812418863;Ostluft & BAFU
Industrie;verschiedene;Blue;10;#2B4577;2009;PM10;Jahresmenge;t/a;15.552058910321172;Ostluft & BAFU
Land- und Forstw.;verschiedene;Purple;14;#3C096C;2009;PM10;Jahresmenge;t/a;156.45648536931964;Ostluft & BAFU
Verkehr;Strassenverkehr;Gray;18;#1A1A1A;2009;PM10;Jahresmenge;t/a;578.1812719179128;Ostluft & BAFU
Verkehr;Schienenverkehr;Gray;22;#E5E5E5;2009;PM10;Jahresmenge;t/a;127.62475359253588;Ostluft & BAFU
Verkehr;verschiedene;Gray;20;#7F7F7F;2009;PM10;Jahresmenge;t/a;38.406397223315736;Ostluft & BAFU
Dienstleistungen;Feuerungen Holz & Kohle;Gold;3;#FFD447;2009;PM2.5;Jahresmenge;t/a;174.31928920230177;Ostluft & BAFU
Dienstleistungen;verschiedene;Gold;1;#A67C00;2009;PM2.5;Jahresmenge;t/a;8.054050292978436;Ostluft & BAFU
Haushalte;Feuerungen Holz & Kohle;Green;4;#354F52;2009;PM2.5;Jahresmenge;t/a;317.1288491910309;Ostluft & BAFU
Haushalte;Private etc;Green;8;#CAD2C5;2009;PM2.5;Jahresmenge;t/a;93.08771478058561;Ostluft & BAFU
Haushalte;verschiedene;Green;5;#4A6E67;2009;PM2.5;Jahresmenge;t/a;31.334827150305465;Ostluft & BAFU
Industrie;Flächenquellen;Blue;11;#5A709E;2009;PM2.5;Jahresmenge;t/a;123.5073655179712;Ostluft & BAFU
Industrie;verschiedene;Blue;10;#2B4577;2009;PM2.5;Jahresmenge;t/a;66.14726799274847;Ostluft & BAFU
Land- und Forstw.;verschiedene;Purple;14;#3C096C;2009;PM2.5;Jahresmenge;t/a;48.57965480651682;Ostluft & BAFU
Verkehr;Strassenverkehr;Gray;18;#1A1A1A;2009;PM2.5;Jahresmenge;t/a;329.70344131377783;Ostluft & BAFU
Verkehr;verschiedene;Gray;20;#7F7F7F;2009;PM2.5;Jahresmenge;t/a;57.82332929770105;Ostluft & BAFU
Dienstleistungen;Feuerungen Öl & Gas;Gold;2;#FFBF00;2009;SO2;Jahresmenge;t/a;242.5445015219163;Ostluft & BAFU
Dienstleistungen;verschiedene;Gold;1;#A67C00;2009;SO2;Jahresmenge;t/a;8.585792571732801;Ostluft & BAFU
Haushalte;Feuerungen Öl & Gas;Green;7;#95B39A;2009;SO2;Jahresmenge;t/a;339.34892953822737;Ostluft & BAFU
Haushalte;verschiedene;Green;5;#4A6E67;2009;SO2;Jahresmenge;t/a;30.08849054179112;Ostluft & BAFU
Industrie;Flächenquellen;Blue;11;#5A709E;2009;SO2;Jahresmenge;t/a;141.63086060703787;Ostluft & BAFU
Industrie;Kehrichtverbrennungsanlagen;Blue;13;#E3E4FA;2009;SO2;Jahresmenge;t/a;39.539974809742546;Ostluft & BAFU
Industrie;verschiedene;Blue;10;#2B4577;2009;SO2;Jahresmenge;t/a;10.631630175023464;Ostluft & BAFU
Land- und Forstw.;verschiedene;Purple;14;#3C096C;2009;SO2;Jahresmenge;t/a;4.774078793730164;Ostluft & BAFU
Verkehr;Flugverkehr;Gray;21;#B2B2B2;2009;SO2;Jahresmenge;t/a;87.691763;Ostluft & BAFU
Verkehr;Strassenverkehr;Gray;18;#1A1A1A;2009;SO2;Jahresmenge;t/a;8.785611934687386;Ostluft & BAFU
Verkehr;verschiedene;Gray;20;#7F7F7F;2009;SO2;Jahresmenge;t/a;0.7998664985186907;Ostluft & BAFU
Dienstleistungen;Feuerungen Holz & Kohle;Gold;3;#FFD447;2009;eBC;Jahresmenge;t/a;37.68419656486814;Ostluft & BAFU
Dienstleistungen;verschiedene;Gold;1;#A67C00;2009;eBC;Jahresmenge;t/a;0.4531132809484286;Ostluft & BAFU
Haushalte;Feuerungen Holz & Kohle;Green;4;#354F52;2009;eBC;Jahresmenge;t/a;94.55795625092287;Ostluft & BAFU
Haushalte;verschiedene;Green;5;#4A6E67;2009;eBC;Jahresmenge;t/a;4.60893400165781;Ostluft & BAFU
Industrie;verschiedene;Blue;10;#2B4577;2009;eBC;Jahresmenge;t/a;19.11499899301338;Ostluft & BAFU
Land- und Forstw.;verschiedene;Purple;14;#3C096C;2009;eBC;Jahresmenge;t/a;16.542457146362548;Ostluft & BAFU
Verkehr;Strassenverkehr;Gray;18;#1A1A1A;2009;eBC;Jahresmenge;t/a;143.36971885622972;Ostluft & BAFU
Verkehr;verschiedene;Gray;20;#7F7F7F;2009;eBC;Jahresmenge;t/a;21.45845933817615;Ostluft & BAFU
Dienstleistungen;verschiedene;Gold;1;#A67C00;2010;CO;Jahresmenge;t/a;2762.847191432181;Ostluft & BAFU
Haushalte;Feuerungen Holz & Kohle;Green;4;#354F52;2010;CO;Jahresmenge;t/a;4252.019945437321;Ostluft & BAFU
Haushalte;verschiedene;Green;5;#4A6E67;2010;CO;Jahresmenge;t/a;1150.5962976598996;Ostluft & BAFU
Industrie;verschiedene;Blue;10;#2B4577;2010;CO;Jahresmenge;t/a;1670.5470945688005;Ostluft & BAFU
Land- und Forstw.;verschiedene;Purple;14;#3C096C;2010;CO;Jahresmenge;t/a;1419.38304677153;Ostluft & BAFU
Verkehr;Strassenverkehr;Gray;18;#1A1A1A;2010;CO;Jahresmenge;t/a;13789.382324950646;Ostluft & BAFU
Verkehr;Zonenverkehr;Gray;19;#4C4C4C;2010;CO;Jahresmenge;t/a;9868.029982984814;Ostluft & BAFU
Verkehr;verschiedene;Gray;20;#7F7F7F;2010;CO;Jahresmenge;t/a;2128.917816562579;Ostluft & BAFU
Dienstleistungen;verschiedene;Gold;1;#A67C00;2010;NH3;Jahresmenge;t/a;7.60625111003695;Ostluft & BAFU
Haushalte;verschiedene;Green;5;#4A6E67;2010;NH3;Jahresmenge;t/a;97.0609804192204;Ostluft & BAFU
Industrie;verschiedene;Blue;10;#2B4577;2010;NH3;Jahresmenge;t/a;99.44052669353805;Ostluft & BAFU
Land- und Forstw.;Hofdüngerausbringung & Weiden;Purple;15;#651EA6;2010;NH3;Jahresmenge;t/a;1501.1782847701197;Ostluft & BAFU
Land- und Forstw.;Stall-Laufhof & Hofdünger-Lager;Purple;16;#9142D3;2010;NH3;Jahresmenge;t/a;1294.0163600781584;Ostluft & BAFU
Land- und Forstw.;Landw. Nutzflächen;Purple;17;#C77DFF;2010;NH3;Jahresmenge;t/a;241.46804318297654;Ostluft & BAFU
Land- und Forstw.;verschiedene;Purple;14;#3C096C;2010;NH3;Jahresmenge;t/a;5.7456730315471525;Ostluft & BAFU
Verkehr;Strassenverkehr;Gray;18;#1A1A1A;2010;NH3;Jahresmenge;t/a;353.4325012591097;Ostluft & BAFU
Verkehr;verschiedene;Gray;20;#7F7F7F;2010;NH3;Jahresmenge;t/a;0.04378253653794672;Ostluft & BAFU
Dienstleistungen;verschiedene;Gold;1;#A67C00;2010;NMVOC;Jahresmenge;t/a;344.8215451240726;Ostluft & BAFU
Haushalte;Lösungsmittel;Green;6;#6B917D;2010;NMVOC;Jahresmenge;t/a;1568.9930821110026;Ostluft & BAFU
Haushalte;verschiedene;Green;5;#4A6E67;2010;NMVOC;Jahresmenge;t/a;557.5078767741645;Ostluft & BAFU
Industrie;Lösungsmittel;Blue;9;#293961;2010;NMVOC;Jahresmenge;t/a;4740.5974556960855;Ostluft & BAFU
Industrie;verschiedene;Blue;10;#2B4577;2010;NMVOC;Jahresmenge;t/a;1375.5343785809634;Ostluft & BAFU
Industrie;Flächenquellen;Blue;11;#5A709E;2010;NMVOC;Jahresmenge;t/a;1198.634370152897;Ostluft & BAFU
Land- und Forstw.;verschiedene;Purple;14;#3C096C;2010;NMVOC;Jahresmenge;t/a;1060.5789063863485;Ostluft & BAFU
Verkehr;Zonenverkehr;Gray;19;#4C4C4C;2010;NMVOC;Jahresmenge;t/a;2457.9810453156974;Ostluft & BAFU
Verkehr;Strassenverkehr;Gray;18;#1A1A1A;2010;NMVOC;Jahresmenge;t/a;1489.3677621481752;Ostluft & BAFU
Verkehr;verschiedene;Gray;20;#7F7F7F;2010;NMVOC;Jahresmenge;t/a;377.4570064544678;Ostluft & BAFU
natürl. Emissionen;Wälder;natural;23;#636B2F;2010;NMVOC;Jahresmenge;t/a;4292.791981103365;Ostluft & BAFU
Dienstleistungen;Feuerungen Öl & Gas;Gold;2;#FFBF00;2010;NOx;Jahresmenge;t/a;608.5550724830242;Ostluft & BAFU
Dienstleistungen;verschiedene;Gold;1;#A67C00;2010;NOx;Jahresmenge;t/a;191.95382284207142;Ostluft & BAFU
Haushalte;Feuerungen Öl & Gas;Green;7;#95B39A;2010;NOx;Jahresmenge;t/a;654.0742354230625;Ostluft & BAFU
Haushalte;verschiedene;Green;5;#4A6E67;2010;NOx;Jahresmenge;t/a;195.3032618372077;Ostluft & BAFU
Industrie;verschiedene;Blue;10;#2B4577;2010;NOx;Jahresmenge;t/a;1244.6496846502635;Ostluft & BAFU
Land- und Forstw.;verschiedene;Purple;14;#3C096C;2010;NOx;Jahresmenge;t/a;523.9098348395818;Ostluft & BAFU
Verkehr;Strassenverkehr;Gray;18;#1A1A1A;2010;NOx;Jahresmenge;t/a;6671.461277379414;Ostluft & BAFU
Verkehr;Flugverkehr;Gray;21;#B2B2B2;2010;NOx;Jahresmenge;t/a;1014;Ostluft & BAFU
Verkehr;verschiedene;Gray;20;#7F7F7F;2010;NOx;Jahresmenge;t/a;443.9198402709027;Ostluft & BAFU
Dienstleistungen;Feuerungen Holz & Kohle;Gold;3;#FFD447;2010;PM10;Jahresmenge;t/a;178.910233878566;Ostluft & BAFU
Dienstleistungen;verschiedene;Gold;1;#A67C00;2010;PM10;Jahresmenge;t/a;7.920021778949601;Ostluft & BAFU
Haushalte;Feuerungen Holz & Kohle;Green;4;#354F52;2010;PM10;Jahresmenge;t/a;349.6006462624282;Ostluft & BAFU
Haushalte;verschiedene;Green;5;#4A6E67;2010;PM10;Jahresmenge;t/a;161.74029921735436;Ostluft & BAFU
Industrie;Baumaschinen;Blue;12;#9EAACC;2010;PM10;Jahresmenge;t/a;255.86147398225154;Ostluft & BAFU
Industrie;Flächenquellen;Blue;11;#5A709E;2010;PM10;Jahresmenge;t/a;199.14388980223518;Ostluft & BAFU
Industrie;verschiedene;Blue;10;#2B4577;2010;PM10;Jahresmenge;t/a;14.312403740766175;Ostluft & BAFU
Land- und Forstw.;verschiedene;Purple;14;#3C096C;2010;PM10;Jahresmenge;t/a;155.4493410819234;Ostluft & BAFU
Verkehr;Strassenverkehr;Gray;18;#1A1A1A;2010;PM10;Jahresmenge;t/a;558.1489050620346;Ostluft & BAFU
Verkehr;Schienenverkehr;Gray;22;#E5E5E5;2010;PM10;Jahresmenge;t/a;123.3729343438754;Ostluft & BAFU
Verkehr;verschiedene;Gray;20;#7F7F7F;2010;PM10;Jahresmenge;t/a;38.80760346432988;Ostluft & BAFU
Dienstleistungen;Feuerungen Holz & Kohle;Gold;3;#FFD447;2010;PM2.5;Jahresmenge;t/a;168.5822897090283;Ostluft & BAFU
Dienstleistungen;verschiedene;Gold;1;#A67C00;2010;PM2.5;Jahresmenge;t/a;7.920021778949601;Ostluft & BAFU
Haushalte;Feuerungen Holz & Kohle;Green;4;#354F52;2010;PM2.5;Jahresmenge;t/a;330.0693322228107;Ostluft & BAFU
Haushalte;Private etc;Green;8;#CAD2C5;2010;PM2.5;Jahresmenge;t/a;90.59652024767574;Ostluft & BAFU
Haushalte;verschiedene;Green;5;#4A6E67;2010;PM2.5;Jahresmenge;t/a;27.25896502259979;Ostluft & BAFU
Industrie;Flächenquellen;Blue;11;#5A709E;2010;PM2.5;Jahresmenge;t/a;121.96242328659989;Ostluft & BAFU
Industrie;verschiedene;Blue;10;#2B4577;2010;PM2.5;Jahresmenge;t/a;60.77800285485087;Ostluft & BAFU
Land- und Forstw.;verschiedene;Purple;14;#3C096C;2010;PM2.5;Jahresmenge;t/a;46.91861911593881;Ostluft & BAFU
Verkehr;Strassenverkehr;Gray;18;#1A1A1A;2010;PM2.5;Jahresmenge;t/a;304.9642766120742;Ostluft & BAFU
Verkehr;verschiedene;Gray;20;#7F7F7F;2010;PM2.5;Jahresmenge;t/a;56.949953221374415;Ostluft & BAFU
Dienstleistungen;Feuerungen Öl & Gas;Gold;2;#FFBF00;2010;SO2;Jahresmenge;t/a;239.29660778660036;Ostluft & BAFU
Dienstleistungen;verschiedene;Gold;1;#A67C00;2010;SO2;Jahresmenge;t/a;8.793224357010859;Ostluft & BAFU
Haushalte;Feuerungen Öl & Gas;Green;7;#95B39A;2010;SO2;Jahresmenge;t/a;330.1322045808697;Ostluft & BAFU
Haushalte;verschiedene;Green;5;#4A6E67;2010;SO2;Jahresmenge;t/a;31.310789001536303;Ostluft & BAFU
Industrie;Flächenquellen;Blue;11;#5A709E;2010;SO2;Jahresmenge;t/a;136.95705346051543;Ostluft & BAFU
Industrie;Kehrichtverbrennungsanlagen;Blue;13;#E3E4FA;2010;SO2;Jahresmenge;t/a;39.222719999999995;Ostluft & BAFU
Industrie;verschiedene;Blue;10;#2B4577;2010;SO2;Jahresmenge;t/a;10.672556787192013;Ostluft & BAFU
Land- und Forstw.;verschiedene;Purple;14;#3C096C;2010;SO2;Jahresmenge;t/a;4.178156560314625;Ostluft & BAFU
Verkehr;Flugverkehr;Gray;21;#B2B2B2;2010;SO2;Jahresmenge;t/a;90.36836800000002;Ostluft & BAFU
Verkehr;Strassenverkehr;Gray;18;#1A1A1A;2010;SO2;Jahresmenge;t/a;8.5750606608049;Ostluft & BAFU
Verkehr;verschiedene;Gray;20;#7F7F7F;2010;SO2;Jahresmenge;t/a;0.7563604109968928;Ostluft & BAFU
Dienstleistungen;Feuerungen Holz & Kohle;Gold;3;#FFD447;2010;eBC;Jahresmenge;t/a;33.34309358485098;Ostluft & BAFU
Dienstleistungen;verschiedene;Gold;1;#A67C00;2010;eBC;Jahresmenge;t/a;0.4407848832903908;Ostluft & BAFU
Haushalte;Feuerungen Holz & Kohle;Green;4;#354F52;2010;eBC;Jahresmenge;t/a;96.87330650290825;Ostluft & BAFU
Haushalte;verschiedene;Green;5;#4A6E67;2010;eBC;Jahresmenge;t/a;4.620965925790722;Ostluft & BAFU
Industrie;verschiedene;Blue;10;#2B4577;2010;eBC;Jahresmenge;t/a;15.675404595648475;Ostluft & BAFU
Land- und Forstw.;verschiedene;Purple;14;#3C096C;2010;eBC;Jahresmenge;t/a;15.963579974119293;Ostluft & BAFU
Verkehr;Strassenverkehr;Gray;18;#1A1A1A;2010;eBC;Jahresmenge;t/a;126.22587241016515;Ostluft & BAFU
Verkehr;verschiedene;Gray;20;#7F7F7F;2010;eBC;Jahresmenge;t/a;20.363318760122105;Ostluft & BAFU
Dienstleistungen;verschiedene;Gold;1;#A67C00;2011;CO;Jahresmenge;t/a;2258.058742043914;Ostluft & BAFU
Haushalte;Feuerungen Holz & Kohle;Green;4;#354F52;2011;CO;Jahresmenge;t/a;3249.2117422777233;Ostluft & BAFU
Haushalte;verschiedene;Green;5;#4A6E67;2011;CO;Jahresmenge;t/a;1092.7436459936787;Ostluft & BAFU
Industrie;verschiedene;Blue;10;#2B4577;2011;CO;Jahresmenge;t/a;1553.3646362163693;Ostluft & BAFU
Land- und Forstw.;verschiedene;Purple;14;#3C096C;2011;CO;Jahresmenge;t/a;1377.6893311338167;Ostluft & BAFU
Verkehr;Strassenverkehr;Gray;18;#1A1A1A;2011;CO;Jahresmenge;t/a;12882.201675661205;Ostluft & BAFU
Verkehr;Zonenverkehr;Gray;19;#4C4C4C;2011;CO;Jahresmenge;t/a;9218.828616584677;Ostluft & BAFU
Verkehr;verschiedene;Gray;20;#7F7F7F;2011;CO;Jahresmenge;t/a;2030.6539378212765;Ostluft & BAFU
Dienstleistungen;verschiedene;Gold;1;#A67C00;2011;NH3;Jahresmenge;t/a;6.0429957344135365;Ostluft & BAFU
Haushalte;verschiedene;Green;5;#4A6E67;2011;NH3;Jahresmenge;t/a;97.158565184056215;Ostluft & BAFU
Industrie;verschiedene;Blue;10;#2B4577;2011;NH3;Jahresmenge;t/a;98.92184075950323;Ostluft & BAFU
Land- und Forstw.;Hofdüngerausbringung & Weiden;Purple;15;#651EA6;2011;NH3;Jahresmenge;t/a;1477.5185837276915;Ostluft & BAFU
Land- und Forstw.;Stall-Laufhof & Hofdünger-Lager;Purple;16;#9142D3;2011;NH3;Jahresmenge;t/a;1290.8627014858105;Ostluft & BAFU
Land- und Forstw.;Landw. Nutzflächen;Purple;17;#C77DFF;2011;NH3;Jahresmenge;t/a;219.93391198338944;Ostluft & BAFU
Land- und Forstw.;verschiedene;Purple;14;#3C096C;2011;NH3;Jahresmenge;t/a;6.333997316459805;Ostluft & BAFU
Verkehr;Strassenverkehr;Gray;18;#1A1A1A;2011;NH3;Jahresmenge;t/a;308.3318161874822;Ostluft & BAFU
Verkehr;verschiedene;Gray;20;#7F7F7F;2011;NH3;Jahresmenge;t/a;0.043613696157080994;Ostluft & BAFU
Dienstleistungen;verschiedene;Gold;1;#A67C00;2011;NMVOC;Jahresmenge;t/a;284.8207280833667;Ostluft & BAFU
Haushalte;Lösungsmittel;Green;6;#6B917D;2011;NMVOC;Jahresmenge;t/a;1512.3164236095045;Ostluft & BAFU
Haushalte;verschiedene;Green;5;#4A6E67;2011;NMVOC;Jahresmenge;t/a;454.8244449218693;Ostluft & BAFU
Industrie;Lösungsmittel;Blue;9;#293961;2011;NMVOC;Jahresmenge;t/a;4611.566009978989;Ostluft & BAFU
Industrie;verschiedene;Blue;10;#2B4577;2011;NMVOC;Jahresmenge;t/a;1324.1240189295124;Ostluft & BAFU
Industrie;Flächenquellen;Blue;11;#5A709E;2011;NMVOC;Jahresmenge;t/a;1131.3598186776794;Ostluft & BAFU
Land- und Forstw.;verschiedene;Purple;14;#3C096C;2011;NMVOC;Jahresmenge;t/a;1055.2806816898094;Ostluft & BAFU
Verkehr;Zonenverkehr;Gray;19;#4C4C4C;2011;NMVOC;Jahresmenge;t/a;2228.445673448002;Ostluft & BAFU
Verkehr;Strassenverkehr;Gray;18;#1A1A1A;2011;NMVOC;Jahresmenge;t/a;1350.2850854188553;Ostluft & BAFU
Verkehr;verschiedene;Gray;20;#7F7F7F;2011;NMVOC;Jahresmenge;t/a;346.0355743549297;Ostluft & BAFU
natürl. Emissionen;Wälder;natural;23;#636B2F;2011;NMVOC;Jahresmenge;t/a;4292.791981103365;Ostluft & BAFU
Dienstleistungen;Feuerungen Öl & Gas;Gold;2;#FFBF00;2011;NOx;Jahresmenge;t/a;510.9356769254079;Ostluft & BAFU
Dienstleistungen;verschiedene;Gold;1;#A67C00;2011;NOx;Jahresmenge;t/a;162.75780183561812;Ostluft & BAFU
Haushalte;Feuerungen Öl & Gas;Green;7;#95B39A;2011;NOx;Jahresmenge;t/a;503.19394029087545;Ostluft & BAFU
Haushalte;verschiedene;Green;5;#4A6E67;2011;NOx;Jahresmenge;t/a;164.6529332308311;Ostluft & BAFU
Industrie;verschiedene;Blue;10;#2B4577;2011;NOx;Jahresmenge;t/a;1190.6538941791114;Ostluft & BAFU
Land- und Forstw.;verschiedene;Purple;14;#3C096C;2011;NOx;Jahresmenge;t/a;499.06832911120483;Ostluft & BAFU
Verkehr;Strassenverkehr;Gray;18;#1A1A1A;2011;NOx;Jahresmenge;t/a;6646.696641243247;Ostluft & BAFU
Verkehr;Flugverkehr;Gray;21;#B2B2B2;2011;NOx;Jahresmenge;t/a;1109.0000000000002;Ostluft & BAFU
Verkehr;verschiedene;Gray;20;#7F7F7F;2011;NOx;Jahresmenge;t/a;436.4530065420362;Ostluft & BAFU
Dienstleistungen;Feuerungen Holz & Kohle;Gold;3;#FFD447;2011;PM10;Jahresmenge;t/a;130.7675135252601;Ostluft & BAFU
Dienstleistungen;verschiedene;Gold;1;#A67C00;2011;PM10;Jahresmenge;t/a;7.049684399954443;Ostluft & BAFU
Haushalte;Feuerungen Holz & Kohle;Green;4;#354F52;2011;PM10;Jahresmenge;t/a;264.7529025242839;Ostluft & BAFU
Haushalte;verschiedene;Green;5;#4A6E67;2011;PM10;Jahresmenge;t/a;170.32535060833683;Ostluft & BAFU
Industrie;Baumaschinen;Blue;12;#9EAACC;2011;PM10;Jahresmenge;t/a;257.531397182378;Ostluft & BAFU
Industrie;Flächenquellen;Blue;11;#5A709E;2011;PM10;Jahresmenge;t/a;177.27057155803607;Ostluft & BAFU
Industrie;verschiedene;Blue;10;#2B4577;2011;PM10;Jahresmenge;t/a;13.84148151550077;Ostluft & BAFU
Land- und Forstw.;verschiedene;Purple;14;#3C096C;2011;PM10;Jahresmenge;t/a;161.48872897131236;Ostluft & BAFU
Verkehr;Strassenverkehr;Gray;18;#1A1A1A;2011;PM10;Jahresmenge;t/a;544.8845259814559;Ostluft & BAFU
Verkehr;Schienenverkehr;Gray;22;#E5E5E5;2011;PM10;Jahresmenge;t/a;134.9861360926588;Ostluft & BAFU
Verkehr;verschiedene;Gray;20;#7F7F7F;2011;PM10;Jahresmenge;t/a;38.215036130326965;Ostluft & BAFU
Dienstleistungen;Feuerungen Holz & Kohle;Gold;3;#FFD447;2011;PM2.5;Jahresmenge;t/a;123.27605891354405;Ostluft & BAFU
Dienstleistungen;verschiedene;Gold;1;#A67C00;2011;PM2.5;Jahresmenge;t/a;7.049684399954443;Ostluft & BAFU
Haushalte;Feuerungen Holz & Kohle;Green;4;#354F52;2011;PM2.5;Jahresmenge;t/a;250.02357767109788;Ostluft & BAFU
Haushalte;Private etc;Green;8;#CAD2C5;2011;PM2.5;Jahresmenge;t/a;88.55529418201381;Ostluft & BAFU
Haushalte;verschiedene;Green;5;#4A6E67;2011;PM2.5;Jahresmenge;t/a;31.163415483250073;Ostluft & BAFU
Industrie;Flächenquellen;Blue;11;#5A709E;2011;PM2.5;Jahresmenge;t/a;103.84137296566227;Ostluft & BAFU
Industrie;verschiedene;Blue;10;#2B4577;2011;PM2.5;Jahresmenge;t/a;60.128893057721115;Ostluft & BAFU
Land- und Forstw.;verschiedene;Purple;14;#3C096C;2011;PM2.5;Jahresmenge;t/a;51.4504567950872;Ostluft & BAFU
Verkehr;Strassenverkehr;Gray;18;#1A1A1A;2011;PM2.5;Jahresmenge;t/a;288.3728883286144;Ostluft & BAFU
Verkehr;verschiedene;Gray;20;#7F7F7F;2011;PM2.5;Jahresmenge;t/a;57.84756873624704;Ostluft & BAFU
Dienstleistungen;Feuerungen Öl & Gas;Gold;2;#FFBF00;2011;SO2;Jahresmenge;t/a;186.97938324480816;Ostluft & BAFU
Dienstleistungen;verschiedene;Gold;1;#A67C00;2011;SO2;Jahresmenge;t/a;6.932876932940652;Ostluft & BAFU
Haushalte;Feuerungen Öl & Gas;Green;7;#95B39A;2011;SO2;Jahresmenge;t/a;251.86571183747725;Ostluft & BAFU
Haushalte;verschiedene;Green;5;#4A6E67;2011;SO2;Jahresmenge;t/a;25.42608460873029;Ostluft & BAFU
Industrie;Flächenquellen;Blue;11;#5A709E;2011;SO2;Jahresmenge;t/a;102.88323185566708;Ostluft & BAFU
Industrie;Kehrichtverbrennungsanlagen;Blue;13;#E3E4FA;2011;SO2;Jahresmenge;t/a;39.56621;Ostluft & BAFU
Industrie;verschiedene;Blue;10;#2B4577;2011;SO2;Jahresmenge;t/a;10.790768183925996;Ostluft & BAFU
Land- und Forstw.;verschiedene;Purple;14;#3C096C;2011;SO2;Jahresmenge;t/a;3.3483787320156173;Ostluft & BAFU
Verkehr;Flugverkehr;Gray;21;#B2B2B2;2011;SO2;Jahresmenge;t/a;94.75978500000001;Ostluft & BAFU
Verkehr;Strassenverkehr;Gray;18;#1A1A1A;2011;SO2;Jahresmenge;t/a;8.419886454663349;Ostluft & BAFU
Verkehr;verschiedene;Gray;20;#7F7F7F;2011;SO2;Jahresmenge;t/a;0.7357436819720555;Ostluft & BAFU
Dienstleistungen;Feuerungen Holz & Kohle;Gold;3;#FFD447;2011;eBC;Jahresmenge;t/a;22.57414353578088;Ostluft & BAFU
Dienstleistungen;verschiedene;Gold;1;#A67C00;2011;eBC;Jahresmenge;t/a;0.4045477319831932;Ostluft & BAFU
Haushalte;Feuerungen Holz & Kohle;Green;4;#354F52;2011;eBC;Jahresmenge;t/a;71.91091482783305;Ostluft & BAFU
Haushalte;verschiedene;Green;5;#4A6E67;2011;eBC;Jahresmenge;t/a;4.523761389107151;Ostluft & BAFU
Industrie;verschiedene;Blue;10;#2B4577;2011;eBC;Jahresmenge;t/a;13.129437311844407;Ostluft & BAFU
Land- und Forstw.;verschiedene;Purple;14;#3C096C;2011;eBC;Jahresmenge;t/a;15.783696184376899;Ostluft & BAFU
Verkehr;Strassenverkehr;Gray;18;#1A1A1A;2011;eBC;Jahresmenge;t/a;113.80912562482268;Ostluft & BAFU
Verkehr;verschiedene;Gray;20;#7F7F7F;2011;eBC;Jahresmenge;t/a;19.75175381906159;Ostluft & BAFU
Dienstleistungen;verschiedene;Gold;1;#A67C00;2012;CO;Jahresmenge;t/a;2365.3448312545606;Ostluft & BAFU
Haushalte;Feuerungen Holz & Kohle;Green;4;#354F52;2012;CO;Jahresmenge;t/a;3379.106373213231;Ostluft & BAFU
Haushalte;verschiedene;Green;5;#4A6E67;2012;CO;Jahresmenge;t/a;1100.922233786698;Ostluft & BAFU
Industrie;verschiedene;Blue;10;#2B4577;2012;CO;Jahresmenge;t/a;1468.4118136309671;Ostluft & BAFU
Land- und Forstw.;verschiedene;Purple;14;#3C096C;2012;CO;Jahresmenge;t/a;1319.7150403739977;Ostluft & BAFU
Verkehr;Strassenverkehr;Gray;18;#1A1A1A;2012;CO;Jahresmenge;t/a;11943.611580964744;Ostluft & BAFU
Verkehr;Zonenverkehr;Gray;19;#4C4C4C;2012;CO;Jahresmenge;t/a;8547.149858397052;Ostluft & BAFU
Verkehr;verschiedene;Gray;20;#7F7F7F;2012;CO;Jahresmenge;t/a;2132.522741321474;Ostluft & BAFU
Dienstleistungen;verschiedene;Gold;1;#A67C00;2012;NH3;Jahresmenge;t/a;6.314066507215557;Ostluft & BAFU
Haushalte;verschiedene;Green;5;#4A6E67;2012;NH3;Jahresmenge;t/a;101.13275355331653;Ostluft & BAFU
Industrie;verschiedene;Blue;10;#2B4577;2012;NH3;Jahresmenge;t/a;99.35625604125035;Ostluft & BAFU
Land- und Forstw.;Hofdüngerausbringung & Weiden;Purple;15;#651EA6;2012;NH3;Jahresmenge;t/a;1458.300153983615;Ostluft & BAFU
Land- und Forstw.;Stall-Laufhof & Hofdünger-Lager;Purple;16;#9142D3;2012;NH3;Jahresmenge;t/a;1291.1491208160946;Ostluft & BAFU
Land- und Forstw.;Landw. Nutzflächen;Purple;17;#C77DFF;2012;NH3;Jahresmenge;t/a;217.80619403580204;Ostluft & BAFU
Land- und Forstw.;verschiedene;Purple;14;#3C096C;2012;NH3;Jahresmenge;t/a;6.7369062929229875;Ostluft & BAFU
Verkehr;Strassenverkehr;Gray;18;#1A1A1A;2012;NH3;Jahresmenge;t/a;265.2952834029076;Ostluft & BAFU
Verkehr;verschiedene;Gray;20;#7F7F7F;2012;NH3;Jahresmenge;t/a;0.04344082363650161;Ostluft & BAFU
Dienstleistungen;verschiedene;Gold;1;#A67C00;2012;NMVOC;Jahresmenge;t/a;291.18420883587726;Ostluft & BAFU
Haushalte;Lösungsmittel;Green;6;#6B917D;2012;NMVOC;Jahresmenge;t/a;1455.8283142442808;Ostluft & BAFU
Haushalte;verschiedene;Green;5;#4A6E67;2012;NMVOC;Jahresmenge;t/a;471.3713980601725;Ostluft & BAFU
Industrie;Lösungsmittel;Blue;9;#293961;2012;NMVOC;Jahresmenge;t/a;4483.35137031682;Ostluft & BAFU
Industrie;verschiedene;Blue;10;#2B4577;2012;NMVOC;Jahresmenge;t/a;1223.5659883087908;Ostluft & BAFU
Industrie;Flächenquellen;Blue;11;#5A709E;2012;NMVOC;Jahresmenge;t/a;1058.9953223856585;Ostluft & BAFU
Land- und Forstw.;verschiedene;Purple;14;#3C096C;2012;NMVOC;Jahresmenge;t/a;1051.521531513974;Ostluft & BAFU
Verkehr;Zonenverkehr;Gray;19;#4C4C4C;2012;NMVOC;Jahresmenge;t/a;2001.025999297995;Ostluft & BAFU
Verkehr;Strassenverkehr;Gray;18;#1A1A1A;2012;NMVOC;Jahresmenge;t/a;1212.4843762544117;Ostluft & BAFU
Verkehr;verschiedene;Gray;20;#7F7F7F;2012;NMVOC;Jahresmenge;t/a;371.6324218937663;Ostluft & BAFU
natürl. Emissionen;Wälder;natural;23;#636B2F;2012;NMVOC;Jahresmenge;t/a;4292.791981103365;Ostluft & BAFU
Dienstleistungen;Feuerungen Öl & Gas;Gold;2;#FFBF00;2012;NOx;Jahresmenge;t/a;538.119377482524;Ostluft & BAFU
Dienstleistungen;verschiedene;Gold;1;#A67C00;2012;NOx;Jahresmenge;t/a;188.5828350641279;Ostluft & BAFU
Haushalte;Feuerungen Öl & Gas;Green;7;#95B39A;2012;NOx;Jahresmenge;t/a;534.776662975487;Ostluft & BAFU
Haushalte;verschiedene;Green;5;#4A6E67;2012;NOx;Jahresmenge;t/a;180.62891309967924;Ostluft & BAFU
Industrie;verschiedene;Blue;10;#2B4577;2012;NOx;Jahresmenge;t/a;1185.0007400277761;Ostluft & BAFU
Land- und Forstw.;verschiedene;Purple;14;#3C096C;2012;NOx;Jahresmenge;t/a;486.4658435013843;Ostluft & BAFU
Verkehr;Strassenverkehr;Gray;18;#1A1A1A;2012;NOx;Jahresmenge;t/a;6608.202255627319;Ostluft & BAFU
Verkehr;Flugverkehr;Gray;21;#B2B2B2;2012;NOx;Jahresmenge;t/a;1098.0000000000002;Ostluft & BAFU
Verkehr;verschiedene;Gray;20;#7F7F7F;2012;NOx;Jahresmenge;t/a;428.6341434230724;Ostluft & BAFU
Dienstleistungen;Feuerungen Holz & Kohle;Gold;3;#FFD447;2012;PM10;Jahresmenge;t/a;137.01950013928223;Ostluft & BAFU
Dienstleistungen;verschiedene;Gold;1;#A67C00;2012;PM10;Jahresmenge;t/a;7.117598197806038;Ostluft & BAFU
Haushalte;Feuerungen Holz & Kohle;Green;4;#354F52;2012;PM10;Jahresmenge;t/a;271.7605754977849;Ostluft & BAFU
Haushalte;verschiedene;Green;5;#4A6E67;2012;PM10;Jahresmenge;t/a;167.70521402419544;Ostluft & BAFU
Industrie;Baumaschinen;Blue;12;#9EAACC;2012;PM10;Jahresmenge;t/a;257.99994176172174;Ostluft & BAFU
Industrie;Flächenquellen;Blue;11;#5A709E;2012;PM10;Jahresmenge;t/a;167.92147494069297;Ostluft & BAFU
Industrie;verschiedene;Blue;10;#2B4577;2012;PM10;Jahresmenge;t/a;13.231743298949706;Ostluft & BAFU
Land- und Forstw.;verschiedene;Purple;14;#3C096C;2012;PM10;Jahresmenge;t/a;150.36812871977295;Ostluft & BAFU
Verkehr;Strassenverkehr;Gray;18;#1A1A1A;2012;PM10;Jahresmenge;t/a;527.5060760889924;Ostluft & BAFU
Verkehr;Schienenverkehr;Gray;22;#E5E5E5;2012;PM10;Jahresmenge;t/a;137.67866108150332;Ostluft & BAFU
Verkehr;verschiedene;Gray;20;#7F7F7F;2012;PM10;Jahresmenge;t/a;34.57958193241857;Ostluft & BAFU
Dienstleistungen;Feuerungen Holz & Kohle;Gold;3;#FFD447;2012;PM2.5;Jahresmenge;t/a;129.2825983978254;Ostluft & BAFU
Dienstleistungen;verschiedene;Gold;1;#A67C00;2012;PM2.5;Jahresmenge;t/a;7.117598197806038;Ostluft & BAFU
Haushalte;Feuerungen Holz & Kohle;Green;4;#354F52;2012;PM2.5;Jahresmenge;t/a;256.74308124880923;Ostluft & BAFU
Haushalte;Private etc;Green;8;#CAD2C5;2012;PM2.5;Jahresmenge;t/a;90.64969568789809;Ostluft & BAFU
Haushalte;verschiedene;Green;5;#4A6E67;2012;PM2.5;Jahresmenge;t/a;30.153149502531726;Ostluft & BAFU
Industrie;Flächenquellen;Blue;11;#5A709E;2012;PM2.5;Jahresmenge;t/a;98.73067876701317;Ostluft & BAFU
Industrie;verschiedene;Blue;10;#2B4577;2012;PM2.5;Jahresmenge;t/a;58.45231023127354;Ostluft & BAFU
Land- und Forstw.;verschiedene;Purple;14;#3C096C;2012;PM2.5;Jahresmenge;t/a;41.862989235082196;Ostluft & BAFU
Verkehr;Strassenverkehr;Gray;18;#1A1A1A;2012;PM2.5;Jahresmenge;t/a;268.2917631221864;Ostluft & BAFU
Verkehr;verschiedene;Gray;20;#7F7F7F;2012;PM2.5;Jahresmenge;t/a;54.601403447794645;Ostluft & BAFU
Dienstleistungen;Feuerungen Öl & Gas;Gold;2;#FFBF00;2012;SO2;Jahresmenge;t/a;170.26548800624022;Ostluft & BAFU
Dienstleistungen;verschiedene;Gold;1;#A67C00;2012;SO2;Jahresmenge;t/a;7.7884879334533315;Ostluft & BAFU
Haushalte;Feuerungen Öl & Gas;Green;7;#95B39A;2012;SO2;Jahresmenge;t/a;231.33612526282832;Ostluft & BAFU
Haushalte;verschiedene;Green;5;#4A6E67;2012;SO2;Jahresmenge;t/a;26.497194285901422;Ostluft & BAFU
Industrie;Flächenquellen;Blue;11;#5A709E;2012;SO2;Jahresmenge;t/a;104.56854852339168;Ostluft & BAFU
Industrie;Kehrichtverbrennungsanlagen;Blue;13;#E3E4FA;2012;SO2;Jahresmenge;t/a;38.8971;Ostluft & BAFU
Industrie;verschiedene;Blue;10;#2B4577;2012;SO2;Jahresmenge;t/a;9.744497221631807;Ostluft & BAFU
Land- und Forstw.;verschiedene;Purple;14;#3C096C;2012;SO2;Jahresmenge;t/a;3.277658911860496;Ostluft & BAFU
Verkehr;Flugverkehr;Gray;21;#B2B2B2;2012;SO2;Jahresmenge;t/a;96.07102000000002;Ostluft & BAFU
Verkehr;Strassenverkehr;Gray;18;#1A1A1A;2012;SO2;Jahresmenge;t/a;8.617872867468506;Ostluft & BAFU
Verkehr;verschiedene;Gray;20;#7F7F7F;2012;SO2;Jahresmenge;t/a;0.6697068312992488;Ostluft & BAFU
Dienstleistungen;Feuerungen Holz & Kohle;Gold;3;#FFD447;2012;eBC;Jahresmenge;t/a;23.01390591841708;Ostluft & BAFU
Dienstleistungen;verschiedene;Gold;1;#A67C00;2012;eBC;Jahresmenge;t/a;0.411135723752104;Ostluft & BAFU
Haushalte;Feuerungen Holz & Kohle;Green;4;#354F52;2012;eBC;Jahresmenge;t/a;72.469717381824;Ostluft & BAFU
Haushalte;verschiedene;Green;5;#4A6E67;2012;eBC;Jahresmenge;t/a;4.548800544281255;Ostluft & BAFU
Industrie;verschiedene;Blue;10;#2B4577;2012;eBC;Jahresmenge;t/a;11.901838563838185;Ostluft & BAFU
Land- und Forstw.;verschiedene;Purple;14;#3C096C;2012;eBC;Jahresmenge;t/a;14.406399298804413;Ostluft & BAFU
Verkehr;Strassenverkehr;Gray;18;#1A1A1A;2012;eBC;Jahresmenge;t/a;97.77947855858837;Ostluft & BAFU
Verkehr;verschiedene;Gray;20;#7F7F7F;2012;eBC;Jahresmenge;t/a;18.65859793791175;Ostluft & BAFU
Dienstleistungen;verschiedene;Gold;1;#A67C00;2013;CO;Jahresmenge;t/a;2427.941162334995;Ostluft & BAFU
Haushalte;Feuerungen Holz & Kohle;Green;4;#354F52;2013;CO;Jahresmenge;t/a;3472.8221805088697;Ostluft & BAFU
Haushalte;verschiedene;Green;5;#4A6E67;2013;CO;Jahresmenge;t/a;1097.0297180529058;Ostluft & BAFU
Industrie;verschiedene;Blue;10;#2B4577;2013;CO;Jahresmenge;t/a;1420.7007866267006;Ostluft & BAFU
Land- und Forstw.;verschiedene;Purple;14;#3C096C;2013;CO;Jahresmenge;t/a;1273.85875639129;Ostluft & BAFU
Verkehr;Strassenverkehr;Gray;18;#1A1A1A;2013;CO;Jahresmenge;t/a;11086.987536498951;Ostluft & BAFU
Verkehr;Zonenverkehr;Gray;19;#4C4C4C;2013;CO;Jahresmenge;t/a;7934.12807426399;Ostluft & BAFU
Verkehr;verschiedene;Gray;20;#7F7F7F;2013;CO;Jahresmenge;t/a;2118.5242047850043;Ostluft & BAFU
Dienstleistungen;verschiedene;Gold;1;#A67C00;2013;NH3;Jahresmenge;t/a;6.253060968206898;Ostluft & BAFU
Haushalte;verschiedene;Green;5;#4A6E67;2013;NH3;Jahresmenge;t/a;101.9972732806179;Ostluft & BAFU
Industrie;verschiedene;Blue;10;#2B4577;2013;NH3;Jahresmenge;t/a;98.79178924684204;Ostluft & BAFU
Land- und Forstw.;Hofdüngerausbringung & Weiden;Purple;15;#651EA6;2013;NH3;Jahresmenge;t/a;1431.734990804056;Ostluft & BAFU
Land- und Forstw.;Stall-Laufhof & Hofdünger-Lager;Purple;16;#9142D3;2013;NH3;Jahresmenge;t/a;1286.6996543851876;Ostluft & BAFU
Land- und Forstw.;Landw. Nutzflächen;Purple;17;#C77DFF;2013;NH3;Jahresmenge;t/a;222.43619279470292;Ostluft & BAFU
Land- und Forstw.;verschiedene;Purple;14;#3C096C;2013;NH3;Jahresmenge;t/a;7.566062424326349;Ostluft & BAFU
Verkehr;Strassenverkehr;Gray;18;#1A1A1A;2013;NH3;Jahresmenge;t/a;229.19108863481432;Ostluft & BAFU
Verkehr;verschiedene;Gray;20;#7F7F7F;2013;NH3;Jahresmenge;t/a;0.043263925402243324;Ostluft & BAFU
Dienstleistungen;verschiedene;Gold;1;#A67C00;2013;NMVOC;Jahresmenge;t/a;292.17587799763385;Ostluft & BAFU
Haushalte;Lösungsmittel;Green;6;#6B917D;2013;NMVOC;Jahresmenge;t/a;1399.735903999712;Ostluft & BAFU
Haushalte;verschiedene;Green;5;#4A6E67;2013;NMVOC;Jahresmenge;t/a;481.32449097962865;Ostluft & BAFU
Industrie;Lösungsmittel;Blue;9;#293961;2013;NMVOC;Jahresmenge;t/a;4358.1565654207925;Ostluft & BAFU
Industrie;verschiedene;Blue;10;#2B4577;2013;NMVOC;Jahresmenge;t/a;1167.0255874551667;Ostluft & BAFU
Industrie;Flächenquellen;Blue;11;#5A709E;2013;NMVOC;Jahresmenge;t/a;994.7973590562477;Ostluft & BAFU
Land- und Forstw.;verschiedene;Purple;14;#3C096C;2013;NMVOC;Jahresmenge;t/a;1051.5611968684047;Ostluft & BAFU
Verkehr;Zonenverkehr;Gray;19;#4C4C4C;2013;NMVOC;Jahresmenge;t/a;1813.8576168577597;Ostluft & BAFU
Verkehr;Strassenverkehr;Gray;18;#1A1A1A;2013;NMVOC;Jahresmenge;t/a;1099.073186436183;Ostluft & BAFU
Verkehr;verschiedene;Gray;20;#7F7F7F;2013;NMVOC;Jahresmenge;t/a;434.24755548988463;Ostluft & BAFU
natürl. Emissionen;Wälder;natural;23;#636B2F;2013;NMVOC;Jahresmenge;t/a;4292.791981103365;Ostluft & BAFU
Dienstleistungen;Feuerungen Öl & Gas;Gold;2;#FFBF00;2013;NOx;Jahresmenge;t/a;554.7553815239374;Ostluft & BAFU
Dienstleistungen;verschiedene;Gold;1;#A67C00;2013;NOx;Jahresmenge;t/a;209.62722222229772;Ostluft & BAFU
Haushalte;Feuerungen Öl & Gas;Green;7;#95B39A;2013;NOx;Jahresmenge;t/a;550.8085875490754;Ostluft & BAFU
Haushalte;verschiedene;Green;5;#4A6E67;2013;NOx;Jahresmenge;t/a;198.3084701262235;Ostluft & BAFU
Industrie;verschiedene;Blue;10;#2B4577;2013;NOx;Jahresmenge;t/a;1169.3261259400335;Ostluft & BAFU
Land- und Forstw.;verschiedene;Purple;14;#3C096C;2013;NOx;Jahresmenge;t/a;468.66089786229844;Ostluft & BAFU
Verkehr;Strassenverkehr;Gray;18;#1A1A1A;2013;NOx;Jahresmenge;t/a;6654.231423182479;Ostluft & BAFU
Verkehr;Flugverkehr;Gray;21;#B2B2B2;2013;NOx;Jahresmenge;t/a;1094.0000000000002;Ostluft & BAFU
Verkehr;verschiedene;Gray;20;#7F7F7F;2013;NOx;Jahresmenge;t/a;423.1647918382655;Ostluft & BAFU
Dienstleistungen;Feuerungen Holz & Kohle;Gold;3;#FFD447;2013;PM10;Jahresmenge;t/a;137.0647674901838;Ostluft & BAFU
Dienstleistungen;verschiedene;Gold;1;#A67C00;2013;PM10;Jahresmenge;t/a;6.7827998874213264;Ostluft & BAFU
Haushalte;Feuerungen Holz & Kohle;Green;4;#354F52;2013;PM10;Jahresmenge;t/a;274.97878725491324;Ostluft & BAFU
Haushalte;verschiedene;Green;5;#4A6E67;2013;PM10;Jahresmenge;t/a;175.60029708232574;Ostluft & BAFU
Industrie;Baumaschinen;Blue;12;#9EAACC;2013;PM10;Jahresmenge;t/a;259.01139391274774;Ostluft & BAFU
Industrie;Flächenquellen;Blue;11;#5A709E;2013;PM10;Jahresmenge;t/a;161.46135595618483;Ostluft & BAFU
Industrie;verschiedene;Blue;10;#2B4577;2013;PM10;Jahresmenge;t/a;12.543655259588917;Ostluft & BAFU
Land- und Forstw.;verschiedene;Purple;14;#3C096C;2013;PM10;Jahresmenge;t/a;148.01896382966845;Ostluft & BAFU
Verkehr;Strassenverkehr;Gray;18;#1A1A1A;2013;PM10;Jahresmenge;t/a;515.8117612689302;Ostluft & BAFU
Verkehr;Schienenverkehr;Gray;22;#E5E5E5;2013;PM10;Jahresmenge;t/a;135.75334732767087;Ostluft & BAFU
Verkehr;verschiedene;Gray;20;#7F7F7F;2013;PM10;Jahresmenge;t/a;33.00823097304272;Ostluft & BAFU
Dienstleistungen;Feuerungen Holz & Kohle;Gold;3;#FFD447;2013;PM2.5;Jahresmenge;t/a;129.48760513540748;Ostluft & BAFU
Dienstleistungen;verschiedene;Gold;1;#A67C00;2013;PM2.5;Jahresmenge;t/a;6.7827998874213264;Ostluft & BAFU
Haushalte;Feuerungen Holz & Kohle;Green;4;#354F52;2013;PM2.5;Jahresmenge;t/a;259.91749932114914;Ostluft & BAFU
Haushalte;Private etc;Green;8;#CAD2C5;2013;PM2.5;Jahresmenge;t/a;88.79818033641716;Ostluft & BAFU
Haushalte;verschiedene;Green;5;#4A6E67;2013;PM2.5;Jahresmenge;t/a;35.86330247143258;Ostluft & BAFU
Industrie;Flächenquellen;Blue;11;#5A709E;2013;PM2.5;Jahresmenge;t/a;92.62428753082625;Ostluft & BAFU
Industrie;verschiedene;Blue;10;#2B4577;2013;PM2.5;Jahresmenge;t/a;57.125875322869405;Ostluft & BAFU
Land- und Forstw.;verschiedene;Purple;14;#3C096C;2013;PM2.5;Jahresmenge;t/a;39.652834227732214;Ostluft & BAFU
Verkehr;Strassenverkehr;Gray;18;#1A1A1A;2013;PM2.5;Jahresmenge;t/a;252.80649288390214;Ostluft & BAFU
Verkehr;verschiedene;Gray;20;#7F7F7F;2013;PM2.5;Jahresmenge;t/a;52.55453654536933;Ostluft & BAFU
Dienstleistungen;Feuerungen Öl & Gas;Gold;2;#FFBF00;2013;SO2;Jahresmenge;t/a;172.4572264327107;Ostluft & BAFU
Dienstleistungen;verschiedene;Gold;1;#A67C00;2013;SO2;Jahresmenge;t/a;8.414315921662492;Ostluft & BAFU
Haushalte;Feuerungen Öl & Gas;Green;7;#95B39A;2013;SO2;Jahresmenge;t/a;230.25042559572287;Ostluft & BAFU
Haushalte;verschiedene;Green;5;#4A6E67;2013;SO2;Jahresmenge;t/a;27.87621818095121;Ostluft & BAFU
Industrie;Flächenquellen;Blue;11;#5A709E;2013;SO2;Jahresmenge;t/a;94.89385926750398;Ostluft & BAFU
Industrie;Kehrichtverbrennungsanlagen;Blue;13;#E3E4FA;2013;SO2;Jahresmenge;t/a;37.570091999999995;Ostluft & BAFU
Industrie;verschiedene;Blue;10;#2B4577;2013;SO2;Jahresmenge;t/a;9.72887776253126;Ostluft & BAFU
Land- und Forstw.;verschiedene;Purple;14;#3C096C;2013;SO2;Jahresmenge;t/a;2.8614654725612305;Ostluft & BAFU
Verkehr;Flugverkehr;Gray;21;#B2B2B2;2013;SO2;Jahresmenge;t/a;95.18830300000002;Ostluft & BAFU
Verkehr;Strassenverkehr;Gray;18;#1A1A1A;2013;SO2;Jahresmenge;t/a;8.678905745937643;Ostluft & BAFU
Verkehr;verschiedene;Gray;20;#7F7F7F;2013;SO2;Jahresmenge;t/a;0.6456781088961866;Ostluft & BAFU
Dienstleistungen;Feuerungen Holz & Kohle;Gold;3;#FFD447;2013;eBC;Jahresmenge;t/a;22.687556138830164;Ostluft & BAFU
Dienstleistungen;verschiedene;Gold;1;#A67C00;2013;eBC;Jahresmenge;t/a;0.3908370131615153;Ostluft & BAFU
Haushalte;Feuerungen Holz & Kohle;Green;4;#354F52;2013;eBC;Jahresmenge;t/a;71.49489562326198;Ostluft & BAFU
Haushalte;verschiedene;Green;5;#4A6E67;2013;eBC;Jahresmenge;t/a;4.505732361898594;Ostluft & BAFU
Industrie;verschiedene;Blue;10;#2B4577;2013;eBC;Jahresmenge;t/a;10.222812283225883;Ostluft & BAFU
Land- und Forstw.;verschiedene;Purple;14;#3C096C;2013;eBC;Jahresmenge;t/a;13.70147166963158;Ostluft & BAFU
Verkehr;Strassenverkehr;Gray;18;#1A1A1A;2013;eBC;Jahresmenge;t/a;84.87798584614364;Ostluft & BAFU
Verkehr;verschiedene;Gray;20;#7F7F7F;2013;eBC;Jahresmenge;t/a;17.578353894264932;Ostluft & BAFU
Dienstleistungen;verschiedene;Gold;1;#A67C00;2014;CO;Jahresmenge;t/a;2332.3000588988175;Ostluft & BAFU
Haushalte;Feuerungen Holz & Kohle;Green;4;#354F52;2014;CO;Jahresmenge;t/a;2456.2199548073113;Ostluft & BAFU
Haushalte;verschiedene;Green;5;#4A6E67;2014;CO;Jahresmenge;t/a;1039.9581788050696;Ostluft & BAFU
Industrie;verschiedene;Blue;10;#2B4577;2014;CO;Jahresmenge;t/a;1268.2673073655565;Ostluft & BAFU
Land- und Forstw.;verschiedene;Purple;14;#3C096C;2014;CO;Jahresmenge;t/a;1220.8214529773632;Ostluft & BAFU
Verkehr;Strassenverkehr;Gray;18;#1A1A1A;2014;CO;Jahresmenge;t/a;10308.397845920808;Ostluft & BAFU
Verkehr;Zonenverkehr;Gray;19;#4C4C4C;2014;CO;Jahresmenge;t/a;7376.949643061454;Ostluft & BAFU
Verkehr;verschiedene;Gray;20;#7F7F7F;2014;CO;Jahresmenge;t/a;1835.658367194235;Ostluft & BAFU
Dienstleistungen;verschiedene;Gold;1;#A67C00;2014;NH3;Jahresmenge;t/a;5.818597626053287;Ostluft & BAFU
Haushalte;verschiedene;Green;5;#4A6E67;2014;NH3;Jahresmenge;t/a;100.37227977419846;Ostluft & BAFU
Industrie;verschiedene;Blue;10;#2B4577;2014;NH3;Jahresmenge;t/a;93.63166271459382;Ostluft & BAFU
Land- und Forstw.;Hofdüngerausbringung & Weiden;Purple;15;#651EA6;2014;NH3;Jahresmenge;t/a;1421.1852423429752;Ostluft & BAFU
Land- und Forstw.;Stall-Laufhof & Hofdünger-Lager;Purple;16;#9142D3;2014;NH3;Jahresmenge;t/a;1300.8778902130425;Ostluft & BAFU
Land- und Forstw.;Landw. Nutzflächen;Purple;17;#C77DFF;2014;NH3;Jahresmenge;t/a;257.31597596313804;Ostluft & BAFU
Land- und Forstw.;verschiedene;Purple;14;#3C096C;2014;NH3;Jahresmenge;t/a;8.421710276526115;Ostluft & BAFU
Verkehr;Strassenverkehr;Gray;18;#1A1A1A;2014;NH3;Jahresmenge;t/a;201.03414752496997;Ostluft & BAFU
Verkehr;verschiedene;Gray;20;#7F7F7F;2014;NH3;Jahresmenge;t/a;0.043082995679924276;Ostluft & BAFU
Dienstleistungen;verschiedene;Gold;1;#A67C00;2014;NMVOC;Jahresmenge;t/a;265.7562638054952;Ostluft & BAFU
Haushalte;Lösungsmittel;Green;6;#6B917D;2014;NMVOC;Jahresmenge;t/a;1344.044920369342;Ostluft & BAFU
Haushalte;verschiedene;Green;5;#4A6E67;2014;NMVOC;Jahresmenge;t/a;375.39397750936;Ostluft & BAFU
Industrie;Lösungsmittel;Blue;9;#293961;2014;NMVOC;Jahresmenge;t/a;4142.558304028238;Ostluft & BAFU
Industrie;verschiedene;Blue;10;#2B4577;2014;NMVOC;Jahresmenge;t/a;1146.5128614288942;Ostluft & BAFU
Industrie;Flächenquellen;Blue;11;#5A709E;2014;NMVOC;Jahresmenge;t/a;945.5434242316696;Ostluft & BAFU
Land- und Forstw.;verschiedene;Purple;14;#3C096C;2014;NMVOC;Jahresmenge;t/a;1054.769988554211;Ostluft & BAFU
Verkehr;Zonenverkehr;Gray;19;#4C4C4C;2014;NMVOC;Jahresmenge;t/a;1637.7027172350531;Ostluft & BAFU
Verkehr;Strassenverkehr;Gray;18;#1A1A1A;2014;NMVOC;Jahresmenge;t/a;992.3354110808771;Ostluft & BAFU
Verkehr;verschiedene;Gray;20;#7F7F7F;2014;NMVOC;Jahresmenge;t/a;360.88097142218606;Ostluft & BAFU
natürl. Emissionen;Wälder;natural;23;#636B2F;2014;NMVOC;Jahresmenge;t/a;4292.791981103365;Ostluft & BAFU
Dienstleistungen;Feuerungen Öl & Gas;Gold;2;#FFBF00;2014;NOx;Jahresmenge;t/a;448.64351854052745;Ostluft & BAFU
Dienstleistungen;verschiedene;Gold;1;#A67C00;2014;NOx;Jahresmenge;t/a;197.53267433088683;Ostluft & BAFU
Haushalte;Feuerungen Öl & Gas;Green;7;#95B39A;2014;NOx;Jahresmenge;t/a;412.0762643599395;Ostluft & BAFU
Haushalte;verschiedene;Green;5;#4A6E67;2014;NOx;Jahresmenge;t/a;162.2669477440804;Ostluft & BAFU
Industrie;verschiedene;Blue;10;#2B4577;2014;NOx;Jahresmenge;t/a;1079.1814944333673;Ostluft & BAFU
Land- und Forstw.;verschiedene;Purple;14;#3C096C;2014;NOx;Jahresmenge;t/a;461.4737562711336;Ostluft & BAFU
Verkehr;Strassenverkehr;Gray;18;#1A1A1A;2014;NOx;Jahresmenge;t/a;6596.40694480956;Ostluft & BAFU
Verkehr;Flugverkehr;Gray;21;#B2B2B2;2014;NOx;Jahresmenge;t/a;1107;Ostluft & BAFU
Verkehr;verschiedene;Gray;20;#7F7F7F;2014;NOx;Jahresmenge;t/a;414.8654381893835;Ostluft & BAFU
Dienstleistungen;Feuerungen Holz & Kohle;Gold;3;#FFD447;2014;PM10;Jahresmenge;t/a;117.4366710518979;Ostluft & BAFU
Dienstleistungen;verschiedene;Gold;1;#A67C00;2014;PM10;Jahresmenge;t/a;5.995664642485401;Ostluft & BAFU
Haushalte;Feuerungen Holz & Kohle;Green;4;#354F52;2014;PM10;Jahresmenge;t/a;191.97019691519742;Ostluft & BAFU
Haushalte;verschiedene;Green;5;#4A6E67;2014;PM10;Jahresmenge;t/a;158.4198379123265;Ostluft & BAFU
Industrie;Baumaschinen;Blue;12;#9EAACC;2014;PM10;Jahresmenge;t/a;260.1121450553766;Ostluft & BAFU
Industrie;Flächenquellen;Blue;11;#5A709E;2014;PM10;Jahresmenge;t/a;144.10484553663952;Ostluft & BAFU
Industrie;verschiedene;Blue;10;#2B4577;2014;PM10;Jahresmenge;t/a;12.196624135125544;Ostluft & BAFU
Land- und Forstw.;verschiedene;Purple;14;#3C096C;2014;PM10;Jahresmenge;t/a;147.20513730789256;Ostluft & BAFU
Verkehr;Strassenverkehr;Gray;18;#1A1A1A;2014;PM10;Jahresmenge;t/a;506.6935663037993;Ostluft & BAFU
Verkehr;Schienenverkehr;Gray;22;#E5E5E5;2014;PM10;Jahresmenge;t/a;145.52847206627484;Ostluft & BAFU
Verkehr;verschiedene;Gray;20;#7F7F7F;2014;PM10;Jahresmenge;t/a;32.46704576749393;Ostluft & BAFU
Dienstleistungen;Feuerungen Holz & Kohle;Gold;3;#FFD447;2014;PM2.5;Jahresmenge;t/a;111.15219961186087;Ostluft & BAFU
Dienstleistungen;verschiedene;Gold;1;#A67C00;2014;PM2.5;Jahresmenge;t/a;5.995664642485401;Ostluft & BAFU
Haushalte;Feuerungen Holz & Kohle;Green;4;#354F52;2014;PM2.5;Jahresmenge;t/a;181.57185467182717;Ostluft & BAFU
Haushalte;Private etc;Green;8;#CAD2C5;2014;PM2.5;Jahresmenge;t/a;85.28967856100557;Ostluft & BAFU
Haushalte;verschiedene;Green;5;#4A6E67;2014;PM2.5;Jahresmenge;t/a;27.899253609953394;Ostluft & BAFU
Industrie;Flächenquellen;Blue;11;#5A709E;2014;PM2.5;Jahresmenge;t/a;75.72860434033419;Ostluft & BAFU
Industrie;verschiedene;Blue;10;#2B4577;2014;PM2.5;Jahresmenge;t/a;56.12406696381481;Ostluft & BAFU
Land- und Forstw.;verschiedene;Purple;14;#3C096C;2014;PM2.5;Jahresmenge;t/a;38.04222746210035;Ostluft & BAFU
Verkehr;Strassenverkehr;Gray;18;#1A1A1A;2014;PM2.5;Jahresmenge;t/a;240.49748966015576;Ostluft & BAFU
Verkehr;verschiedene;Gray;20;#7F7F7F;2014;PM2.5;Jahresmenge;t/a;53.28054176532754;Ostluft & BAFU
Dienstleistungen;Feuerungen Öl & Gas;Gold;2;#FFBF00;2014;SO2;Jahresmenge;t/a;106.00250203277203;Ostluft & BAFU
Dienstleistungen;verschiedene;Gold;1;#A67C00;2014;SO2;Jahresmenge;t/a;9.787191499492451;Ostluft & BAFU
Haushalte;Feuerungen Öl & Gas;Green;7;#95B39A;2014;SO2;Jahresmenge;t/a;138.6755788091197;Ostluft & BAFU
Haushalte;verschiedene;Green;5;#4A6E67;2014;SO2;Jahresmenge;t/a;21.3964894989177;Ostluft & BAFU
Industrie;Flächenquellen;Blue;11;#5A709E;2014;SO2;Jahresmenge;t/a;71.9788745849655;Ostluft & BAFU
Industrie;Kehrichtverbrennungsanlagen;Blue;13;#E3E4FA;2014;SO2;Jahresmenge;t/a;39.706524;Ostluft & BAFU
Industrie;verschiedene;Blue;10;#2B4577;2014;SO2;Jahresmenge;t/a;10.645893041054975;Ostluft & BAFU
Land- und Forstw.;verschiedene;Purple;14;#3C096C;2014;SO2;Jahresmenge;t/a;1.9383730572492253;Ostluft & BAFU
Verkehr;Flugverkehr;Gray;21;#B2B2B2;2014;SO2;Jahresmenge;t/a;94.08217900000002;Ostluft & BAFU
Verkehr;Strassenverkehr;Gray;18;#1A1A1A;2014;SO2;Jahresmenge;t/a;8.9126681031296;Ostluft & BAFU
Verkehr;verschiedene;Gray;20;#7F7F7F;2014;SO2;Jahresmenge;t/a;0.5787442054976062;Ostluft & BAFU
Dienstleistungen;Feuerungen Holz & Kohle;Gold;3;#FFD447;2014;eBC;Jahresmenge;t/a;21.454680249045374;Ostluft & BAFU
Dienstleistungen;verschiedene;Gold;1;#A67C00;2014;eBC;Jahresmenge;t/a;0.36546005109497837;Ostluft & BAFU
Haushalte;Feuerungen Holz & Kohle;Green;4;#354F52;2014;eBC;Jahresmenge;t/a;48.29848654371746;Ostluft & BAFU
Haushalte;verschiedene;Green;5;#4A6E67;2014;eBC;Jahresmenge;t/a;4.46437942849686;Ostluft & BAFU
Industrie;verschiedene;Blue;10;#2B4577;2014;eBC;Jahresmenge;t/a;8.23453216550595;Ostluft & BAFU
Land- und Forstw.;verschiedene;Purple;14;#3C096C;2014;eBC;Jahresmenge;t/a;12.960261021384735;Ostluft & BAFU
Verkehr;Strassenverkehr;Gray;18;#1A1A1A;2014;eBC;Jahresmenge;t/a;76.33161422082668;Ostluft & BAFU
Verkehr;verschiedene;Gray;20;#7F7F7F;2014;eBC;Jahresmenge;t/a;16.753007236819375;Ostluft & BAFU
Dienstleistungen;verschiedene;Gold;1;#A67C00;2015;CO;Jahresmenge;t/a;2448.1304793076033;Ostluft & BAFU
Haushalte;Feuerungen Holz & Kohle;Green;4;#354F52;2015;CO;Jahresmenge;t/a;2621.1792574872957;Ostluft & BAFU
Haushalte;verschiedene;Green;5;#4A6E67;2015;CO;Jahresmenge;t/a;1036.348854014478;Ostluft & BAFU
Industrie;verschiedene;Blue;10;#2B4577;2015;CO;Jahresmenge;t/a;1230.233625756266;Ostluft & BAFU
Land- und Forstw.;verschiedene;Purple;14;#3C096C;2015;CO;Jahresmenge;t/a;1183.3847755302793;Ostluft & BAFU
Verkehr;Strassenverkehr;Gray;18;#1A1A1A;2015;CO;Jahresmenge;t/a;9544.527813021115;Ostluft & BAFU
Verkehr;Zonenverkehr;Gray;19;#4C4C4C;2015;CO;Jahresmenge;t/a;6830.304970361457;Ostluft & BAFU
Verkehr;verschiedene;Gray;20;#7F7F7F;2015;CO;Jahresmenge;t/a;1923.9252354614443;Ostluft & BAFU
Dienstleistungen;verschiedene;Gold;1;#A67C00;2015;NH3;Jahresmenge;t/a;6.327342585328406;Ostluft & BAFU
Haushalte;verschiedene;Green;5;#4A6E67;2015;NH3;Jahresmenge;t/a;103.97729649771249;Ostluft & BAFU
Industrie;verschiedene;Blue;10;#2B4577;2015;NH3;Jahresmenge;t/a;89.88093085683627;Ostluft & BAFU
Land- und Forstw.;Hofdüngerausbringung & Weiden;Purple;15;#651EA6;2015;NH3;Jahresmenge;t/a;1395.9013314876722;Ostluft & BAFU
Land- und Forstw.;Stall-Laufhof & Hofdünger-Lager;Purple;16;#9142D3;2015;NH3;Jahresmenge;t/a;1299.4821511592286;Ostluft & BAFU
Land- und Forstw.;Landw. Nutzflächen;Purple;17;#C77DFF;2015;NH3;Jahresmenge;t/a;248.15094831865278;Ostluft & BAFU
Land- und Forstw.;verschiedene;Purple;14;#3C096C;2015;NH3;Jahresmenge;t/a;9.287577685353655;Ostluft & BAFU
Verkehr;Strassenverkehr;Gray;18;#1A1A1A;2015;NH3;Jahresmenge;t/a;179.4728475512415;Ostluft & BAFU
Verkehr;verschiedene;Gray;20;#7F7F7F;2015;NH3;Jahresmenge;t/a;0.04289803714982552;Ostluft & BAFU
Dienstleistungen;verschiedene;Gold;1;#A67C00;2015;NMVOC;Jahresmenge;t/a;268.1217013927233;Ostluft & BAFU
Haushalte;Lösungsmittel;Green;6;#6B917D;2015;NMVOC;Jahresmenge;t/a;1286.5793889675988;Ostluft & BAFU
Haushalte;verschiedene;Green;5;#4A6E67;2015;NMVOC;Jahresmenge;t/a;390.77587866077454;Ostluft & BAFU
Industrie;Lösungsmittel;Blue;9;#293961;2015;NMVOC;Jahresmenge;t/a;3945.0129550026595;Ostluft & BAFU
Industrie;verschiedene;Blue;10;#2B4577;2015;NMVOC;Jahresmenge;t/a;1058.3756877086782;Ostluft & BAFU
Industrie;Flächenquellen;Blue;11;#5A709E;2015;NMVOC;Jahresmenge;t/a;904.6552738520842;Ostluft & BAFU
Land- und Forstw.;verschiedene;Purple;14;#3C096C;2015;NMVOC;Jahresmenge;t/a;1047.6287275966038;Ostluft & BAFU
Verkehr;Zonenverkehr;Gray;19;#4C4C4C;2015;NMVOC;Jahresmenge;t/a;1492.880727761007;Ostluft & BAFU
Verkehr;Strassenverkehr;Gray;18;#1A1A1A;2015;NMVOC;Jahresmenge;t/a;904.5832281322477;Ostluft & BAFU
Verkehr;verschiedene;Gray;20;#7F7F7F;2015;NMVOC;Jahresmenge;t/a;383.5326646754983;Ostluft & BAFU
natürl. Emissionen;Wälder;natural;23;#636B2F;2015;NMVOC;Jahresmenge;t/a;4292.791981103365;Ostluft & BAFU
Dienstleistungen;Feuerungen Öl & Gas;Gold;2;#FFBF00;2015;NOx;Jahresmenge;t/a;468.4692537768712;Ostluft & BAFU
Dienstleistungen;verschiedene;Gold;1;#A67C00;2015;NOx;Jahresmenge;t/a;222.16011276475862;Ostluft & BAFU
Haushalte;Feuerungen Öl & Gas;Green;7;#95B39A;2015;NOx;Jahresmenge;t/a;424.40087977157634;Ostluft & BAFU
Haushalte;verschiedene;Green;5;#4A6E67;2015;NOx;Jahresmenge;t/a;176.25832619985016;Ostluft & BAFU
Industrie;verschiedene;Blue;10;#2B4577;2015;NOx;Jahresmenge;t/a;1044.2479957052788;Ostluft & BAFU
Land- und Forstw.;verschiedene;Purple;14;#3C096C;2015;NOx;Jahresmenge;t/a;440.93156574205625;Ostluft & BAFU
Verkehr;Strassenverkehr;Gray;18;#1A1A1A;2015;NOx;Jahresmenge;t/a;6450.486844751783;Ostluft & BAFU
Verkehr;Flugverkehr;Gray;21;#B2B2B2;2015;NOx;Jahresmenge;t/a;1153;Ostluft & BAFU
Verkehr;verschiedene;Gray;20;#7F7F7F;2015;NOx;Jahresmenge;t/a;404.169387391134;Ostluft & BAFU
Dienstleistungen;Feuerungen Holz & Kohle;Gold;3;#FFD447;2015;PM10;Jahresmenge;t/a;125.7819842388971;Ostluft & BAFU
Dienstleistungen;verschiedene;Gold;1;#A67C00;2015;PM10;Jahresmenge;t/a;5.91731082746649;Ostluft & BAFU
Haushalte;Feuerungen Holz & Kohle;Green;4;#354F52;2015;PM10;Jahresmenge;t/a;203.7231554557729;Ostluft & BAFU
Haushalte;verschiedene;Green;5;#4A6E67;2015;PM10;Jahresmenge;t/a;150.85104276069774;Ostluft & BAFU
Industrie;Baumaschinen;Blue;12;#9EAACC;2015;PM10;Jahresmenge;t/a;260.9701997597877;Ostluft & BAFU
Industrie;Flächenquellen;Blue;11;#5A709E;2015;PM10;Jahresmenge;t/a;142.6031676590101;Ostluft & BAFU
Industrie;verschiedene;Blue;10;#2B4577;2015;PM10;Jahresmenge;t/a;11.709214080857775;Ostluft & BAFU
Land- und Forstw.;verschiedene;Purple;14;#3C096C;2015;PM10;Jahresmenge;t/a;146.3168749506682;Ostluft & BAFU
Verkehr;Strassenverkehr;Gray;18;#1A1A1A;2015;PM10;Jahresmenge;t/a;496.54831618434247;Ostluft & BAFU
Verkehr;Schienenverkehr;Gray;22;#E5E5E5;2015;PM10;Jahresmenge;t/a;123.21531444092399;Ostluft & BAFU
Verkehr;verschiedene;Gray;20;#7F7F7F;2015;PM10;Jahresmenge;t/a;33.91668260114181;Ostluft & BAFU
Dienstleistungen;Feuerungen Holz & Kohle;Gold;3;#FFD447;2015;PM2.5;Jahresmenge;t/a;118.94410998714957;Ostluft & BAFU
Dienstleistungen;verschiedene;Gold;1;#A67C00;2015;PM2.5;Jahresmenge;t/a;5.91731082746649;Ostluft & BAFU
Haushalte;Feuerungen Holz & Kohle;Green;4;#354F52;2015;PM2.5;Jahresmenge;t/a;192.60367946320542;Ostluft & BAFU
Haushalte;Private etc;Green;8;#CAD2C5;2015;PM2.5;Jahresmenge;t/a;84.47343236361492;Ostluft & BAFU
Haushalte;verschiedene;Green;5;#4A6E67;2015;PM2.5;Jahresmenge;t/a;25.36916348382319;Ostluft & BAFU
Industrie;Flächenquellen;Blue;11;#5A709E;2015;PM2.5;Jahresmenge;t/a;76.34776393483119;Ostluft & BAFU
Industrie;verschiedene;Blue;10;#2B4577;2015;PM2.5;Jahresmenge;t/a;54.933486114081454;Ostluft & BAFU
Land- und Forstw.;verschiedene;Purple;14;#3C096C;2015;PM2.5;Jahresmenge;t/a;37.13887981192468;Ostluft & BAFU
Verkehr;Strassenverkehr;Gray;18;#1A1A1A;2015;PM2.5;Jahresmenge;t/a;226.84339012401014;Ostluft & BAFU
Verkehr;verschiedene;Gray;20;#7F7F7F;2015;PM2.5;Jahresmenge;t/a;52.97468702816827;Ostluft & BAFU
Dienstleistungen;Feuerungen Öl & Gas;Gold;2;#FFBF00;2015;SO2;Jahresmenge;t/a;109.89731305965324;Ostluft & BAFU
Dienstleistungen;verschiedene;Gold;1;#A67C00;2015;SO2;Jahresmenge;t/a;10.741694824921165;Ostluft & BAFU
Haushalte;Feuerungen Öl & Gas;Green;7;#95B39A;2015;SO2;Jahresmenge;t/a;142.4821026796667;Ostluft & BAFU
Haushalte;verschiedene;Green;5;#4A6E67;2015;SO2;Jahresmenge;t/a;22.279502244394592;Ostluft & BAFU
Industrie;Flächenquellen;Blue;11;#5A709E;2015;SO2;Jahresmenge;t/a;81.00993255711363;Ostluft & BAFU
Industrie;Kehrichtverbrennungsanlagen;Blue;13;#E3E4FA;2015;SO2;Jahresmenge;t/a;40.822884;Ostluft & BAFU
Industrie;verschiedene;Blue;10;#2B4577;2015;SO2;Jahresmenge;t/a;9.847974597880931;Ostluft & BAFU
Land- und Forstw.;verschiedene;Purple;14;#3C096C;2015;SO2;Jahresmenge;t/a;2.0172364705160173;Ostluft & BAFU
Verkehr;Flugverkehr;Gray;21;#B2B2B2;2015;SO2;Jahresmenge;t/a;97.39260742497628;Ostluft & BAFU
Verkehr;Strassenverkehr;Gray;18;#1A1A1A;2015;SO2;Jahresmenge;t/a;8.928652981148662;Ostluft & BAFU
Verkehr;verschiedene;Gray;20;#7F7F7F;2015;SO2;Jahresmenge;t/a;0.5676273860939296;Ostluft & BAFU
Dienstleistungen;Feuerungen Holz & Kohle;Gold;3;#FFD447;2015;eBC;Jahresmenge;t/a;23.174271629431146;Ostluft & BAFU
Dienstleistungen;verschiedene;Gold;1;#A67C00;2015;eBC;Jahresmenge;t/a;0.36701327803293493;Ostluft & BAFU
Haushalte;Feuerungen Holz & Kohle;Green;4;#354F52;2015;eBC;Jahresmenge;t/a;51.310301150155276;Ostluft & BAFU
Haushalte;verschiedene;Green;5;#4A6E67;2015;eBC;Jahresmenge;t/a;4.461479054722948;Ostluft & BAFU
Industrie;verschiedene;Blue;10;#2B4577;2015;eBC;Jahresmenge;t/a;7.520875768260323;Ostluft & BAFU
Land- und Forstw.;verschiedene;Purple;14;#3C096C;2015;eBC;Jahresmenge;t/a;12.35830738523154;Ostluft & BAFU
Verkehr;Strassenverkehr;Gray;18;#1A1A1A;2015;eBC;Jahresmenge;t/a;64.87540879863653;Ostluft & BAFU
Verkehr;verschiedene;Gray;20;#7F7F7F;2015;eBC;Jahresmenge;t/a;14.229378292054475;Ostluft & BAFU
Dienstleistungen;verschiedene;Gold;1;#A67C00;2016;CO;Jahresmenge;t/a;2509.783466274309;Ostluft & BAFU
Haushalte;Feuerungen Holz & Kohle;Green;4;#354F52;2016;CO;Jahresmenge;t/a;2701.685128009297;Ostluft & BAFU
Haushalte;verschiedene;Green;5;#4A6E67;2016;CO;Jahresmenge;t/a;1029.1744444873054;Ostluft & BAFU
Industrie;verschiedene;Blue;10;#2B4577;2016;CO;Jahresmenge;t/a;1161.8554812413677;Ostluft & BAFU
Land- und Forstw.;verschiedene;Purple;14;#3C096C;2016;CO;Jahresmenge;t/a;1204.3989053416406;Ostluft & BAFU
Verkehr;Strassenverkehr;Gray;18;#1A1A1A;2016;CO;Jahresmenge;t/a;9064.780001337129;Ostluft & BAFU
Verkehr;Zonenverkehr;Gray;19;#4C4C4C;2016;CO;Jahresmenge;t/a;6486.9853293212;Ostluft & BAFU
Verkehr;verschiedene;Gray;20;#7F7F7F;2016;CO;Jahresmenge;t/a;2098.714144198225;Ostluft & BAFU
Dienstleistungen;verschiedene;Gold;1;#A67C00;2016;NH3;Jahresmenge;t/a;6.8145169369607785;Ostluft & BAFU
Haushalte;verschiedene;Green;5;#4A6E67;2016;NH3;Jahresmenge;t/a;103.34928462030435;Ostluft & BAFU
Industrie;verschiedene;Blue;10;#2B4577;2016;NH3;Jahresmenge;t/a;93.64020087894566;Ostluft & BAFU
Land- und Forstw.;Hofdüngerausbringung & Weiden;Purple;15;#651EA6;2016;NH3;Jahresmenge;t/a;1388.113345149033;Ostluft & BAFU
Land- und Forstw.;Stall-Laufhof & Hofdünger-Lager;Purple;16;#9142D3;2016;NH3;Jahresmenge;t/a;1294.4039917407242;Ostluft & BAFU
Land- und Forstw.;Landw. Nutzflächen;Purple;17;#C77DFF;2016;NH3;Jahresmenge;t/a;259.53005056362605;Ostluft & BAFU
Land- und Forstw.;verschiedene;Purple;14;#3C096C;2016;NH3;Jahresmenge;t/a;11.007335920363678;Ostluft & BAFU
Verkehr;Strassenverkehr;Gray;18;#1A1A1A;2016;NH3;Jahresmenge;t/a;164.66427861577986;Ostluft & BAFU
Verkehr;verschiedene;Gray;20;#7F7F7F;2016;NH3;Jahresmenge;t/a;0.0427687333576614;Ostluft & BAFU
Dienstleistungen;verschiedene;Gold;1;#A67C00;2016;NMVOC;Jahresmenge;t/a;272.64678265016505;Ostluft & BAFU
Haushalte;Lösungsmittel;Green;6;#6B917D;2016;NMVOC;Jahresmenge;t/a;1228.1163313692089;Ostluft & BAFU
Haushalte;verschiedene;Green;5;#4A6E67;2016;NMVOC;Jahresmenge;t/a;397.16681722179294;Ostluft & BAFU
Industrie;Lösungsmittel;Blue;9;#293961;2016;NMVOC;Jahresmenge;t/a;3740.8140367715423;Ostluft & BAFU
Industrie;verschiedene;Blue;10;#2B4577;2016;NMVOC;Jahresmenge;t/a;1004.8108489681398;Ostluft & BAFU
Industrie;Flächenquellen;Blue;11;#5A709E;2016;NMVOC;Jahresmenge;t/a;863.2937024892599;Ostluft & BAFU
Land- und Forstw.;verschiedene;Purple;14;#3C096C;2016;NMVOC;Jahresmenge;t/a;1057.4906097240262;Ostluft & BAFU
Verkehr;Zonenverkehr;Gray;19;#4C4C4C;2016;NMVOC;Jahresmenge;t/a;1402.4230024786073;Ostluft & BAFU
Verkehr;Strassenverkehr;Gray;18;#1A1A1A;2016;NMVOC;Jahresmenge;t/a;849.772056935621;Ostluft & BAFU
Verkehr;verschiedene;Gray;20;#7F7F7F;2016;NMVOC;Jahresmenge;t/a;412.45562005997635;Ostluft & BAFU
natürl. Emissionen;Wälder;natural;23;#636B2F;2016;NMVOC;Jahresmenge;t/a;4292.791981103365;Ostluft & BAFU
Dienstleistungen;Feuerungen Öl & Gas;Gold;2;#FFBF00;2016;NOx;Jahresmenge;t/a;475.117176029627;Ostluft & BAFU
Dienstleistungen;verschiedene;Gold;1;#A67C00;2016;NOx;Jahresmenge;t/a;244.01190621670673;Ostluft & BAFU
Haushalte;Feuerungen Öl & Gas;Green;7;#95B39A;2016;NOx;Jahresmenge;t/a;423.73871180280645;Ostluft & BAFU
Haushalte;verschiedene;Green;5;#4A6E67;2016;NOx;Jahresmenge;t/a;189.10161735035675;Ostluft & BAFU
Industrie;verschiedene;Blue;10;#2B4577;2016;NOx;Jahresmenge;t/a;1040.8519986089377;Ostluft & BAFU
Land- und Forstw.;verschiedene;Purple;14;#3C096C;2016;NOx;Jahresmenge;t/a;437.14331858208726;Ostluft & BAFU
Verkehr;Strassenverkehr;Gray;18;#1A1A1A;2016;NOx;Jahresmenge;t/a;6225.945649139223;Ostluft & BAFU
Verkehr;Flugverkehr;Gray;21;#B2B2B2;2016;NOx;Jahresmenge;t/a;1280.0000000000002;Ostluft & BAFU
Verkehr;verschiedene;Gray;20;#7F7F7F;2016;NOx;Jahresmenge;t/a;392.4123309588897;Ostluft & BAFU
Dienstleistungen;Feuerungen Holz & Kohle;Gold;3;#FFD447;2016;PM10;Jahresmenge;t/a;128.5524846802773;Ostluft & BAFU
Dienstleistungen;verschiedene;Gold;1;#A67C00;2016;PM10;Jahresmenge;t/a;5.7785301820359765;Ostluft & BAFU
Haushalte;Feuerungen Holz & Kohle;Green;4;#354F52;2016;PM10;Jahresmenge;t/a;208.22576177836163;Ostluft & BAFU
Haushalte;verschiedene;Green;5;#4A6E67;2016;PM10;Jahresmenge;t/a;138.5291701610226;Ostluft & BAFU
Industrie;Baumaschinen;Blue;12;#9EAACC;2016;PM10;Jahresmenge;t/a;261.46336751661136;Ostluft & BAFU
Industrie;Flächenquellen;Blue;11;#5A709E;2016;PM10;Jahresmenge;t/a;143.29836880305717;Ostluft & BAFU
Industrie;verschiedene;Blue;10;#2B4577;2016;PM10;Jahresmenge;t/a;11.475817592497402;Ostluft & BAFU
Land- und Forstw.;verschiedene;Purple;14;#3C096C;2016;PM10;Jahresmenge;t/a;165.08011137408644;Ostluft & BAFU
Verkehr;Strassenverkehr;Gray;18;#1A1A1A;2016;PM10;Jahresmenge;t/a;491.81735935564234;Ostluft & BAFU
Verkehr;Schienenverkehr;Gray;22;#E5E5E5;2016;PM10;Jahresmenge;t/a;149.8722698421916;Ostluft & BAFU
Verkehr;verschiedene;Gray;20;#7F7F7F;2016;PM10;Jahresmenge;t/a;33.40045881713175;Ostluft & BAFU
Dienstleistungen;Feuerungen Holz & Kohle;Gold;3;#FFD447;2016;PM2.5;Jahresmenge;t/a;121.35136274151299;Ostluft & BAFU
Dienstleistungen;verschiedene;Gold;1;#A67C00;2016;PM2.5;Jahresmenge;t/a;5.7785301820359765;Ostluft & BAFU
Haushalte;Feuerungen Holz & Kohle;Green;4;#354F52;2016;PM2.5;Jahresmenge;t/a;196.7825875667113;Ostluft & BAFU
Haushalte;Private etc;Green;8;#CAD2C5;2016;PM2.5;Jahresmenge;t/a;83.73468941017238;Ostluft & BAFU
Haushalte;verschiedene;Green;5;#4A6E67;2016;PM2.5;Jahresmenge;t/a;19.770732042702356;Ostluft & BAFU
Industrie;Flächenquellen;Blue;11;#5A709E;2016;PM2.5;Jahresmenge;t/a;75.72476420332573;Ostluft & BAFU
Industrie;verschiedene;Blue;10;#2B4577;2016;PM2.5;Jahresmenge;t/a;53.83224196772691;Ostluft & BAFU
Land- und Forstw.;verschiedene;Purple;14;#3C096C;2016;PM2.5;Jahresmenge;t/a;52.35422550517975;Ostluft & BAFU
Verkehr;Strassenverkehr;Gray;18;#1A1A1A;2016;PM2.5;Jahresmenge;t/a;217.06369302643978;Ostluft & BAFU
Verkehr;verschiedene;Gray;20;#7F7F7F;2016;PM2.5;Jahresmenge;t/a;56.33817583612968;Ostluft & BAFU
Dienstleistungen;Feuerungen Öl & Gas;Gold;2;#FFBF00;2016;SO2;Jahresmenge;t/a;87.59360130608181;Ostluft & BAFU
Dienstleistungen;verschiedene;Gold;1;#A67C00;2016;SO2;Jahresmenge;t/a;11.82223790479921;Ostluft & BAFU
Haushalte;Feuerungen Öl & Gas;Green;7;#95B39A;2016;SO2;Jahresmenge;t/a;112.15099681206918;Ostluft & BAFU
Haushalte;verschiedene;Green;5;#4A6E67;2016;SO2;Jahresmenge;t/a;22.97328494175423;Ostluft & BAFU
Industrie;Flächenquellen;Blue;11;#5A709E;2016;SO2;Jahresmenge;t/a;76.591975979165;Ostluft & BAFU
Industrie;Kehrichtverbrennungsanlagen;Blue;13;#E3E4FA;2016;SO2;Jahresmenge;t/a;42.738336000000004;Ostluft & BAFU
Industrie;verschiedene;Blue;10;#2B4577;2016;SO2;Jahresmenge;t/a;9.509781509728478;Ostluft & BAFU
Land- und Forstw.;verschiedene;Purple;14;#3C096C;2016;SO2;Jahresmenge;t/a;2.375641694144019;Ostluft & BAFU
Verkehr;Flugverkehr;Gray;21;#B2B2B2;2016;SO2;Jahresmenge;t/a;100.75001900000001;Ostluft & BAFU
Verkehr;Strassenverkehr;Gray;18;#1A1A1A;2016;SO2;Jahresmenge;t/a;9.405662549978228;Ostluft & BAFU
Verkehr;verschiedene;Gray;20;#7F7F7F;2016;SO2;Jahresmenge;t/a;0.5195832710613559;Ostluft & BAFU
Dienstleistungen;Feuerungen Holz & Kohle;Gold;3;#FFD447;2016;eBC;Jahresmenge;t/a;23.77790496577426;Ostluft & BAFU
Dienstleistungen;verschiedene;Gold;1;#A67C00;2016;eBC;Jahresmenge;t/a;0.3662630997854919;Ostluft & BAFU
Haushalte;Feuerungen Holz & Kohle;Green;4;#354F52;2016;eBC;Jahresmenge;t/a;52.689088527822584;Ostluft & BAFU
Haushalte;verschiedene;Green;5;#4A6E67;2016;eBC;Jahresmenge;t/a;4.349942770048535;Ostluft & BAFU
Industrie;verschiedene;Blue;10;#2B4577;2016;eBC;Jahresmenge;t/a;7.220120611371485;Ostluft & BAFU
Land- und Forstw.;verschiedene;Purple;14;#3C096C;2016;eBC;Jahresmenge;t/a;13.115322112026343;Ostluft & BAFU
Verkehr;Strassenverkehr;Gray;18;#1A1A1A;2016;eBC;Jahresmenge;t/a;55.076217368652664;Ostluft & BAFU
Verkehr;verschiedene;Gray;20;#7F7F7F;2016;eBC;Jahresmenge;t/a;13.230468318905285;Ostluft & BAFU
Dienstleistungen;verschiedene;Gold;1;#A67C00;2017;CO;Jahresmenge;t/a;2445.232667548593;Ostluft & BAFU
Haushalte;Feuerungen Holz & Kohle;Green;4;#354F52;2017;CO;Jahresmenge;t/a;2530.471968904255;Ostluft & BAFU
Haushalte;verschiedene;Green;5;#4A6E67;2017;CO;Jahresmenge;t/a;1033.4463191650948;Ostluft & BAFU
Industrie;verschiedene;Blue;10;#2B4577;2017;CO;Jahresmenge;t/a;1145.0569839155037;Ostluft & BAFU
Land- und Forstw.;verschiedene;Purple;14;#3C096C;2017;CO;Jahresmenge;t/a;1149.5130351926307;Ostluft & BAFU
Verkehr;Strassenverkehr;Gray;18;#1A1A1A;2017;CO;Jahresmenge;t/a;8525.190205659424;Ostluft & BAFU
Verkehr;Zonenverkehr;Gray;19;#4C4C4C;2017;CO;Jahresmenge;t/a;6100.841254352324;Ostluft & BAFU
Verkehr;verschiedene;Gray;20;#7F7F7F;2017;CO;Jahresmenge;t/a;2130.57033794187;Ostluft & BAFU
Dienstleistungen;verschiedene;Gold;1;#A67C00;2017;NH3;Jahresmenge;t/a;6.886489786297863;Ostluft & BAFU
Haushalte;verschiedene;Green;5;#4A6E67;2017;NH3;Jahresmenge;t/a;102.38397293543653;Ostluft & BAFU
Industrie;verschiedene;Blue;10;#2B4577;2017;NH3;Jahresmenge;t/a;92.32099367947126;Ostluft & BAFU
Land- und Forstw.;Hofdüngerausbringung & Weiden;Purple;15;#651EA6;2017;NH3;Jahresmenge;t/a;1378.0614894043958;Ostluft & BAFU
Land- und Forstw.;Stall-Laufhof & Hofdünger-Lager;Purple;16;#9142D3;2017;NH3;Jahresmenge;t/a;1289.153806585731;Ostluft & BAFU
Land- und Forstw.;Landw. Nutzflächen;Purple;17;#C77DFF;2017;NH3;Jahresmenge;t/a;279.44552758708596;Ostluft & BAFU
Land- und Forstw.;verschiedene;Purple;14;#3C096C;2017;NH3;Jahresmenge;t/a;11.284961690541552;Ostluft & BAFU
Verkehr;Strassenverkehr;Gray;18;#1A1A1A;2017;NH3;Jahresmenge;t/a;156.1406609284291;Ostluft & BAFU
Verkehr;verschiedene;Gray;20;#7F7F7F;2017;NH3;Jahresmenge;t/a;0.04263872767978679;Ostluft & BAFU
Dienstleistungen;verschiedene;Gold;1;#A67C00;2017;NMVOC;Jahresmenge;t/a;258.9565219209669;Ostluft & BAFU
Haushalte;Lösungsmittel;Green;6;#6B917D;2017;NMVOC;Jahresmenge;t/a;1237.5110774326004;Ostluft & BAFU
Haushalte;verschiedene;Green;5;#4A6E67;2017;NMVOC;Jahresmenge;t/a;380.1248547023574;Ostluft & BAFU
Industrie;Lösungsmittel;Blue;9;#293961;2017;NMVOC;Jahresmenge;t/a;3673.3900167991615;Ostluft & BAFU
Industrie;verschiedene;Blue;10;#2B4577;2017;NMVOC;Jahresmenge;t/a;1013.3133638640464;Ostluft & BAFU
Industrie;Flächenquellen;Blue;11;#5A709E;2017;NMVOC;Jahresmenge;t/a;858.3784747309976;Ostluft & BAFU
Land- und Forstw.;verschiedene;Purple;14;#3C096C;2017;NMVOC;Jahresmenge;t/a;1048.522005124366;Ostluft & BAFU
Verkehr;Zonenverkehr;Gray;19;#4C4C4C;2017;NMVOC;Jahresmenge;t/a;1305.2700516936534;Ostluft & BAFU
Verkehr;Strassenverkehr;Gray;18;#1A1A1A;2017;NMVOC;Jahresmenge;t/a;790.9040387414066;Ostluft & BAFU
Verkehr;verschiedene;Gray;20;#7F7F7F;2017;NMVOC;Jahresmenge;t/a;401.40313631622126;Ostluft & BAFU
natürl. Emissionen;Wälder;natural;23;#636B2F;2017;NMVOC;Jahresmenge;t/a;4292.791981103365;Ostluft & BAFU
Dienstleistungen;Feuerungen Öl & Gas;Gold;2;#FFBF00;2017;NOx;Jahresmenge;t/a;445.9706547021194;Ostluft & BAFU
Dienstleistungen;verschiedene;Gold;1;#A67C00;2017;NOx;Jahresmenge;t/a;244.8386859103344;Ostluft & BAFU
Haushalte;Feuerungen Öl & Gas;Green;7;#95B39A;2017;NOx;Jahresmenge;t/a;387.9836367337939;Ostluft & BAFU
Haushalte;verschiedene;Green;5;#4A6E67;2017;NOx;Jahresmenge;t/a;185.87217344299995;Ostluft & BAFU
Industrie;verschiedene;Blue;10;#2B4577;2017;NOx;Jahresmenge;t/a;1015.8325898452177;Ostluft & BAFU
Land- und Forstw.;verschiedene;Purple;14;#3C096C;2017;NOx;Jahresmenge;t/a;428.55096599907006;Ostluft & BAFU
Verkehr;Strassenverkehr;Gray;18;#1A1A1A;2017;NOx;Jahresmenge;t/a;5683.9765168503545;Ostluft & BAFU
Verkehr;Flugverkehr;Gray;21;#B2B2B2;2017;NOx;Jahresmenge;t/a;1351.0000000000002;Ostluft & BAFU
Verkehr;verschiedene;Gray;20;#7F7F7F;2017;NOx;Jahresmenge;t/a;371.9697534983617;Ostluft & BAFU
Dienstleistungen;Feuerungen Holz & Kohle;Gold;3;#FFD447;2017;PM10;Jahresmenge;t/a;123.04949039870023;Ostluft & BAFU
Dienstleistungen;verschiedene;Gold;1;#A67C00;2017;PM10;Jahresmenge;t/a;5.491376530546977;Ostluft & BAFU
Haushalte;Feuerungen Holz & Kohle;Green;4;#354F52;2017;PM10;Jahresmenge;t/a;194.18754130740484;Ostluft & BAFU
Haushalte;verschiedene;Green;5;#4A6E67;2017;PM10;Jahresmenge;t/a;156.38504785524134;Ostluft & BAFU
Industrie;Baumaschinen;Blue;12;#9EAACC;2017;PM10;Jahresmenge;t/a;263.2123635898898;Ostluft & BAFU
Industrie;Flächenquellen;Blue;11;#5A709E;2017;PM10;Jahresmenge;t/a;137.94288139186574;Ostluft & BAFU
Industrie;verschiedene;Blue;10;#2B4577;2017;PM10;Jahresmenge;t/a;11.169227160798007;Ostluft & BAFU
Land- und Forstw.;verschiedene;Purple;14;#3C096C;2017;PM10;Jahresmenge;t/a;151.41979940172473;Ostluft & BAFU
Verkehr;Strassenverkehr;Gray;18;#1A1A1A;2017;PM10;Jahresmenge;t/a;468.4665874864555;Ostluft & BAFU
Verkehr;Schienenverkehr;Gray;22;#E5E5E5;2017;PM10;Jahresmenge;t/a;141.87546091567495;Ostluft & BAFU
Verkehr;verschiedene;Gray;20;#7F7F7F;2017;PM10;Jahresmenge;t/a;33.684649834343396;Ostluft & BAFU
Dienstleistungen;Feuerungen Holz & Kohle;Gold;3;#FFD447;2017;PM2.5;Jahresmenge;t/a;115.98303877297963;Ostluft & BAFU
Dienstleistungen;verschiedene;Gold;1;#A67C00;2017;PM2.5;Jahresmenge;t/a;5.491376530546977;Ostluft & BAFU
Haushalte;Feuerungen Holz & Kohle;Green;4;#354F52;2017;PM2.5;Jahresmenge;t/a;183.41415329959634;Ostluft & BAFU
Haushalte;Private etc;Green;8;#CAD2C5;2017;PM2.5;Jahresmenge;t/a;85.61488111953402;Ostluft & BAFU
Haushalte;verschiedene;Green;5;#4A6E67;2017;PM2.5;Jahresmenge;t/a;26.798796706482953;Ostluft & BAFU
Industrie;Flächenquellen;Blue;11;#5A709E;2017;PM2.5;Jahresmenge;t/a;72.76161439014412;Ostluft & BAFU
Industrie;verschiedene;Blue;10;#2B4577;2017;PM2.5;Jahresmenge;t/a;53.76468144129375;Ostluft & BAFU
Land- und Forstw.;verschiedene;Purple;14;#3C096C;2017;PM2.5;Jahresmenge;t/a;41.094884979209596;Ostluft & BAFU
Verkehr;Strassenverkehr;Gray;18;#1A1A1A;2017;PM2.5;Jahresmenge;t/a;208.371495157117;Ostluft & BAFU
Verkehr;verschiedene;Gray;20;#7F7F7F;2017;PM2.5;Jahresmenge;t/a;55.43998933190096;Ostluft & BAFU
Dienstleistungen;Feuerungen Öl & Gas;Gold;2;#FFBF00;2017;SO2;Jahresmenge;t/a;69.08780004517939;Ostluft & BAFU
Dienstleistungen;verschiedene;Gold;1;#A67C00;2017;SO2;Jahresmenge;t/a;11.558613817180586;Ostluft & BAFU
Haushalte;Feuerungen Öl & Gas;Green;7;#95B39A;2017;SO2;Jahresmenge;t/a;88.1166765232766;Ostluft & BAFU
Haushalte;verschiedene;Green;5;#4A6E67;2017;SO2;Jahresmenge;t/a;19.8424735284043;Ostluft & BAFU
Industrie;Flächenquellen;Blue;11;#5A709E;2017;SO2;Jahresmenge;t/a;69.22142282837741;Ostluft & BAFU
Industrie;Kehrichtverbrennungsanlagen;Blue;13;#E3E4FA;2017;SO2;Jahresmenge;t/a;44.110958145;Ostluft & BAFU
Industrie;verschiedene;Blue;10;#2B4577;2017;SO2;Jahresmenge;t/a;10.571361872715192;Ostluft & BAFU
Land- und Forstw.;verschiedene;Purple;14;#3C096C;2017;SO2;Jahresmenge;t/a;1.8849918571351272;Ostluft & BAFU
Verkehr;Flugverkehr;Gray;21;#B2B2B2;2017;SO2;Jahresmenge;t/a;103.639718;Ostluft & BAFU
Verkehr;Strassenverkehr;Gray;18;#1A1A1A;2017;SO2;Jahresmenge;t/a;9.343694174097418;Ostluft & BAFU
Verkehr;verschiedene;Gray;20;#7F7F7F;2017;SO2;Jahresmenge;t/a;0.4843386157239708;Ostluft & BAFU
Dienstleistungen;Feuerungen Holz & Kohle;Gold;3;#FFD447;2017;eBC;Jahresmenge;t/a;22.67931681188977;Ostluft & BAFU
Dienstleistungen;verschiedene;Gold;1;#A67C00;2017;eBC;Jahresmenge;t/a;0.3656343835108945;Ostluft & BAFU
Haushalte;Feuerungen Holz & Kohle;Green;4;#354F52;2017;eBC;Jahresmenge;t/a;49.28844814572585;Ostluft & BAFU
Haushalte;verschiedene;Green;5;#4A6E67;2017;eBC;Jahresmenge;t/a;4.478201598461432;Ostluft & BAFU
Industrie;verschiedene;Blue;10;#2B4577;2017;eBC;Jahresmenge;t/a;6.8096970424666035;Ostluft & BAFU
Land- und Forstw.;verschiedene;Purple;14;#3C096C;2017;eBC;Jahresmenge;t/a;11.458111664223432;Ostluft & BAFU
Verkehr;Strassenverkehr;Gray;18;#1A1A1A;2017;eBC;Jahresmenge;t/a;46.037669202266905;Ostluft & BAFU
Verkehr;verschiedene;Gray;20;#7F7F7F;2017;eBC;Jahresmenge;t/a;12.23536962386491;Ostluft & BAFU
Dienstleistungen;verschiedene;Gold;1;#A67C00;2018;CO;Jahresmenge;t/a;2308.7916348929775;Ostluft & BAFU
Haushalte;Feuerungen Holz & Kohle;Green;4;#354F52;2018;CO;Jahresmenge;t/a;2292.481530018034;Ostluft & BAFU
Haushalte;verschiedene;Green;5;#4A6E67;2018;CO;Jahresmenge;t/a;996.3017203526816;Ostluft & BAFU
Industrie;verschiedene;Blue;10;#2B4577;2018;CO;Jahresmenge;t/a;1103.9145569253358;Ostluft & BAFU
Land- und Forstw.;verschiedene;Purple;14;#3C096C;2018;CO;Jahresmenge;t/a;1108.8333104792275;Ostluft & BAFU
Verkehr;Strassenverkehr;Gray;18;#1A1A1A;2018;CO;Jahresmenge;t/a;8309.777590923673;Ostluft & BAFU
Verkehr;Zonenverkehr;Gray;19;#4C4C4C;2018;CO;Jahresmenge;t/a;5946.686551057217;Ostluft & BAFU
Verkehr;verschiedene;Gray;20;#7F7F7F;2018;CO;Jahresmenge;t/a;2034.4940549619487;Ostluft & BAFU
Dienstleistungen;verschiedene;Gold;1;#A67C00;2018;NH3;Jahresmenge;t/a;6.567092502773;Ostluft & BAFU
Haushalte;verschiedene;Green;5;#4A6E67;2018;NH3;Jahresmenge;t/a;96.79539423728697;Ostluft & BAFU
Industrie;verschiedene;Blue;10;#2B4577;2018;NH3;Jahresmenge;t/a;89.53682847323176;Ostluft & BAFU
Land- und Forstw.;Hofdüngerausbringung & Weiden;Purple;15;#651EA6;2018;NH3;Jahresmenge;t/a;1371.2672260225427;Ostluft & BAFU
Land- und Forstw.;Stall-Laufhof & Hofdünger-Lager;Purple;16;#9142D3;2018;NH3;Jahresmenge;t/a;1281.9507958905276;Ostluft & BAFU
Land- und Forstw.;Landw. Nutzflächen;Purple;17;#C77DFF;2018;NH3;Jahresmenge;t/a;265.92658716253936;Ostluft & BAFU
Land- und Forstw.;verschiedene;Purple;14;#3C096C;2018;NH3;Jahresmenge;t/a;12.098159330860447;Ostluft & BAFU
Verkehr;Strassenverkehr;Gray;18;#1A1A1A;2018;NH3;Jahresmenge;t/a;147.88577413320036;Ostluft & BAFU
Verkehr;verschiedene;Gray;20;#7F7F7F;2018;NH3;Jahresmenge;t/a;0.04250801975786091;Ostluft & BAFU
Dienstleistungen;verschiedene;Gold;1;#A67C00;2018;NMVOC;Jahresmenge;t/a;238.36885593010433;Ostluft & BAFU
Haushalte;Lösungsmittel;Green;6;#6B917D;2018;NMVOC;Jahresmenge;t/a;1244.7255224387045;Ostluft & BAFU
Haushalte;verschiedene;Green;5;#4A6E67;2018;NMVOC;Jahresmenge;t/a;348.02404729602387;Ostluft & BAFU
Industrie;Lösungsmittel;Blue;9;#293961;2018;NMVOC;Jahresmenge;t/a;3600.828126757757;Ostluft & BAFU
Industrie;verschiedene;Blue;10;#2B4577;2018;NMVOC;Jahresmenge;t/a;983.6111194969156;Ostluft & BAFU
Industrie;Flächenquellen;Blue;11;#5A709E;2018;NMVOC;Jahresmenge;t/a;855.1602132635883;Ostluft & BAFU
Land- und Forstw.;verschiedene;Purple;14;#3C096C;2018;NMVOC;Jahresmenge;t/a;1047.707378487206;Ostluft & BAFU
Verkehr;Zonenverkehr;Gray;19;#4C4C4C;2018;NMVOC;Jahresmenge;t/a;1236.1960175115082;Ostluft & BAFU
Verkehr;Strassenverkehr;Gray;18;#1A1A1A;2018;NMVOC;Jahresmenge;t/a;749.0499162661883;Ostluft & BAFU
Verkehr;verschiedene;Gray;20;#7F7F7F;2018;NMVOC;Jahresmenge;t/a;364.3752243369819;Ostluft & BAFU
natürl. Emissionen;Wälder;natural;23;#636B2F;2018;NMVOC;Jahresmenge;t/a;4292.791981103365;Ostluft & BAFU
Dienstleistungen;Feuerungen Öl & Gas;Gold;2;#FFBF00;2018;NOx;Jahresmenge;t/a;404.49340462785676;Ostluft & BAFU
Dienstleistungen;verschiedene;Gold;1;#A67C00;2018;NOx;Jahresmenge;t/a;234.47391653992253;Ostluft & BAFU
Haushalte;Feuerungen Öl & Gas;Green;7;#95B39A;2018;NOx;Jahresmenge;t/a;339.0301582148611;Ostluft & BAFU
Haushalte;verschiedene;Green;5;#4A6E67;2018;NOx;Jahresmenge;t/a;175.48657443359156;Ostluft & BAFU
Industrie;verschiedene;Blue;10;#2B4577;2018;NOx;Jahresmenge;t/a;964.5046709779983;Ostluft & BAFU
Land- und Forstw.;verschiedene;Purple;14;#3C096C;2018;NOx;Jahresmenge;t/a;410.0618175812302;Ostluft & BAFU
Verkehr;Strassenverkehr;Gray;18;#1A1A1A;2018;NOx;Jahresmenge;t/a;5295.725429756061;Ostluft & BAFU
Verkehr;Flugverkehr;Gray;21;#B2B2B2;2018;NOx;Jahresmenge;t/a;1381;Ostluft & BAFU
Verkehr;verschiedene;Gray;20;#7F7F7F;2018;NOx;Jahresmenge;t/a;355.7959489511146;Ostluft & BAFU
Dienstleistungen;Feuerungen Holz & Kohle;Gold;3;#FFD447;2018;PM10;Jahresmenge;t/a;112.55638236480539;Ostluft & BAFU
Dienstleistungen;verschiedene;Gold;1;#A67C00;2018;PM10;Jahresmenge;t/a;4.863899042702309;Ostluft & BAFU
Haushalte;Feuerungen Holz & Kohle;Green;4;#354F52;2018;PM10;Jahresmenge;t/a;174.75513669940847;Ostluft & BAFU
Haushalte;verschiedene;Green;5;#4A6E67;2018;PM10;Jahresmenge;t/a;154.23788735745094;Ostluft & BAFU
Industrie;Baumaschinen;Blue;12;#9EAACC;2018;PM10;Jahresmenge;t/a;264.76353391329747;Ostluft & BAFU
Industrie;Flächenquellen;Blue;11;#5A709E;2018;PM10;Jahresmenge;t/a;135.24173581537332;Ostluft & BAFU
Industrie;verschiedene;Blue;10;#2B4577;2018;PM10;Jahresmenge;t/a;10.906263157382929;Ostluft & BAFU
Land- und Forstw.;verschiedene;Purple;14;#3C096C;2018;PM10;Jahresmenge;t/a;146.50263196842022;Ostluft & BAFU
Verkehr;Strassenverkehr;Gray;18;#1A1A1A;2018;PM10;Jahresmenge;t/a;466.03520934316555;Ostluft & BAFU
Verkehr;Schienenverkehr;Gray;22;#E5E5E5;2018;PM10;Jahresmenge;t/a;146.83001747382525;Ostluft & BAFU
Verkehr;verschiedene;Gray;20;#7F7F7F;2018;PM10;Jahresmenge;t/a;32.20100202823005;Ostluft & BAFU
Dienstleistungen;Feuerungen Holz & Kohle;Gold;3;#FFD447;2018;PM2.5;Jahresmenge;t/a;105.91352726684084;Ostluft & BAFU
Dienstleistungen;verschiedene;Gold;1;#A67C00;2018;PM2.5;Jahresmenge;t/a;4.863899042702309;Ostluft & BAFU
Haushalte;Feuerungen Holz & Kohle;Green;4;#354F52;2018;PM2.5;Jahresmenge;t/a;164.95012675046382;Ostluft & BAFU
Haushalte;Private etc;Green;8;#CAD2C5;2018;PM2.5;Jahresmenge;t/a;82.77355287212552;Ostluft & BAFU
Haushalte;verschiedene;Green;5;#4A6E67;2018;PM2.5;Jahresmenge;t/a;27.901506957226683;Ostluft & BAFU
Industrie;Flächenquellen;Blue;11;#5A709E;2018;PM2.5;Jahresmenge;t/a;70.20974455260375;Ostluft & BAFU
Industrie;verschiedene;Blue;10;#2B4577;2018;PM2.5;Jahresmenge;t/a;53.67896583009859;Ostluft & BAFU
Land- und Forstw.;verschiedene;Purple;14;#3C096C;2018;PM2.5;Jahresmenge;t/a;36.28655975323224;Ostluft & BAFU
Verkehr;Strassenverkehr;Gray;18;#1A1A1A;2018;PM2.5;Jahresmenge;t/a;205.7632489903777;Ostluft & BAFU
Verkehr;verschiedene;Gray;20;#7F7F7F;2018;PM2.5;Jahresmenge;t/a;54.66925360842515;Ostluft & BAFU
Dienstleistungen;Feuerungen Öl & Gas;Gold;2;#FFBF00;2018;SO2;Jahresmenge;t/a;59.10713496000076;Ostluft & BAFU
Dienstleistungen;verschiedene;Gold;1;#A67C00;2018;SO2;Jahresmenge;t/a;10.956594372100708;Ostluft & BAFU
Haushalte;Feuerungen Öl & Gas;Green;7;#95B39A;2018;SO2;Jahresmenge;t/a;74.68988022084238;Ostluft & BAFU
Haushalte;verschiedene;Green;5;#4A6E67;2018;SO2;Jahresmenge;t/a;18.91089519901598;Ostluft & BAFU
Industrie;Flächenquellen;Blue;11;#5A709E;2018;SO2;Jahresmenge;t/a;68.08501070216155;Ostluft & BAFU
Industrie;Kehrichtverbrennungsanlagen;Blue;13;#E3E4FA;2018;SO2;Jahresmenge;t/a;45.65713457968;Ostluft & BAFU
Industrie;verschiedene;Blue;10;#2B4577;2018;SO2;Jahresmenge;t/a;10.412819682815343;Ostluft & BAFU
Land- und Forstw.;verschiedene;Purple;14;#3C096C;2018;SO2;Jahresmenge;t/a;1.5122248623008676;Ostluft & BAFU
Verkehr;Flugverkehr;Gray;21;#B2B2B2;2018;SO2;Jahresmenge;t/a;108.45521200000002;Ostluft & BAFU
Verkehr;Strassenverkehr;Gray;18;#1A1A1A;2018;SO2;Jahresmenge;t/a;9.431429113452396;Ostluft & BAFU
Verkehr;verschiedene;Gray;20;#7F7F7F;2018;SO2;Jahresmenge;t/a;0.47660962758033154;Ostluft & BAFU
Dienstleistungen;Feuerungen Holz & Kohle;Gold;3;#FFD447;2018;eBC;Jahresmenge;t/a;20.715086835244627;Ostluft & BAFU
Dienstleistungen;verschiedene;Gold;1;#A67C00;2018;eBC;Jahresmenge;t/a;0.3413800503690969;Ostluft & BAFU
Haushalte;Feuerungen Holz & Kohle;Green;4;#354F52;2018;eBC;Jahresmenge;t/a;44.397824066134476;Ostluft & BAFU
Haushalte;verschiedene;Green;5;#4A6E67;2018;eBC;Jahresmenge;t/a;4.327428991290202;Ostluft & BAFU
Industrie;verschiedene;Blue;10;#2B4577;2018;eBC;Jahresmenge;t/a;6.48032562523455;Ostluft & BAFU
Land- und Forstw.;verschiedene;Purple;14;#3C096C;2018;eBC;Jahresmenge;t/a;10.367515322762497;Ostluft & BAFU
Verkehr;Strassenverkehr;Gray;18;#1A1A1A;2018;eBC;Jahresmenge;t/a;47.023768661749045;Ostluft & BAFU
Verkehr;verschiedene;Gray;20;#7F7F7F;2018;eBC;Jahresmenge;t/a;11.591873173619271;Ostluft & BAFU
Dienstleistungen;verschiedene;Gold;1;#A67C00;2019;CO;Jahresmenge;t/a;2310.479814817499;Ostluft & BAFU
Haushalte;Feuerungen Holz & Kohle;Green;4;#354F52;2019;CO;Jahresmenge;t/a;2267.2748798860703;Ostluft & BAFU
Haushalte;verschiedene;Green;5;#4A6E67;2019;CO;Jahresmenge;t/a;967.0662577739002;Ostluft & BAFU
Industrie;verschiedene;Blue;10;#2B4577;2019;CO;Jahresmenge;t/a;1072.6395793803204;Ostluft & BAFU
Land- und Forstw.;verschiedene;Purple;14;#3C096C;2019;CO;Jahresmenge;t/a;1073.8312100133883;Ostluft & BAFU
Verkehr;Strassenverkehr;Gray;18;#1A1A1A;2019;CO;Jahresmenge;t/a;7943.055451344005;Ostluft & BAFU
Verkehr;Zonenverkehr;Gray;19;#4C4C4C;2019;CO;Jahresmenge;t/a;5684.250933310324;Ostluft & BAFU
Verkehr;verschiedene;Gray;20;#7F7F7F;2019;CO;Jahresmenge;t/a;1945.485101187602;Ostluft & BAFU
Dienstleistungen;verschiedene;Gold;1;#A67C00;2019;NH3;Jahresmenge;t/a;6.907651978399404;Ostluft & BAFU
Haushalte;verschiedene;Green;5;#4A6E67;2019;NH3;Jahresmenge;t/a;95.29091458132197;Ostluft & BAFU
Industrie;verschiedene;Blue;10;#2B4577;2019;NH3;Jahresmenge;t/a;92.4813233742238;Ostluft & BAFU
Land- und Forstw.;Hofdüngerausbringung & Weiden;Purple;15;#651EA6;2019;NH3;Jahresmenge;t/a;1352.846408850093;Ostluft & BAFU
Land- und Forstw.;Stall-Laufhof & Hofdünger-Lager;Purple;16;#9142D3;2019;NH3;Jahresmenge;t/a;1266.007111898122;Ostluft & BAFU
Land- und Forstw.;Landw. Nutzflächen;Purple;17;#C77DFF;2019;NH3;Jahresmenge;t/a;252.85023159813136;Ostluft & BAFU
Land- und Forstw.;verschiedene;Purple;14;#3C096C;2019;NH3;Jahresmenge;t/a;13.528097436391777;Ostluft & BAFU
Verkehr;Strassenverkehr;Gray;18;#1A1A1A;2019;NH3;Jahresmenge;t/a;142.75644615300843;Ostluft & BAFU
Verkehr;verschiedene;Gray;20;#7F7F7F;2019;NH3;Jahresmenge;t/a;0.04237660835133286;Ostluft & BAFU
Dienstleistungen;verschiedene;Gold;1;#A67C00;2019;NMVOC;Jahresmenge;t/a;232.62170566866916;Ostluft & BAFU
Haushalte;Lösungsmittel;Green;6;#6B917D;2019;NMVOC;Jahresmenge;t/a;1251.8116159401266;Ostluft & BAFU
Haushalte;verschiedene;Green;5;#4A6E67;2019;NMVOC;Jahresmenge;t/a;340.37955182023836;Ostluft & BAFU
Industrie;Lösungsmittel;Blue;9;#293961;2019;NMVOC;Jahresmenge;t/a;3575.14928279881;Ostluft & BAFU
Industrie;verschiedene;Blue;10;#2B4577;2019;NMVOC;Jahresmenge;t/a;958.8054226814932;Ostluft & BAFU
Industrie;Flächenquellen;Blue;11;#5A709E;2019;NMVOC;Jahresmenge;t/a;852.3720989894935;Ostluft & BAFU
Land- und Forstw.;verschiedene;Purple;14;#3C096C;2019;NMVOC;Jahresmenge;t/a;1047.3581298927402;Ostluft & BAFU
Verkehr;Zonenverkehr;Gray;19;#4C4C4C;2019;NMVOC;Jahresmenge;t/a;1149.1856752585404;Ostluft & BAFU
Verkehr;Strassenverkehr;Gray;18;#1A1A1A;2019;NMVOC;Jahresmenge;t/a;696.3276225072448;Ostluft & BAFU
Verkehr;verschiedene;Gray;20;#7F7F7F;2019;NMVOC;Jahresmenge;t/a;346.37188168941054;Ostluft & BAFU
natürl. Emissionen;Wälder;natural;23;#636B2F;2019;NMVOC;Jahresmenge;t/a;4292.791981103365;Ostluft & BAFU
Dienstleistungen;Feuerungen Öl & Gas;Gold;2;#FFBF00;2019;NOx;Jahresmenge;t/a;391.99296176977094;Ostluft & BAFU
Dienstleistungen;verschiedene;Gold;1;#A67C00;2019;NOx;Jahresmenge;t/a;247.85272443322924;Ostluft & BAFU
Haushalte;Feuerungen Öl & Gas;Green;7;#95B39A;2019;NOx;Jahresmenge;t/a;324.84449500628034;Ostluft & BAFU
Haushalte;verschiedene;Green;5;#4A6E67;2019;NOx;Jahresmenge;t/a;178.87207533441318;Ostluft & BAFU
Industrie;verschiedene;Blue;10;#2B4577;2019;NOx;Jahresmenge;t/a;943.1015830959307;Ostluft & BAFU
Land- und Forstw.;verschiedene;Purple;14;#3C096C;2019;NOx;Jahresmenge;t/a;389.8225313543809;Ostluft & BAFU
Verkehr;Strassenverkehr;Gray;18;#1A1A1A;2019;NOx;Jahresmenge;t/a;4883.853739541322;Ostluft & BAFU
Verkehr;Flugverkehr;Gray;21;#B2B2B2;2019;NOx;Jahresmenge;t/a;1396.0000000000002;Ostluft & BAFU
Verkehr;verschiedene;Gray;20;#7F7F7F;2019;NOx;Jahresmenge;t/a;339.0149184392471;Ostluft & BAFU
Dienstleistungen;Feuerungen Holz & Kohle;Gold;3;#FFD447;2019;PM10;Jahresmenge;t/a;111.9275165061099;Ostluft & BAFU
Dienstleistungen;verschiedene;Gold;1;#A67C00;2019;PM10;Jahresmenge;t/a;4.677720990518548;Ostluft & BAFU
Haushalte;Feuerungen Holz & Kohle;Green;4;#354F52;2019;PM10;Jahresmenge;t/a;171.35643537952635;Ostluft & BAFU
Haushalte;verschiedene;Green;5;#4A6E67;2019;PM10;Jahresmenge;t/a;125.54512084405567;Ostluft & BAFU
Industrie;Baumaschinen;Blue;12;#9EAACC;2019;PM10;Jahresmenge;t/a;266.1991372170596;Ostluft & BAFU
Industrie;Flächenquellen;Blue;11;#5A709E;2019;PM10;Jahresmenge;t/a;137.66461645997916;Ostluft & BAFU
Industrie;verschiedene;Blue;10;#2B4577;2019;PM10;Jahresmenge;t/a;10.626298818969708;Ostluft & BAFU
Land- und Forstw.;verschiedene;Purple;14;#3C096C;2019;PM10;Jahresmenge;t/a;142.13015044828998;Ostluft & BAFU
Verkehr;Strassenverkehr;Gray;18;#1A1A1A;2019;PM10;Jahresmenge;t/a;458.60381356071474;Ostluft & BAFU
Verkehr;Schienenverkehr;Gray;22;#E5E5E5;2019;PM10;Jahresmenge;t/a;146.29248374645252;Ostluft & BAFU
Verkehr;verschiedene;Gray;20;#7F7F7F;2019;PM10;Jahresmenge;t/a;29.666489324668717;Ostluft & BAFU
Dienstleistungen;Feuerungen Holz & Kohle;Gold;3;#FFD447;2019;PM2.5;Jahresmenge;t/a;105.12941077214145;Ostluft & BAFU
Dienstleistungen;verschiedene;Gold;1;#A67C00;2019;PM2.5;Jahresmenge;t/a;4.677720990518548;Ostluft & BAFU
Haushalte;Feuerungen Holz & Kohle;Green;4;#354F52;2019;PM2.5;Jahresmenge;t/a;161.62643468178067;Ostluft & BAFU
Haushalte;Private etc;Green;8;#CAD2C5;2019;PM2.5;Jahresmenge;t/a;79.3950252619325;Ostluft & BAFU
Haushalte;verschiedene;Green;5;#4A6E67;2019;PM2.5;Jahresmenge;t/a;16.480132794871786;Ostluft & BAFU
Industrie;Flächenquellen;Blue;11;#5A709E;2019;PM2.5;Jahresmenge;t/a;70.17856047473788;Ostluft & BAFU
Industrie;verschiedene;Blue;10;#2B4577;2019;PM2.5;Jahresmenge;t/a;53.43697257725143;Ostluft & BAFU
Land- und Forstw.;verschiedene;Purple;14;#3C096C;2019;PM2.5;Jahresmenge;t/a;32.363981769281935;Ostluft & BAFU
Verkehr;Strassenverkehr;Gray;18;#1A1A1A;2019;PM2.5;Jahresmenge;t/a;198.86035832455227;Ostluft & BAFU
Verkehr;verschiedene;Gray;20;#7F7F7F;2019;PM2.5;Jahresmenge;t/a;51.958817395152394;Ostluft & BAFU
Dienstleistungen;Feuerungen Öl & Gas;Gold;2;#FFBF00;2019;SO2;Jahresmenge;t/a;53.204009890515444;Ostluft & BAFU
Dienstleistungen;verschiedene;Gold;1;#A67C00;2019;SO2;Jahresmenge;t/a;11.834834476862483;Ostluft & BAFU
Haushalte;Feuerungen Öl & Gas;Green;7;#95B39A;2019;SO2;Jahresmenge;t/a;67.31363250894768;Ostluft & BAFU
Haushalte;verschiedene;Green;5;#4A6E67;2019;SO2;Jahresmenge;t/a;18.542775639002823;Ostluft & BAFU
Industrie;Flächenquellen;Blue;11;#5A709E;2019;SO2;Jahresmenge;t/a;59.91312500867198;Ostluft & BAFU
Industrie;Kehrichtverbrennungsanlagen;Blue;13;#E3E4FA;2019;SO2;Jahresmenge;t/a;46.3587910967999;Ostluft & BAFU
Industrie;verschiedene;Blue;10;#2B4577;2019;SO2;Jahresmenge;t/a;10.450169917411284;Ostluft & BAFU
Land- und Forstw.;verschiedene;Purple;14;#3C096C;2019;SO2;Jahresmenge;t/a;1.3222782521573642;Ostluft & BAFU
Verkehr;Flugverkehr;Gray;21;#B2B2B2;2019;SO2;Jahresmenge;t/a;108.39570600000002;Ostluft & BAFU
Verkehr;Strassenverkehr;Gray;18;#1A1A1A;2019;SO2;Jahresmenge;t/a;9.335634899857023;Ostluft & BAFU
Verkehr;verschiedene;Gray;20;#7F7F7F;2019;SO2;Jahresmenge;t/a;0.4618214837104691;Ostluft & BAFU
Dienstleistungen;Feuerungen Holz & Kohle;Gold;3;#FFD447;2019;eBC;Jahresmenge;t/a;20.62081099412398;Ostluft & BAFU
Dienstleistungen;verschiedene;Gold;1;#A67C00;2019;eBC;Jahresmenge;t/a;0.344651869397893;Ostluft & BAFU
Haushalte;Feuerungen Holz & Kohle;Green;4;#354F52;2019;eBC;Jahresmenge;t/a;43.68964075258191;Ostluft & BAFU
Haushalte;verschiedene;Green;5;#4A6E67;2019;eBC;Jahresmenge;t/a;4.13324622299621;Ostluft & BAFU
Industrie;verschiedene;Blue;10;#2B4577;2019;eBC;Jahresmenge;t/a;6.370393868847791;Ostluft & BAFU
Land- und Forstw.;verschiedene;Purple;14;#3C096C;2019;eBC;Jahresmenge;t/a;9.368531581116786;Ostluft & BAFU
Verkehr;Strassenverkehr;Gray;18;#1A1A1A;2019;eBC;Jahresmenge;t/a;41.07487490404789;Ostluft & BAFU
Verkehr;verschiedene;Gray;20;#7F7F7F;2019;eBC;Jahresmenge;t/a;9.891829991588981;Ostluft & BAFU
Dienstleistungen;verschiedene;Gold;1;#A67C00;2020;CO;Jahresmenge;t/a;2217.414580060101;Ostluft & BAFU
Haushalte;Feuerungen Holz & Kohle;Green;4;#354F52;2020;CO;Jahresmenge;t/a;2035.8412219907618;Ostluft & BAFU
Haushalte;verschiedene;Green;5;#4A6E67;2020;CO;Jahresmenge;t/a;978.5462424332414;Ostluft & BAFU
Industrie;verschiedene;Blue;10;#2B4577;2020;CO;Jahresmenge;t/a;1036.4985955326215;Ostluft & BAFU
Land- und Forstw.;verschiedene;Purple;14;#3C096C;2020;CO;Jahresmenge;t/a;1043.7444552277886;Ostluft & BAFU
Verkehr;Strassenverkehr;Gray;18;#1A1A1A;2020;CO;Jahresmenge;t/a;6721.372112072893;Ostluft & BAFU
Verkehr;Zonenverkehr;Gray;19;#4C4C4C;2020;CO;Jahresmenge;t/a;4809.983505114734;Ostluft & BAFU
Verkehr;verschiedene;Gray;20;#7F7F7F;2020;CO;Jahresmenge;t/a;1208.543620711193;Ostluft & BAFU
Dienstleistungen;verschiedene;Gold;1;#A67C00;2020;NH3;Jahresmenge;t/a;7.171324562636204;Ostluft & BAFU
Haushalte;verschiedene;Green;5;#4A6E67;2020;NH3;Jahresmenge;t/a;95.13258546483371;Ostluft & BAFU
Industrie;verschiedene;Blue;10;#2B4577;2020;NH3;Jahresmenge;t/a;90.90404962245788;Ostluft & BAFU
Land- und Forstw.;Hofdüngerausbringung & Weiden;Purple;15;#651EA6;2020;NH3;Jahresmenge;t/a;1345.7462649511945;Ostluft & BAFU
Land- und Forstw.;Stall-Laufhof & Hofdünger-Lager;Purple;16;#9142D3;2020;NH3;Jahresmenge;t/a;1263.1499740942877;Ostluft & BAFU
Land- und Forstw.;Landw. Nutzflächen;Purple;17;#C77DFF;2020;NH3;Jahresmenge;t/a;257.7394265681506;Ostluft & BAFU
Land- und Forstw.;verschiedene;Purple;14;#3C096C;2020;NH3;Jahresmenge;t/a;14.661943400433024;Ostluft & BAFU
Verkehr;Strassenverkehr;Gray;18;#1A1A1A;2020;NH3;Jahresmenge;t/a;123.34010166545414;Ostluft & BAFU
Verkehr;verschiedene;Gray;20;#7F7F7F;2020;NH3;Jahresmenge;t/a;0.042244497954470786;Ostluft & BAFU
Dienstleistungen;verschiedene;Gold;1;#A67C00;2020;NMVOC;Jahresmenge;t/a;219.3318608393019;Ostluft & BAFU
Haushalte;Lösungsmittel;Green;6;#6B917D;2020;NMVOC;Jahresmenge;t/a;1259.1542203056733;Ostluft & BAFU
Haushalte;verschiedene;Green;5;#4A6E67;2020;NMVOC;Jahresmenge;t/a;319.62388628288494;Ostluft & BAFU
Industrie;Lösungsmittel;Blue;9;#293961;2020;NMVOC;Jahresmenge;t/a;3540.693371550993;Ostluft & BAFU
Industrie;verschiedene;Blue;10;#2B4577;2020;NMVOC;Jahresmenge;t/a;872.3582492784782;Ostluft & BAFU
Industrie;Flächenquellen;Blue;11;#5A709E;2020;NMVOC;Jahresmenge;t/a;847.7799825120602;Ostluft & BAFU
Land- und Forstw.;verschiedene;Purple;14;#3C096C;2020;NMVOC;Jahresmenge;t/a;1049.5091554494543;Ostluft & BAFU
Verkehr;Zonenverkehr;Gray;19;#4C4C4C;2020;NMVOC;Jahresmenge;t/a;961.549669668336;Ostluft & BAFU
Verkehr;Strassenverkehr;Gray;18;#1A1A1A;2020;NMVOC;Jahresmenge;t/a;582.6330851645404;Ostluft & BAFU
Verkehr;verschiedene;Gray;20;#7F7F7F;2020;NMVOC;Jahresmenge;t/a;204.39310681819916;Ostluft & BAFU
natürl. Emissionen;Wälder;natural;23;#636B2F;2020;NMVOC;Jahresmenge;t/a;4292.791981103365;Ostluft & BAFU
Dienstleistungen;Feuerungen Öl & Gas;Gold;2;#FFBF00;2020;NOx;Jahresmenge;t/a;362.92885384825837;Ostluft & BAFU
Dienstleistungen;verschiedene;Gold;1;#A67C00;2020;NOx;Jahresmenge;t/a;261.34781290681707;Ostluft & BAFU
Haushalte;Feuerungen Öl & Gas;Green;7;#95B39A;2020;NOx;Jahresmenge;t/a;286.32986804386104;Ostluft & BAFU
Haushalte;verschiedene;Green;5;#4A6E67;2020;NOx;Jahresmenge;t/a;163.75385544496268;Ostluft & BAFU
Industrie;verschiedene;Blue;10;#2B4577;2020;NOx;Jahresmenge;t/a;908.6218864447183;Ostluft & BAFU
Land- und Forstw.;verschiedene;Purple;14;#3C096C;2020;NOx;Jahresmenge;t/a;379.81366604030205;Ostluft & BAFU
Verkehr;Strassenverkehr;Gray;18;#1A1A1A;2020;NOx;Jahresmenge;t/a;4003.7727509543;Ostluft & BAFU
Verkehr;Flugverkehr;Gray;21;#B2B2B2;2020;NOx;Jahresmenge;t/a;535;Ostluft & BAFU
Verkehr;verschiedene;Gray;20;#7F7F7F;2020;NOx;Jahresmenge;t/a;309.40261094532616;Ostluft & BAFU
Dienstleistungen;Feuerungen Holz & Kohle;Gold;3;#FFD447;2020;PM10;Jahresmenge;t/a;104.42984750267362;Ostluft & BAFU
Dienstleistungen;verschiedene;Gold;1;#A67C00;2020;PM10;Jahresmenge;t/a;4.4431632580869955;Ostluft & BAFU
Haushalte;Feuerungen Holz & Kohle;Green;4;#354F52;2020;PM10;Jahresmenge;t/a;151.649477207171;Ostluft & BAFU
Haushalte;verschiedene;Green;5;#4A6E67;2020;PM10;Jahresmenge;t/a;132.34522998540072;Ostluft & BAFU
Industrie;Baumaschinen;Blue;12;#9EAACC;2020;PM10;Jahresmenge;t/a;267.59102594867005;Ostluft & BAFU
Industrie;Flächenquellen;Blue;11;#5A709E;2020;PM10;Jahresmenge;t/a;135.26462567282906;Ostluft & BAFU
Industrie;verschiedene;Blue;10;#2B4577;2020;PM10;Jahresmenge;t/a;10.224752337736076;Ostluft & BAFU
Land- und Forstw.;verschiedene;Purple;14;#3C096C;2020;PM10;Jahresmenge;t/a;141.77704080608845;Ostluft & BAFU
Verkehr;Strassenverkehr;Gray;18;#1A1A1A;2020;PM10;Jahresmenge;t/a;413.83871385523247;Ostluft & BAFU
Verkehr;Schienenverkehr;Gray;22;#E5E5E5;2020;PM10;Jahresmenge;t/a;123.16986936495233;Ostluft & BAFU
Verkehr;verschiedene;Gray;20;#7F7F7F;2020;PM10;Jahresmenge;t/a;17.72804461421052;Ostluft & BAFU
Dienstleistungen;Feuerungen Holz & Kohle;Gold;3;#FFD447;2020;PM2.5;Jahresmenge;t/a;97.80207391712892;Ostluft & BAFU
Dienstleistungen;verschiedene;Gold;1;#A67C00;2020;PM2.5;Jahresmenge;t/a;4.4431632580869955;Ostluft & BAFU
Haushalte;Feuerungen Holz & Kohle;Green;4;#354F52;2020;PM2.5;Jahresmenge;t/a;142.93190891867562;Ostluft & BAFU
Haushalte;Private etc;Green;8;#CAD2C5;2020;PM2.5;Jahresmenge;t/a;85.59030389889695;Ostluft & BAFU
Haushalte;verschiedene;Green;5;#4A6E67;2020;PM2.5;Jahresmenge;t/a;16.883885533064863;Ostluft & BAFU
Industrie;Flächenquellen;Blue;11;#5A709E;2020;PM2.5;Jahresmenge;t/a;67.68372641265525;Ostluft & BAFU
Industrie;verschiedene;Blue;10;#2B4577;2020;PM2.5;Jahresmenge;t/a;53.10094289643676;Ostluft & BAFU
Land- und Forstw.;verschiedene;Purple;14;#3C096C;2020;PM2.5;Jahresmenge;t/a;31.038374505900897;Ostluft & BAFU
Verkehr;Strassenverkehr;Gray;18;#1A1A1A;2020;PM2.5;Jahresmenge;t/a;177.73492976546206;Ostluft & BAFU
Verkehr;verschiedene;Gray;20;#7F7F7F;2020;PM2.5;Jahresmenge;t/a;36.449763640427385;Ostluft & BAFU
Dienstleistungen;Feuerungen Öl & Gas;Gold;2;#FFBF00;2020;SO2;Jahresmenge;t/a;42.26295950289021;Ostluft & BAFU
Dienstleistungen;verschiedene;Gold;1;#A67C00;2020;SO2;Jahresmenge;t/a;12.079134797863142;Ostluft & BAFU
Haushalte;Feuerungen Öl & Gas;Green;7;#95B39A;2020;SO2;Jahresmenge;t/a;52.27732975242594;Ostluft & BAFU
Haushalte;verschiedene;Green;5;#4A6E67;2020;SO2;Jahresmenge;t/a;17.47651126102846;Ostluft & BAFU
Industrie;Flächenquellen;Blue;11;#5A709E;2020;SO2;Jahresmenge;t/a;53.39683513175626;Ostluft & BAFU
Industrie;Kehrichtverbrennungsanlagen;Blue;13;#E3E4FA;2020;SO2;Jahresmenge;t/a;46.19811448199999;Ostluft & BAFU
Industrie;verschiedene;Blue;10;#2B4577;2020;SO2;Jahresmenge;t/a;9.859771342248306;Ostluft & BAFU
Land- und Forstw.;verschiedene;Purple;14;#3C096C;2020;SO2;Jahresmenge;t/a;1.1794097739043807;Ostluft & BAFU
Verkehr;Flugverkehr;Gray;21;#B2B2B2;2020;SO2;Jahresmenge;t/a;36.26574090148717;Ostluft & BAFU
Verkehr;Strassenverkehr;Gray;18;#1A1A1A;2020;SO2;Jahresmenge;t/a;8.139780762694635;Ostluft & BAFU
Verkehr;verschiedene;Gray;20;#7F7F7F;2020;SO2;Jahresmenge;t/a;0.4063676916709637;Ostluft & BAFU
Dienstleistungen;Feuerungen Holz & Kohle;Gold;3;#FFD447;2020;eBC;Jahresmenge;t/a;18.838923710939525;Ostluft & BAFU
Dienstleistungen;verschiedene;Gold;1;#A67C00;2020;eBC;Jahresmenge;t/a;0.33370036075033516;Ostluft & BAFU
Haushalte;Feuerungen Holz & Kohle;Green;4;#354F52;2020;eBC;Jahresmenge;t/a;39.21455788589083;Ostluft & BAFU
Haushalte;verschiedene;Green;5;#4A6E67;2020;eBC;Jahresmenge;t/a;4.48594955741944;Ostluft & BAFU
Industrie;verschiedene;Blue;10;#2B4577;2020;eBC;Jahresmenge;t/a;5.746663409246085;Ostluft & BAFU
Land- und Forstw.;verschiedene;Purple;14;#3C096C;2020;eBC;Jahresmenge;t/a;8.558272491410591;Ostluft & BAFU
Verkehr;Strassenverkehr;Gray;18;#1A1A1A;2020;eBC;Jahresmenge;t/a;33.814564959419556;Ostluft & BAFU
Verkehr;verschiedene;Gray;20;#7F7F7F;2020;eBC;Jahresmenge;t/a;6.174492106797236;Ostluft & BAFU
Dienstleistungen;verschiedene;Gold;1;#A67C00;2021;CO;Jahresmenge;t/a;2374.4841569979317;Ostluft & BAFU
Haushalte;Feuerungen Holz & Kohle;Green;4;#354F52;2021;CO;Jahresmenge;t/a;2264.381268667174;Ostluft & BAFU
Haushalte;verschiedene;Green;5;#4A6E67;2021;CO;Jahresmenge;t/a;969.6783731559507;Ostluft & BAFU
Industrie;verschiedene;Blue;10;#2B4577;2021;CO;Jahresmenge;t/a;1049.1598894417184;Ostluft & BAFU
Land- und Forstw.;verschiedene;Purple;14;#3C096C;2021;CO;Jahresmenge;t/a;1012.0568473108941;Ostluft & BAFU
Verkehr;Strassenverkehr;Gray;18;#1A1A1A;2021;CO;Jahresmenge;t/a;6810.888815673672;Ostluft & BAFU
Verkehr;Zonenverkehr;Gray;19;#4C4C4C;2021;CO;Jahresmenge;t/a;4874.043917270549;Ostluft & BAFU
Verkehr;verschiedene;Gray;20;#7F7F7F;2021;CO;Jahresmenge;t/a;1223.886263927445;Ostluft & BAFU
Dienstleistungen;verschiedene;Gold;1;#A67C00;2021;NH3;Jahresmenge;t/a;8.273047074512009;Ostluft & BAFU
Haushalte;verschiedene;Green;5;#4A6E67;2021;NH3;Jahresmenge;t/a;97.83777245316305;Ostluft & BAFU
Industrie;verschiedene;Blue;10;#2B4577;2021;NH3;Jahresmenge;t/a;92.08188717668864;Ostluft & BAFU
Land- und Forstw.;Hofdüngerausbringung & Weiden;Purple;15;#651EA6;2021;NH3;Jahresmenge;t/a;1348.7317892811025;Ostluft & BAFU
Land- und Forstw.;Stall-Laufhof & Hofdünger-Lager;Purple;16;#9142D3;2021;NH3;Jahresmenge;t/a;1269.096890331321;Ostluft & BAFU
Land- und Forstw.;Landw. Nutzflächen;Purple;17;#C77DFF;2021;NH3;Jahresmenge;t/a;272.7378769777716;Ostluft & BAFU
Land- und Forstw.;verschiedene;Purple;14;#3C096C;2021;NH3;Jahresmenge;t/a;15.835596305601264;Ostluft & BAFU
Verkehr;Strassenverkehr;Gray;18;#1A1A1A;2021;NH3;Jahresmenge;t/a;128.96004439459932;Ostluft & BAFU
Verkehr;verschiedene;Gray;20;#7F7F7F;2021;NH3;Jahresmenge;t/a;0.041557773688964524;Ostluft & BAFU
Dienstleistungen;verschiedene;Gold;1;#A67C00;2021;NMVOC;Jahresmenge;t/a;234.45728335117556;Ostluft & BAFU
Haushalte;Lösungsmittel;Green;6;#6B917D;2021;NMVOC;Jahresmenge;t/a;1267.009902021499;Ostluft & BAFU
Haushalte;verschiedene;Green;5;#4A6E67;2021;NMVOC;Jahresmenge;t/a;341.19371088131265;Ostluft & BAFU
Industrie;Lösungsmittel;Blue;9;#293961;2021;NMVOC;Jahresmenge;t/a;3541.5559526915895;Ostluft & BAFU
Industrie;verschiedene;Blue;10;#2B4577;2021;NMVOC;Jahresmenge;t/a;859.037506341629;Ostluft & BAFU
Industrie;Flächenquellen;Blue;11;#5A709E;2021;NMVOC;Jahresmenge;t/a;850.25259424105775;Ostluft & BAFU
Land- und Forstw.;verschiedene;Purple;14;#3C096C;2021;NMVOC;Jahresmenge;t/a;1055.7055210487092;Ostluft & BAFU
Verkehr;Zonenverkehr;Gray;19;#4C4C4C;2021;NMVOC;Jahresmenge;t/a;967.66745470849;Ostluft & BAFU
Verkehr;Strassenverkehr;Gray;18;#1A1A1A;2021;NMVOC;Jahresmenge;t/a;586.3400428857653;Ostluft & BAFU
Verkehr;verschiedene;Gray;20;#7F7F7F;2021;NMVOC;Jahresmenge;t/a;196.45801884215322;Ostluft & BAFU
natürl. Emissionen;Wälder;natural;23;#636B2F;2021;NMVOC;Jahresmenge;t/a;4292.791981103365;Ostluft & BAFU
Dienstleistungen;Feuerungen Öl & Gas;Gold;2;#FFBF00;2021;NOx;Jahresmenge;t/a;387.5292036035753;Ostluft & BAFU
Dienstleistungen;verschiedene;Gold;1;#A67C00;2021;NOx;Jahresmenge;t/a;306.7595610491697;Ostluft & BAFU
Haushalte;Feuerungen Öl & Gas;Green;7;#95B39A;2021;NOx;Jahresmenge;t/a;306.8562446097822;Ostluft & BAFU
Haushalte;verschiedene;Green;5;#4A6E67;2021;NOx;Jahresmenge;t/a;185.96437213991013;Ostluft & BAFU
Industrie;verschiedene;Blue;10;#2B4577;2021;NOx;Jahresmenge;t/a;896.9740777852617;Ostluft & BAFU
Land- und Forstw.;verschiedene;Purple;14;#3C096C;2021;NOx;Jahresmenge;t/a;378.85162575060156;Ostluft & BAFU
Verkehr;Strassenverkehr;Gray;18;#1A1A1A;2021;NOx;Jahresmenge;t/a;3757.871616628058;Ostluft & BAFU
Verkehr;Flugverkehr;Gray;21;#B2B2B2;2021;NOx;Jahresmenge;t/a;611;Ostluft & BAFU
Verkehr;verschiedene;Gray;20;#7F7F7F;2021;NOx;Jahresmenge;t/a;292.70113365752087;Ostluft & BAFU
Dienstleistungen;Feuerungen Holz & Kohle;Gold;3;#FFD447;2021;PM10;Jahresmenge;t/a;116.77057444915475;Ostluft & BAFU
Dienstleistungen;verschiedene;Gold;1;#A67C00;2021;PM10;Jahresmenge;t/a;4.560578611568077;Ostluft & BAFU
Haushalte;Feuerungen Holz & Kohle;Green;4;#354F52;2021;PM10;Jahresmenge;t/a;166.23467465484643;Ostluft & BAFU
Haushalte;verschiedene;Green;5;#4A6E67;2021;PM10;Jahresmenge;t/a;143.22396359883032;Ostluft & BAFU
Industrie;Baumaschinen;Blue;12;#9EAACC;2021;PM10;Jahresmenge;t/a;268.6557258499815;Ostluft & BAFU
Industrie;Flächenquellen;Blue;11;#5A709E;2021;PM10;Jahresmenge;t/a;137.64490443568144;Ostluft & BAFU
Industrie;verschiedene;Blue;10;#2B4577;2021;PM10;Jahresmenge;t/a;9.162203249706094;Ostluft & BAFU
Land- und Forstw.;verschiedene;Purple;14;#3C096C;2021;PM10;Jahresmenge;t/a;142.5896374879769;Ostluft & BAFU
Verkehr;Strassenverkehr;Gray;18;#1A1A1A;2021;PM10;Jahresmenge;t/a;428.22411599895844;Ostluft & BAFU
Verkehr;Schienenverkehr;Gray;22;#E5E5E5;2021;PM10;Jahresmenge;t/a;111.58500343661579;Ostluft & BAFU
Verkehr;verschiedene;Gray;20;#7F7F7F;2021;PM10;Jahresmenge;t/a;19.50017549296206;Ostluft & BAFU
Dienstleistungen;Feuerungen Holz & Kohle;Gold;3;#FFD447;2021;PM2.5;Jahresmenge;t/a;109.40263151868665;Ostluft & BAFU
Dienstleistungen;verschiedene;Gold;1;#A67C00;2021;PM2.5;Jahresmenge;t/a;4.560578611568077;Ostluft & BAFU
Haushalte;Feuerungen Holz & Kohle;Green;4;#354F52;2021;PM2.5;Jahresmenge;t/a;156.6817261427023;Ostluft & BAFU
Haushalte;Private etc;Green;8;#CAD2C5;2021;PM2.5;Jahresmenge;t/a;81.77051192126616;Ostluft & BAFU
Haushalte;verschiedene;Green;5;#4A6E67;2021;PM2.5;Jahresmenge;t/a;23.60240406965003;Ostluft & BAFU
Industrie;Flächenquellen;Blue;11;#5A709E;2021;PM2.5;Jahresmenge;t/a;69.59193321776772;Ostluft & BAFU
Industrie;verschiedene;Blue;10;#2B4577;2021;PM2.5;Jahresmenge;t/a;51.911467182157594;Ostluft & BAFU
Land- und Forstw.;verschiedene;Purple;14;#3C096C;2021;PM2.5;Jahresmenge;t/a;30.93223792030699;Ostluft & BAFU
Verkehr;Strassenverkehr;Gray;18;#1A1A1A;2021;PM2.5;Jahresmenge;t/a;181.6047562938893;Ostluft & BAFU
Verkehr;verschiedene;Gray;20;#7F7F7F;2021;PM2.5;Jahresmenge;t/a;36.36416325200122;Ostluft & BAFU
Dienstleistungen;Feuerungen Öl & Gas;Gold;2;#FFBF00;2021;SO2;Jahresmenge;t/a;34.11634135307488;Ostluft & BAFU
Dienstleistungen;verschiedene;Gold;1;#A67C00;2021;SO2;Jahresmenge;t/a;14.389736880760005;Ostluft & BAFU
Haushalte;Feuerungen Öl & Gas;Green;7;#95B39A;2021;SO2;Jahresmenge;t/a;41.28432462168489;Ostluft & BAFU
Haushalte;verschiedene;Green;5;#4A6E67;2021;SO2;Jahresmenge;t/a;19.51585346647263;Ostluft & BAFU
Industrie;Flächenquellen;Blue;11;#5A709E;2021;SO2;Jahresmenge;t/a;44.52565713176957;Ostluft & BAFU
Industrie;Kehrichtverbrennungsanlagen;Blue;13;#E3E4FA;2021;SO2;Jahresmenge;t/a;41.046043999999995;Ostluft & BAFU
Industrie;verschiedene;Blue;10;#2B4577;2021;SO2;Jahresmenge;t/a;9.940151924092111;Ostluft & BAFU
Land- und Forstw.;verschiedene;Purple;14;#3C096C;2021;SO2;Jahresmenge;t/a;1.1611191083433494;Ostluft & BAFU
Verkehr;Flugverkehr;Gray;21;#B2B2B2;2021;SO2;Jahresmenge;t/a;41.555881065014205;Ostluft & BAFU
Verkehr;Strassenverkehr;Gray;18;#1A1A1A;2021;SO2;Jahresmenge;t/a;8.343145491252415;Ostluft & BAFU
Verkehr;verschiedene;Gray;20;#7F7F7F;2021;SO2;Jahresmenge;t/a;0.37430063768850985;Ostluft & BAFU
Dienstleistungen;Feuerungen Holz & Kohle;Gold;3;#FFD447;2021;eBC;Jahresmenge;t/a;20.842525803963305;Ostluft & BAFU
Dienstleistungen;verschiedene;Gold;1;#A67C00;2021;eBC;Jahresmenge;t/a;0.3397131427457579;Ostluft & BAFU
Haushalte;Feuerungen Holz & Kohle;Green;4;#354F52;2021;eBC;Jahresmenge;t/a;43.01902065619105;Ostluft & BAFU
Haushalte;verschiedene;Green;5;#4A6E67;2021;eBC;Jahresmenge;t/a;4.2713370683361696;Ostluft & BAFU
Industrie;verschiedene;Blue;10;#2B4577;2021;eBC;Jahresmenge;t/a;5.280753059540279;Ostluft & BAFU
Land- und Forstw.;verschiedene;Purple;14;#3C096C;2021;eBC;Jahresmenge;t/a;7.924654873000606;Ostluft & BAFU
Verkehr;Strassenverkehr;Gray;18;#1A1A1A;2021;eBC;Jahresmenge;t/a;31.470302943832692;Ostluft & BAFU
Verkehr;verschiedene;Gray;20;#7F7F7F;2021;eBC;Jahresmenge;t/a;6.063334720731829;Ostluft & BAFU
Dienstleistungen;verschiedene;Gold;1;#A67C00;2022;CO;Jahresmenge;t/a;2089.8139861115283;Ostluft & BAFU
Haushalte;Feuerungen Holz & Kohle;Green;4;#354F52;2022;CO;Jahresmenge;t/a;1851.5695860247356;Ostluft & BAFU
Haushalte;verschiedene;Green;5;#4A6E67;2022;CO;Jahresmenge;t/a;919.6967646782363;Ostluft & BAFU
Industrie;verschiedene;Blue;10;#2B4577;2022;CO;Jahresmenge;t/a;973.8415855788875;Ostluft & BAFU
Land- und Forstw.;verschiedene;Purple;14;#3C096C;2022;CO;Jahresmenge;t/a;999.5577364847262;Ostluft & BAFU
Verkehr;Strassenverkehr;Gray;18;#1A1A1A;2022;CO;Jahresmenge;t/a;6879.7506193407635;Ostluft & BAFU
Verkehr;Zonenverkehr;Gray;19;#4C4C4C;2022;CO;Jahresmenge;t/a;4923.323161783172;Ostluft & BAFU
Verkehr;verschiedene;Gray;20;#7F7F7F;2022;CO;Jahresmenge;t/a;1528.194681028836;Ostluft & BAFU
Dienstleistungen;verschiedene;Gold;1;#A67C00;2022;NH3;Jahresmenge;t/a;7.518378727173203;Ostluft & BAFU
Haushalte;verschiedene;Green;5;#4A6E67;2022;NH3;Jahresmenge;t/a;95.83105922103442;Ostluft & BAFU
Industrie;verschiedene;Blue;10;#2B4577;2022;NH3;Jahresmenge;t/a;86.78645824550026;Ostluft & BAFU
Land- und Forstw.;Hofdüngerausbringung & Weiden;Purple;15;#651EA6;2022;NH3;Jahresmenge;t/a;1352.1385208552656;Ostluft & BAFU
Land- und Forstw.;Stall-Laufhof & Hofdünger-Lager;Purple;16;#9142D3;2022;NH3;Jahresmenge;t/a;1274.3743119158028;Ostluft & BAFU
Land- und Forstw.;Landw. Nutzflächen;Purple;17;#C77DFF;2022;NH3;Jahresmenge;t/a;238.263672683388;Ostluft & BAFU
Land- und Forstw.;verschiedene;Purple;14;#3C096C;2022;NH3;Jahresmenge;t/a;16.682479252970875;Ostluft & BAFU
Verkehr;Strassenverkehr;Gray;18;#1A1A1A;2022;NH3;Jahresmenge;t/a;135.03955470586254;Ostluft & BAFU
Verkehr;verschiedene;Gray;20;#7F7F7F;2022;NH3;Jahresmenge;t/a;0.04087102657558708;Ostluft & BAFU
Dienstleistungen;verschiedene;Gold;1;#A67C00;2022;NMVOC;Jahresmenge;t/a;206.37853480402526;Ostluft & BAFU
Haushalte;Lösungsmittel;Green;6;#6B917D;2022;NMVOC;Jahresmenge;t/a;1270.633037692577;Ostluft & BAFU
Haushalte;verschiedene;Green;5;#4A6E67;2022;NMVOC;Jahresmenge;t/a;289.06841631165474;Ostluft & BAFU
Industrie;Lösungsmittel;Blue;9;#293961;2022;NMVOC;Jahresmenge;t/a;3543.4284947278225;Ostluft & BAFU
Industrie;verschiedene;Blue;10;#2B4577;2022;NMVOC;Jahresmenge;t/a;846.4885510295031;Ostluft & BAFU
Industrie;Flächenquellen;Blue;11;#5A709E;2022;NMVOC;Jahresmenge;t/a;838.811225757876;Ostluft & BAFU
Land- und Forstw.;verschiedene;Purple;14;#3C096C;2022;NMVOC;Jahresmenge;t/a;1068.7009377527984;Ostluft & BAFU
Verkehr;Zonenverkehr;Gray;19;#4C4C4C;2022;NMVOC;Jahresmenge;t/a;962.1927915153602;Ostluft & BAFU
Verkehr;Strassenverkehr;Gray;18;#1A1A1A;2022;NMVOC;Jahresmenge;t/a;583.0227728506665;Ostluft & BAFU
Verkehr;verschiedene;Gray;20;#7F7F7F;2022;NMVOC;Jahresmenge;t/a;240.58446488319902;Ostluft & BAFU
natürl. Emissionen;Wälder;natural;23;#636B2F;2022;NMVOC;Jahresmenge;t/a;4292.791981103365;Ostluft & BAFU
Dienstleistungen;Feuerungen Öl & Gas;Gold;2;#FFBF00;2022;NOx;Jahresmenge;t/a;329.6302981516561;Ostluft & BAFU
Dienstleistungen;verschiedene;Gold;1;#A67C00;2022;NOx;Jahresmenge;t/a;266.1116433606797;Ostluft & BAFU
Haushalte;Feuerungen Öl & Gas;Green;7;#95B39A;2022;NOx;Jahresmenge;t/a;234.61731379162435;Ostluft & BAFU
Haushalte;verschiedene;Green;5;#4A6E67;2022;NOx;Jahresmenge;t/a;161.00887043897606;Ostluft & BAFU
Industrie;verschiedene;Blue;10;#2B4577;2022;NOx;Jahresmenge;t/a;813.6739846957762;Ostluft & BAFU
Land- und Forstw.;verschiedene;Purple;14;#3C096C;2022;NOx;Jahresmenge;t/a;359.7183005120929;Ostluft & BAFU
Verkehr;Strassenverkehr;Gray;18;#1A1A1A;2022;NOx;Jahresmenge;t/a;3547.5371201347057;Ostluft & BAFU
Verkehr;Flugverkehr;Gray;21;#B2B2B2;2022;NOx;Jahresmenge;t/a;1005.0000000000001;Ostluft & BAFU
Verkehr;verschiedene;Gray;20;#7F7F7F;2022;NOx;Jahresmenge;t/a;277.2047660645111;Ostluft & BAFU
Dienstleistungen;Feuerungen Holz & Kohle;Gold;3;#FFD447;2022;PM10;Jahresmenge;t/a;95.39828734083704;Ostluft & BAFU
Dienstleistungen;verschiedene;Gold;1;#A67C00;2022;PM10;Jahresmenge;t/a;4.165688494451945;Ostluft & BAFU
Haushalte;verschiedene;Green;5;#4A6E67;2022;PM10;Jahresmenge;t/a;149.2405254311222;Ostluft & BAFU
Haushalte;Feuerungen Holz & Kohle;Green;4;#354F52;2022;PM10;Jahresmenge;t/a;134.33840813659842;Ostluft & BAFU
Industrie;Baumaschinen;Blue;12;#9EAACC;2022;PM10;Jahresmenge;t/a;269.7599684679153;Ostluft & BAFU
Industrie;Flächenquellen;Blue;11;#5A709E;2022;PM10;Jahresmenge;t/a;132.76474778280001;Ostluft & BAFU
Industrie;verschiedene;Blue;10;#2B4577;2022;PM10;Jahresmenge;t/a;8.22893303353537;Ostluft & BAFU
Land- und Forstw.;verschiedene;Purple;14;#3C096C;2022;PM10;Jahresmenge;t/a;157.84670471061568;Ostluft & BAFU
Verkehr;Strassenverkehr;Gray;18;#1A1A1A;2022;PM10;Jahresmenge;t/a;442.3535492568241;Ostluft & BAFU
Verkehr;Schienenverkehr;Gray;22;#E5E5E5;2022;PM10;Jahresmenge;t/a;141.08646613854216;Ostluft & BAFU
Verkehr;verschiedene;Gray;20;#7F7F7F;2022;PM10;Jahresmenge;t/a;23.279715426694114;Ostluft & BAFU
Dienstleistungen;Feuerungen Holz & Kohle;Gold;3;#FFD447;2022;PM2.5;Jahresmenge;t/a;89.42345756467088;Ostluft & BAFU
Dienstleistungen;verschiedene;Gold;1;#A67C00;2022;PM2.5;Jahresmenge;t/a;4.165688494451945;Ostluft & BAFU
Haushalte;Feuerungen Holz & Kohle;Green;4;#354F52;2022;PM2.5;Jahresmenge;t/a;126.61837694350105;Ostluft & BAFU
Haushalte;Private etc;Green;8;#CAD2C5;2022;PM2.5;Jahresmenge;t/a;78.58330446409889;Ostluft & BAFU
Haushalte;verschiedene;Green;5;#4A6E67;2022;PM2.5;Jahresmenge;t/a;28.139758299691213;Ostluft & BAFU
Industrie;Flächenquellen;Blue;11;#5A709E;2022;PM2.5;Jahresmenge;t/a;65.34321291408152;Ostluft & BAFU
Industrie;verschiedene;Blue;10;#2B4577;2022;PM2.5;Jahresmenge;t/a;50.89945349505773;Ostluft & BAFU
Land- und Forstw.;verschiedene;Purple;14;#3C096C;2022;PM2.5;Jahresmenge;t/a;43.34658172701315;Ostluft & BAFU
Verkehr;Strassenverkehr;Gray;18;#1A1A1A;2022;PM2.5;Jahresmenge;t/a;185.3490408612577;Ostluft & BAFU
Verkehr;verschiedene;Gray;20;#7F7F7F;2022;PM2.5;Jahresmenge;t/a;44.57785751624022;Ostluft & BAFU
Dienstleistungen;verschiedene;Gold;1;#A67C00;2022;SO2;Jahresmenge;t/a;12.634569090304904;Ostluft & BAFU
Dienstleistungen;Feuerungen Öl & Gas;Gold;2;#FFBF00;2022;SO2;Jahresmenge;t/a;11.8063376791599;Ostluft & BAFU
Haushalte;verschiedene;Green;5;#4A6E67;2022;SO2;Jahresmenge;t/a;16.24219670713445;Ostluft & BAFU
Haushalte;Feuerungen Öl & Gas;Green;7;#95B39A;2022;SO2;Jahresmenge;t/a;13.670941646659847;Ostluft & BAFU
Industrie;Flächenquellen;Blue;11;#5A709E;2022;SO2;Jahresmenge;t/a;44.75710348471695;Ostluft & BAFU
Industrie;Kehrichtverbrennungsanlagen;Blue;13;#E3E4FA;2022;SO2;Jahresmenge;t/a;36.634676;Ostluft & BAFU
Industrie;verschiedene;Blue;10;#2B4577;2022;SO2;Jahresmenge;t/a;9.962862368525084;Ostluft & BAFU
Land- und Forstw.;verschiedene;Purple;14;#3C096C;2022;SO2;Jahresmenge;t/a;1.4701486556430559;Ostluft & BAFU
Verkehr;Flugverkehr;Gray;21;#B2B2B2;2022;SO2;Jahresmenge;t/a;75.26754900000002;Ostluft & BAFU
Verkehr;Strassenverkehr;Gray;18;#1A1A1A;2022;SO2;Jahresmenge;t/a;8.139565152648661;Ostluft & BAFU
Verkehr;verschiedene;Gray;20;#7F7F7F;2022;SO2;Jahresmenge;t/a;0.312370726712163;Ostluft & BAFU
Dienstleistungen;Feuerungen Holz & Kohle;Gold;3;#FFD447;2022;eBC;Jahresmenge;t/a;16.805402274616444;Ostluft & BAFU
Dienstleistungen;verschiedene;Gold;1;#A67C00;2022;eBC;Jahresmenge;t/a;0.32084197794404234;Ostluft & BAFU
Haushalte;Feuerungen Holz & Kohle;Green;4;#354F52;2022;eBC;Jahresmenge;t/a;34.71940261136296;Ostluft & BAFU
Haushalte;verschiedene;Green;5;#4A6E67;2022;eBC;Jahresmenge;t/a;4.099830294116133;Ostluft & BAFU
Industrie;verschiedene;Blue;10;#2B4577;2022;eBC;Jahresmenge;t/a;4.452442462405433;Ostluft & BAFU
Land- und Forstw.;verschiedene;Purple;14;#3C096C;2022;eBC;Jahresmenge;t/a;8.441498884108503;Ostluft & BAFU
Verkehr;Strassenverkehr;Gray;18;#1A1A1A;2022;eBC;Jahresmenge;t/a;29.514202231137613;Ostluft & BAFU
Verkehr;verschiedene;Gray;20;#7F7F7F;2022;eBC;Jahresmenge;t/a;6.823428645685353;Ostluft & BAFU
Dienstleistungen;verschiedene;Gold;1;#A67C00;2023;CO;Jahresmenge;t/a;2073.6146596778353;Ostluft & BAFU
Haushalte;Feuerungen Holz & Kohle;Green;4;#354F52;2023;CO;Jahresmenge;t/a;1827.664227488334;Ostluft & BAFU
Haushalte;verschiedene;Green;5;#4A6E67;2023;CO;Jahresmenge;t/a;901.3558846406713;Ostluft & BAFU
Industrie;verschiedene;Blue;10;#2B4577;2023;CO;Jahresmenge;t/a;961.9886245776609;Ostluft & BAFU
Land- und Forstw.;verschiedene;Purple;14;#3C096C;2023;CO;Jahresmenge;t/a;952.5602669517427;Ostluft & BAFU
Verkehr;Strassenverkehr;Gray;18;#1A1A1A;2023;CO;Jahresmenge;t/a;6895.247413251666;Ostluft & BAFU
Verkehr;Zonenverkehr;Gray;19;#4C4C4C;2023;CO;Jahresmenge;t/a;4934.413058585599;Ostluft & BAFU
Verkehr;verschiedene;Gray;20;#7F7F7F;2023;CO;Jahresmenge;t/a;1766.9976875282505;Ostluft & BAFU
Dienstleistungen;verschiedene;Gold;1;#A67C00;2023;NH3;Jahresmenge;t/a;7.681404815732502;Ostluft & BAFU
Haushalte;verschiedene;Green;5;#4A6E67;2023;NH3;Jahresmenge;t/a;95.76430124535675;Ostluft & BAFU
Industrie;verschiedene;Blue;10;#2B4577;2023;NH3;Jahresmenge;t/a;87.6216201068576;Ostluft & BAFU
Land- und Forstw.;Hofdüngerausbringung & Weiden;Purple;15;#651EA6;2023;NH3;Jahresmenge;t/a;1335.7736259324083;Ostluft & BAFU
Land- und Forstw.;Stall-Laufhof & Hofdünger-Lager;Purple;16;#9142D3;2023;NH3;Jahresmenge;t/a;1256.5076148597188;Ostluft & BAFU
Land- und Forstw.;Landw. Nutzflächen;Purple;17;#C77DFF;2023;NH3;Jahresmenge;t/a;247.13397107552734;Ostluft & BAFU
Land- und Forstw.;verschiedene;Purple;14;#3C096C;2023;NH3;Jahresmenge;t/a;16.8853925042344;Ostluft & BAFU
Verkehr;Strassenverkehr;Gray;18;#1A1A1A;2023;NH3;Jahresmenge;t/a;136.17436728634198;Ostluft & BAFU
Verkehr;verschiedene;Gray;20;#7F7F7F;2023;NH3;Jahresmenge;t/a;0.04018425680624203;Ostluft & BAFU
Dienstleistungen;verschiedene;Gold;1;#A67C00;2023;NMVOC;Jahresmenge;t/a;203.66445802185456;Ostluft & BAFU
Haushalte;Lösungsmittel;Green;6;#6B917D;2023;NMVOC;Jahresmenge;t/a;1289.1342938473103;Ostluft & BAFU
Haushalte;verschiedene;Green;5;#4A6E67;2023;NMVOC;Jahresmenge;t/a;281.33922680363065;Ostluft & BAFU
Industrie;Lösungsmittel;Blue;9;#293961;2023;NMVOC;Jahresmenge;t/a;3545.324699097901;Ostluft & BAFU
Industrie;verschiedene;Blue;10;#2B4577;2023;NMVOC;Jahresmenge;t/a;849.6822288395324;Ostluft & BAFU
Industrie;Flächenquellen;Blue;11;#5A709E;2023;NMVOC;Jahresmenge;t/a;840.9058505574359;Ostluft & BAFU
Land- und Forstw.;verschiedene;Purple;14;#3C096C;2023;NMVOC;Jahresmenge;t/a;1058.1798468439274;Ostluft & BAFU
Verkehr;Zonenverkehr;Gray;19;#4C4C4C;2023;NMVOC;Jahresmenge;t/a;980.5570487510028;Ostluft & BAFU
Verkehr;Strassenverkehr;Gray;18;#1A1A1A;2023;NMVOC;Jahresmenge;t/a;594.1502519476622;Ostluft & BAFU
Verkehr;verschiedene;Gray;20;#7F7F7F;2023;NMVOC;Jahresmenge;t/a;271.86096067552853;Ostluft & BAFU
natürl. Emissionen;Wälder;natural;23;#636B2F;2023;NMVOC;Jahresmenge;t/a;4292.791981103365;Ostluft & BAFU
Dienstleistungen;Feuerungen Öl & Gas;Gold;2;#FFBF00;2023;NOx;Jahresmenge;t/a;322.70843138309976;Ostluft & BAFU
Dienstleistungen;verschiedene;Gold;1;#A67C00;2023;NOx;Jahresmenge;t/a;274.2170859264225;Ostluft & BAFU
Haushalte;Feuerungen Öl & Gas;Green;7;#95B39A;2023;NOx;Jahresmenge;t/a;225.03757718076986;Ostluft & BAFU
Haushalte;verschiedene;Green;5;#4A6E67;2023;NOx;Jahresmenge;t/a;162.20600806223626;Ostluft & BAFU
Industrie;verschiedene;Blue;10;#2B4577;2023;NOx;Jahresmenge;t/a;816.8409336455143;Ostluft & BAFU
Land- und Forstw.;verschiedene;Purple;14;#3C096C;2023;NOx;Jahresmenge;t/a;343.4661401093333;Ostluft & BAFU
Verkehr;Strassenverkehr;Gray;18;#1A1A1A;2023;NOx;Jahresmenge;t/a;3250.131746670157;Ostluft & BAFU
Verkehr;Flugverkehr;Gray;21;#B2B2B2;2023;NOx;Jahresmenge;t/a;1245.9760135872136;Ostluft & BAFU
Verkehr;verschiedene;Gray;20;#7F7F7F;2023;NOx;Jahresmenge;t/a;259.54155699193547;Ostluft & BAFU
Dienstleistungen;Feuerungen Holz & Kohle;Gold;3;#FFD447;2023;PM10;Jahresmenge;t/a;94.63520783066637;Ostluft & BAFU
Dienstleistungen;verschiedene;Gold;1;#A67C00;2023;PM10;Jahresmenge;t/a;4.046164797031337;Ostluft & BAFU
Haushalte;Feuerungen Holz & Kohle;Green;4;#354F52;2023;PM10;Jahresmenge;t/a;130.6650841747687;Ostluft & BAFU
Haushalte;verschiedene;Green;5;#4A6E67;2023;PM10;Jahresmenge;t/a;117.7623208434246;Ostluft & BAFU
Industrie;Baumaschinen;Blue;12;#9EAACC;2023;PM10;Jahresmenge;t/a;270.84012892001186;Ostluft & BAFU
Industrie;Flächenquellen;Blue;11;#5A709E;2023;PM10;Jahresmenge;t/a;130.80406569149048;Ostluft & BAFU
Industrie;verschiedene;Blue;10;#2B4577;2023;PM10;Jahresmenge;t/a;8.232159177149507;Ostluft & BAFU
Land- und Forstw.;verschiedene;Purple;14;#3C096C;2023;PM10;Jahresmenge;t/a;150.46146441254217;Ostluft & BAFU
Verkehr;Strassenverkehr;Gray;18;#1A1A1A;2023;PM10;Jahresmenge;t/a;443.046882216497;Ostluft & BAFU
Verkehr;Schienenverkehr;Gray;22;#E5E5E5;2023;PM10;Jahresmenge;t/a;148.39977469152657;Ostluft & BAFU
Verkehr;verschiedene;Gray;20;#7F7F7F;2023;PM10;Jahresmenge;t/a;23.38182284111172;Ostluft & BAFU
Dienstleistungen;Feuerungen Holz & Kohle;Gold;3;#FFD447;2023;PM2.5;Jahresmenge;t/a;88.74729562884522;Ostluft & BAFU
Dienstleistungen;verschiedene;Gold;1;#A67C00;2023;PM2.5;Jahresmenge;t/a;4.046164797031337;Ostluft & BAFU
Haushalte;Feuerungen Holz & Kohle;Green;4;#354F52;2023;PM2.5;Jahresmenge;t/a;123.16633498640294;Ostluft & BAFU
Haushalte;Private etc;Green;8;#CAD2C5;2023;PM2.5;Jahresmenge;t/a;77.70851629403508;Ostluft & BAFU
Haushalte;verschiedene;Green;5;#4A6E67;2023;PM2.5;Jahresmenge;t/a;12.992487393782051;Ostluft & BAFU
Industrie;Flächenquellen;Blue;11;#5A709E;2023;PM2.5;Jahresmenge;t/a;64.62901723027701;Ostluft & BAFU
Industrie;verschiedene;Blue;10;#2B4577;2023;PM2.5;Jahresmenge;t/a;50.79559434939865;Ostluft & BAFU
Land- und Forstw.;verschiedene;Purple;14;#3C096C;2023;PM2.5;Jahresmenge;t/a;37.54294519461828;Ostluft & BAFU
Verkehr;Strassenverkehr;Gray;18;#1A1A1A;2023;PM2.5;Jahresmenge;t/a;183.40716304902054;Ostluft & BAFU
Verkehr;verschiedene;Gray;20;#7F7F7F;2023;PM2.5;Jahresmenge;t/a;40.111015897616255;Ostluft & BAFU
Dienstleistungen;verschiedene;Gold;1;#A67C00;2023;SO2;Jahresmenge;t/a;12.311648166513688;Ostluft & BAFU
Dienstleistungen;Feuerungen Öl & Gas;Gold;2;#FFBF00;2023;SO2;Jahresmenge;t/a;5.713953780739299;Ostluft & BAFU
Haushalte;verschiedene;Green;5;#4A6E67;2023;SO2;Jahresmenge;t/a;15.378728219178463;Ostluft & BAFU
Haushalte;Feuerungen Öl & Gas;Green;7;#95B39A;2023;SO2;Jahresmenge;t/a;6.603520048618912;Ostluft & BAFU
Industrie;Flächenquellen;Blue;11;#5A709E;2023;SO2;Jahresmenge;t/a;44.90168957888819;Ostluft & BAFU
Industrie;Kehrichtverbrennungsanlagen;Blue;13;#E3E4FA;2023;SO2;Jahresmenge;t/a;38.08298;Ostluft & BAFU
Industrie;verschiedene;Blue;10;#2B4577;2023;SO2;Jahresmenge;t/a;10.01267315472142;Ostluft & BAFU
Land- und Forstw.;verschiedene;Purple;14;#3C096C;2023;SO2;Jahresmenge;t/a;1.1796679393379035;Ostluft & BAFU
Verkehr;Flugverkehr;Gray;21;#B2B2B2;2023;SO2;Jahresmenge;t/a;89.22213400000001;Ostluft & BAFU
Verkehr;Strassenverkehr;Gray;18;#1A1A1A;2023;SO2;Jahresmenge;t/a;8.017158042171888;Ostluft & BAFU
Verkehr;verschiedene;Gray;20;#7F7F7F;2023;SO2;Jahresmenge;t/a;0.2877604652447851;Ostluft & BAFU
Dienstleistungen;Feuerungen Holz & Kohle;Gold;3;#FFD447;2023;eBC;Jahresmenge;t/a;16.437817248002403;Ostluft & BAFU
Dienstleistungen;verschiedene;Gold;1;#A67C00;2023;eBC;Jahresmenge;t/a;0.31508316636456546;Ostluft & BAFU
Haushalte;Feuerungen Holz & Kohle;Green;4;#354F52;2023;eBC;Jahresmenge;t/a;33.597420512995086;Ostluft & BAFU
Haushalte;verschiedene;Green;5;#4A6E67;2023;eBC;Jahresmenge;t/a;4.077414517848535;Ostluft & BAFU
Industrie;verschiedene;Blue;10;#2B4577;2023;eBC;Jahresmenge;t/a;4.057157592440902;Ostluft & BAFU
Land- und Forstw.;verschiedene;Purple;14;#3C096C;2023;eBC;Jahresmenge;t/a;7.352565731932277;Ostluft & BAFU
Verkehr;Strassenverkehr;Gray;18;#1A1A1A;2023;eBC;Jahresmenge;t/a;26.30288609094563;Ostluft & BAFU
Verkehr;verschiedene;Gray;20;#7F7F7F;2023;eBC;Jahresmenge;t/a;6.815893450272497;Ostluft & BAFU
Dienstleistungen;verschiedene;Gold;1;#A67C00;2024;CO;Jahresmenge;t/a;1973.2207996895663;Ostluft & BAFU
Haushalte;Feuerungen Holz & Kohle;Green;4;#354F52;2024;CO;Jahresmenge;t/a;1775.0791016905569;Ostluft & BAFU
Haushalte;verschiedene;Green;5;#4A6E67;2024;CO;Jahresmenge;t/a;893.2597030386448;Ostluft & BAFU
Industrie;verschiedene;Blue;10;#2B4577;2024;CO;Jahresmenge;t/a;962.5752234370657;Ostluft & BAFU
Land- und Forstw.;verschiedene;Purple;14;#3C096C;2024;CO;Jahresmenge;t/a;914.5750324721522;Ostluft & BAFU
Verkehr;Strassenverkehr;Gray;18;#1A1A1A;2024;CO;Jahresmenge;t/a;6128.637033738279;Ostluft & BAFU
Verkehr;Zonenverkehr;Gray;19;#4C4C4C;2024;CO;Jahresmenge;t/a;4385.807324692979;Ostluft & BAFU
Verkehr;verschiedene;Gray;20;#7F7F7F;2024;CO;Jahresmenge;t/a;1928.148815724752;Ostluft & BAFU
Dienstleistungen;verschiedene;Gold;1;#A67C00;2024;NH3;Jahresmenge;t/a;7.5113083674124015;Ostluft & BAFU
Haushalte;verschiedene;Green;5;#4A6E67;2024;NH3;Jahresmenge;t/a;95.4173781639891;Ostluft & BAFU
Industrie;verschiedene;Blue;10;#2B4577;2024;NH3;Jahresmenge;t/a;87.9364248675057;Ostluft & BAFU
Land- und Forstw.;Hofdüngerausbringung & Weiden;Purple;15;#651EA6;2024;NH3;Jahresmenge;t/a;1327.7243148577036;Ostluft & BAFU
Land- und Forstw.;Stall-Laufhof & Hofdünger-Lager;Purple;16;#9142D3;2024;NH3;Jahresmenge;t/a;1234.876690414433;Ostluft & BAFU
Land- und Forstw.;Landw. Nutzflächen;Purple;17;#C77DFF;2024;NH3;Jahresmenge;t/a;237.1548117371276;Ostluft & BAFU
Land- und Forstw.;verschiedene;Purple;14;#3C096C;2024;NH3;Jahresmenge;t/a;17.22128612085936;Ostluft & BAFU
Verkehr;Strassenverkehr;Gray;18;#1A1A1A;2024;NH3;Jahresmenge;t/a;130.85856168774242;Ostluft & BAFU
Verkehr;verschiedene;Gray;20;#7F7F7F;2024;NH3;Jahresmenge;t/a;0.03949746436137505;Ostluft & BAFU
Dienstleistungen;verschiedene;Gold;1;#A67C00;2024;NMVOC;Jahresmenge;t/a;190.14699771560117;Ostluft & BAFU
Haushalte;Lösungsmittel;Green;6;#6B917D;2024;NMVOC;Jahresmenge;t/a;1296.861726863309;Ostluft & BAFU
Haushalte;verschiedene;Green;5;#4A6E67;2024;NMVOC;Jahresmenge;t/a;274.632999581717;Ostluft & BAFU
Industrie;Lösungsmittel;Blue;9;#293961;2024;NMVOC;Jahresmenge;t/a;3547.2437888991562;Ostluft & BAFU
Industrie;Flächenquellen;Blue;11;#5A709E;2024;NMVOC;Jahresmenge;t/a;850.2988602256517;Ostluft & BAFU
Industrie;verschiedene;Blue;10;#2B4577;2024;NMVOC;Jahresmenge;t/a;811.03382784865;Ostluft & BAFU
Land- und Forstw.;verschiedene;Purple;14;#3C096C;2024;NMVOC;Jahresmenge;t/a;1051.3126145793865;Ostluft & BAFU
Verkehr;Zonenverkehr;Gray;19;#4C4C4C;2024;NMVOC;Jahresmenge;t/a;880.3052219406103;Ostluft & BAFU
Verkehr;Strassenverkehr;Gray;18;#1A1A1A;2024;NMVOC;Jahresmenge;t/a;533.4045276336315;Ostluft & BAFU
Verkehr;verschiedene;Gray;20;#7F7F7F;2024;NMVOC;Jahresmenge;t/a;300.8523831993846;Ostluft & BAFU
natürl. Emissionen;Wälder;natural;23;#636B2F;2024;NMVOC;Jahresmenge;t/a;4292.791981103365;Ostluft & BAFU
Dienstleistungen;Feuerungen Öl & Gas;Gold;2;#FFBF00;2024;NOx;Jahresmenge;t/a;293.63962519727664;Ostluft & BAFU
Dienstleistungen;verschiedene;Gold;1;#A67C00;2024;NOx;Jahresmenge;t/a;264.1856328880532;Ostluft & BAFU
Haushalte;Feuerungen Öl & Gas;Green;7;#95B39A;2024;NOx;Jahresmenge;t/a;223.6854135781777;Ostluft & BAFU
Haushalte;verschiedene;Green;5;#4A6E67;2024;NOx;Jahresmenge;t/a;161.12859112138452;Ostluft & BAFU
Industrie;verschiedene;Blue;10;#2B4577;2024;NOx;Jahresmenge;t/a;832.0361466646483;Ostluft & BAFU
Land- und Forstw.;verschiedene;Purple;14;#3C096C;2024;NOx;Jahresmenge;t/a;333.10558375453246;Ostluft & BAFU
Verkehr;Strassenverkehr;Gray;18;#1A1A1A;2024;NOx;Jahresmenge;t/a;3385.298407334944;Ostluft & BAFU
Verkehr;Flugverkehr;Gray;21;#B2B2B2;2024;NOx;Jahresmenge;t/a;1423.2482401358593;Ostluft & BAFU
Verkehr;verschiedene;Gray;20;#7F7F7F;2024;NOx;Jahresmenge;t/a;253.99922042795194;Ostluft & BAFU
Dienstleistungen;Feuerungen Holz & Kohle;Gold;3;#FFD447;2024;PM10;Jahresmenge;t/a;86.50570615162005;Ostluft & BAFU
Dienstleistungen;verschiedene;Gold;1;#A67C00;2024;PM10;Jahresmenge;t/a;3.776635232579566;Ostluft & BAFU
Haushalte;verschiedene;Green;5;#4A6E67;2024;PM10;Jahresmenge;t/a;125.62216318909442;Ostluft & BAFU
Haushalte;Feuerungen Holz & Kohle;Green;4;#354F52;2024;PM10;Jahresmenge;t/a;124.4155191228856;Ostluft & BAFU
Industrie;Baumaschinen;Blue;12;#9EAACC;2024;PM10;Jahresmenge;t/a;272.04108337416255;Ostluft & BAFU
Industrie;Flächenquellen;Blue;11;#5A709E;2024;PM10;Jahresmenge;t/a;130.51791254768344;Ostluft & BAFU
Industrie;verschiedene;Blue;10;#2B4577;2024;PM10;Jahresmenge;t/a;8.05268693277245;Ostluft & BAFU
Land- und Forstw.;verschiedene;Purple;14;#3C096C;2024;PM10;Jahresmenge;t/a;148.88275151658993;Ostluft & BAFU
Verkehr;Strassenverkehr;Gray;18;#1A1A1A;2024;PM10;Jahresmenge;t/a;447.43336835252336;Ostluft & BAFU
Verkehr;Schienenverkehr;Gray;22;#E5E5E5;2024;PM10;Jahresmenge;t/a;158.06456987238198;Ostluft & BAFU
Verkehr;verschiedene;Gray;20;#7F7F7F;2024;PM10;Jahresmenge;t/a;25.202101293941404;Ostluft & BAFU
Dienstleistungen;Feuerungen Holz & Kohle;Gold;3;#FFD447;2024;PM2.5;Jahresmenge;t/a;81.17012153110004;Ostluft & BAFU
Dienstleistungen;verschiedene;Gold;1;#A67C00;2024;PM2.5;Jahresmenge;t/a;3.776635232579566;Ostluft & BAFU
Haushalte;Feuerungen Holz & Kohle;Green;4;#354F52;2024;PM2.5;Jahresmenge;t/a;117.29165125634243;Ostluft & BAFU
Haushalte;Private etc;Green;8;#CAD2C5;2024;PM2.5;Jahresmenge;t/a;77.3858889141977;Ostluft & BAFU
Haushalte;verschiedene;Green;5;#4A6E67;2024;PM2.5;Jahresmenge;t/a;17.15669377109157;Ostluft & BAFU
Industrie;Flächenquellen;Blue;11;#5A709E;2024;PM2.5;Jahresmenge;t/a;64.23437198800524;Ostluft & BAFU
Industrie;verschiedene;Blue;10;#2B4577;2024;PM2.5;Jahresmenge;t/a;50.63629798621593;Ostluft & BAFU
Land- und Forstw.;verschiedene;Purple;14;#3C096C;2024;PM2.5;Jahresmenge;t/a;36.078358266011485;Ostluft & BAFU
Verkehr;Strassenverkehr;Gray;18;#1A1A1A;2024;PM2.5;Jahresmenge;t/a;186.17069455518308;Ostluft & BAFU
Verkehr;verschiedene;Gray;20;#7F7F7F;2024;PM2.5;Jahresmenge;t/a;42.57315860414889;Ostluft & BAFU
Dienstleistungen;verschiedene;Gold;1;#A67C00;2024;SO2;Jahresmenge;t/a;11.756952603153486;Ostluft & BAFU
Dienstleistungen;Feuerungen Öl & Gas;Gold;2;#FFBF00;2024;SO2;Jahresmenge;t/a;4.492177926248234;Ostluft & BAFU
Haushalte;verschiedene;Green;5;#4A6E67;2024;SO2;Jahresmenge;t/a;15.135191674559149;Ostluft & BAFU
Haushalte;Feuerungen Öl & Gas;Green;7;#95B39A;2024;SO2;Jahresmenge;t/a;6.0558278180928085;Ostluft & BAFU
Industrie;Kehrichtverbrennungsanlagen;Blue;13;#E3E4FA;2024;SO2;Jahresmenge;t/a;38.29362402358246;Ostluft & BAFU
Industrie;Flächenquellen;Blue;11;#5A709E;2024;SO2;Jahresmenge;t/a;37.16963204127026;Ostluft & BAFU
Industrie;verschiedene;Blue;10;#2B4577;2024;SO2;Jahresmenge;t/a;10.018859904813604;Ostluft & BAFU
Land- und Forstw.;verschiedene;Purple;14;#3C096C;2024;SO2;Jahresmenge;t/a;1.171641296342626;Ostluft & BAFU
Verkehr;Flugverkehr;Gray;21;#B2B2B2;2024;SO2;Jahresmenge;t/a;102.13466500000001;Ostluft & BAFU
Verkehr;Strassenverkehr;Gray;18;#1A1A1A;2024;SO2;Jahresmenge;t/a;8.09471505924793;Ostluft & BAFU
Verkehr;verschiedene;Gray;20;#7F7F7F;2024;SO2;Jahresmenge;t/a;0.28751354588706446;Ostluft & BAFU
Dienstleistungen;Feuerungen Holz & Kohle;Gold;3;#FFD447;2024;eBC;Jahresmenge;t/a;15.021314382830486;Ostluft & BAFU
Dienstleistungen;verschiedene;Gold;1;#A67C00;2024;eBC;Jahresmenge;t/a;0.3042766159153279;Ostluft & BAFU
Haushalte;Feuerungen Holz & Kohle;Green;4;#354F52;2024;eBC;Jahresmenge;t/a;31.974043242757038;Ostluft & BAFU
Haushalte;verschiedene;Green;5;#4A6E67;2024;eBC;Jahresmenge;t/a;4.046328431844299;Ostluft & BAFU
Industrie;verschiedene;Blue;10;#2B4577;2024;eBC;Jahresmenge;t/a;3.649072373439581;Ostluft & BAFU
Land- und Forstw.;verschiedene;Purple;14;#3C096C;2024;eBC;Jahresmenge;t/a;6.683786415543014;Ostluft & BAFU
Verkehr;Strassenverkehr;Gray;18;#1A1A1A;2024;eBC;Jahresmenge;t/a;27.925723960308446;Ostluft & BAFU
Verkehr;verschiedene;Gray;20;#7F7F7F;2024;eBC;Jahresmenge;t/a;7.161694791847452;Ostluft & BAFU
Dienstleistungen;verschiedene;Gold;1;#A67C00;2025;CO;Jahresmenge;t/a;1875.2551908066057;Ostluft & BAFU
Haushalte;Feuerungen Holz & Kohle;Green;4;#354F52;2025;CO;Jahresmenge;t/a;1723.0865778727457;Ostluft & BAFU
Haushalte;verschiedene;Green;5;#4A6E67;2025;CO;Jahresmenge;t/a;885.2663941083051;Ostluft & BAFU
Industrie;verschiedene;Blue;10;#2B4577;2025;CO;Jahresmenge;t/a;962.9572955230403;Ostluft & BAFU
Land- und Forstw.;verschiedene;Purple;14;#3C096C;2025;CO;Jahresmenge;t/a;877.1353164772119;Ostluft & BAFU
Verkehr;Strassenverkehr;Gray;18;#1A1A1A;2025;CO;Jahresmenge;t/a;5860.312805772142;Ostluft & BAFU
Verkehr;Zonenverkehr;Gray;19;#4C4C4C;2025;CO;Jahresmenge;t/a;4193.787735683537;Ostluft & BAFU
Verkehr;verschiedene;Gray;20;#7F7F7F;2025;CO;Jahresmenge;t/a;2089.265813468117;Ostluft & BAFU
Dienstleistungen;verschiedene;Gold;1;#A67C00;2025;NH3;Jahresmenge;t/a;7.350467884105637;Ostluft & BAFU
Haushalte;verschiedene;Green;5;#4A6E67;2025;NH3;Jahresmenge;t/a;95.08410001581926;Ostluft & BAFU
Industrie;verschiedene;Blue;10;#2B4577;2025;NH3;Jahresmenge;t/a;88.31583527851676;Ostluft & BAFU
Land- und Forstw.;Hofdüngerausbringung & Weiden;Purple;15;#651EA6;2025;NH3;Jahresmenge;t/a;1321.5868623965307;Ostluft & BAFU
Land- und Forstw.;Stall-Laufhof & Hofdünger-Lager;Purple;16;#9142D3;2025;NH3;Jahresmenge;t/a;1217.2528343318754;Ostluft & BAFU
Land- und Forstw.;Landw. Nutzflächen;Purple;17;#C77DFF;2025;NH3;Jahresmenge;t/a;232.42221184773373;Ostluft & BAFU
Land- und Forstw.;verschiedene;Purple;14;#3C096C;2025;NH3;Jahresmenge;t/a;17.557352453642668;Ostluft & BAFU
Verkehr;Strassenverkehr;Gray;18;#1A1A1A;2025;NH3;Jahresmenge;t/a;127.68048380630782;Ostluft & BAFU
Verkehr;verschiedene;Gray;20;#7F7F7F;2025;NH3;Jahresmenge;t/a;0.03881065232235412;Ostluft & BAFU
Dienstleistungen;verschiedene;Gold;1;#A67C00;2025;NMVOC;Jahresmenge;t/a;176.9786542837157;Ostluft & BAFU
Haushalte;Lösungsmittel;Green;6;#6B917D;2025;NMVOC;Jahresmenge;t/a;1304.5890786364323;Ostluft & BAFU
Haushalte;verschiedene;Green;5;#4A6E67;2025;NMVOC;Jahresmenge;t/a;268.01910207295924;Ostluft & BAFU
Industrie;Lösungsmittel;Blue;9;#293961;2025;NMVOC;Jahresmenge;t/a;3549.186911714723;Ostluft & BAFU
Industrie;Flächenquellen;Blue;11;#5A709E;2025;NMVOC;Jahresmenge;t/a;859.7048577126114;Ostluft & BAFU
Industrie;verschiedene;Blue;10;#2B4577;2025;NMVOC;Jahresmenge;t/a;773.7397442922158;Ostluft & BAFU
Land- und Forstw.;verschiedene;Purple;14;#3C096C;2025;NMVOC;Jahresmenge;t/a;1045.913663902718;Ostluft & BAFU
Verkehr;Zonenverkehr;Gray;19;#4C4C4C;2025;NMVOC;Jahresmenge;t/a;820.0409573654332;Ostluft & BAFU
Verkehr;Strassenverkehr;Gray;18;#1A1A1A;2025;NMVOC;Jahresmenge;t/a;496.8885207104337;Ostluft & BAFU
Verkehr;verschiedene;Gray;20;#7F7F7F;2025;NMVOC;Jahresmenge;t/a;329.90534133966594;Ostluft & BAFU
natürl. Emissionen;Wälder;natural;23;#636B2F;2025;NMVOC;Jahresmenge;t/a;4292.791981103365;Ostluft & BAFU
Dienstleistungen;Feuerungen Öl & Gas;Gold;2;#FFBF00;2025;NOx;Jahresmenge;t/a;264.7865991938601;Ostluft & BAFU
Dienstleistungen;verschiedene;Gold;1;#A67C00;2025;NOx;Jahresmenge;t/a;254.228861643729;Ostluft & BAFU
Haushalte;Feuerungen Öl & Gas;Green;7;#95B39A;2025;NOx;Jahresmenge;t/a;222.3311781715522;Ostluft & BAFU
Haushalte;verschiedene;Green;5;#4A6E67;2025;NOx;Jahresmenge;t/a;160.07725147318376;Ostluft & BAFU
Industrie;verschiedene;Blue;10;#2B4577;2025;NOx;Jahresmenge;t/a;847.3378050780424;Ostluft & BAFU
Land- und Forstw.;verschiedene;Purple;14;#3C096C;2025;NOx;Jahresmenge;t/a;324.3218706546609;Ostluft & BAFU
Verkehr;Strassenverkehr;Gray;18;#1A1A1A;2025;NOx;Jahresmenge;t/a;3132.1629450355936;Ostluft & BAFU
Verkehr;Flugverkehr;Gray;21;#B2B2B2;2025;NOx;Jahresmenge;t/a;1600.5204666844952;Ostluft & BAFU
Verkehr;verschiedene;Gray;20;#7F7F7F;2025;NOx;Jahresmenge;t/a;238.00760884969418;Ostluft & BAFU
Dienstleistungen;Feuerungen Holz & Kohle;Gold;3;#FFD447;2025;PM10;Jahresmenge;t/a;78.74132201083847;Ostluft & BAFU
Dienstleistungen;verschiedene;Gold;1;#A67C00;2025;PM10;Jahresmenge;t/a;3.5171168097540493;Ostluft & BAFU
Haushalte;verschiedene;Green;5;#4A6E67;2025;PM10;Jahresmenge;t/a;133.47973412806434;Ostluft & BAFU
Haushalte;Feuerungen Holz & Kohle;Green;4;#354F52;2025;PM10;Jahresmenge;t/a;118.24670584793056;Ostluft & BAFU
Industrie;Baumaschinen;Blue;12;#9EAACC;2025;PM10;Jahresmenge;t/a;273.2468735489964;Ostluft & BAFU
Industrie;Flächenquellen;Blue;11;#5A709E;2025;PM10;Jahresmenge;t/a;130.15409024861884;Ostluft & BAFU
Industrie;verschiedene;Blue;10;#2B4577;2025;PM10;Jahresmenge;t/a;7.885677268738408;Ostluft & BAFU
Land- und Forstw.;verschiedene;Purple;14;#3C096C;2025;PM10;Jahresmenge;t/a;147.38954266253438;Ostluft & BAFU
Verkehr;Strassenverkehr;Gray;18;#1A1A1A;2025;PM10;Jahresmenge;t/a;448.65347128470114;Ostluft & BAFU
Verkehr;Schienenverkehr;Gray;22;#E5E5E5;2025;PM10;Jahresmenge;t/a;167.72996441349827;Ostluft & BAFU
Verkehr;verschiedene;Gray;20;#7F7F7F;2025;PM10;Jahresmenge;t/a;26.99800897863296;Ostluft & BAFU
Dienstleistungen;Feuerungen Holz & Kohle;Gold;3;#FFD447;2025;PM2.5;Jahresmenge;t/a;73.93364273917625;Ostluft & BAFU
Dienstleistungen;verschiedene;Gold;1;#A67C00;2025;PM2.5;Jahresmenge;t/a;3.5171168097540493;Ostluft & BAFU
Haushalte;Feuerungen Holz & Kohle;Green;4;#354F52;2025;PM2.5;Jahresmenge;t/a;111.49391023211503;Ostluft & BAFU
Haushalte;Private etc;Green;8;#CAD2C5;2025;PM2.5;Jahresmenge;t/a;77.06217026203774;Ostluft & BAFU
Haushalte;verschiedene;Green;5;#4A6E67;2025;PM2.5;Jahresmenge;t/a;21.319895073552715;Ostluft & BAFU
Industrie;Flächenquellen;Blue;11;#5A709E;2025;PM2.5;Jahresmenge;t/a;63.76703594944731;Ostluft & BAFU
Industrie;verschiedene;Blue;10;#2B4577;2025;PM2.5;Jahresmenge;t/a;50.49435721638864;Ostluft & BAFU
Land- und Forstw.;verschiedene;Purple;14;#3C096C;2025;PM2.5;Jahresmenge;t/a;34.659902549575186;Ostluft & BAFU
Verkehr;Strassenverkehr;Gray;18;#1A1A1A;2025;PM2.5;Jahresmenge;t/a;185.4935206851957;Ostluft & BAFU
Verkehr;verschiedene;Gray;20;#7F7F7F;2025;PM2.5;Jahresmenge;t/a;44.96244000205591;Ostluft & BAFU
Dienstleistungen;verschiedene;Gold;1;#A67C00;2025;SO2;Jahresmenge;t/a;11.208497291003166;Ostluft & BAFU
Dienstleistungen;Feuerungen Öl & Gas;Gold;2;#FFBF00;2025;SO2;Jahresmenge;t/a;3.690007073884089;Ostluft & BAFU
Haushalte;verschiedene;Green;5;#4A6E67;2025;SO2;Jahresmenge;t/a;14.891587511825705;Ostluft & BAFU
Haushalte;Feuerungen Öl & Gas;Green;7;#95B39A;2025;SO2;Jahresmenge;t/a;5.98104318904176;Ostluft & BAFU
Industrie;Kehrichtverbrennungsanlagen;Blue;13;#E3E4FA;2025;SO2;Jahresmenge;t/a;38.50426804716493;Ostluft & BAFU
Industrie;Flächenquellen;Blue;11;#5A709E;2025;SO2;Jahresmenge;t/a;29.466301032207397;Ostluft & BAFU
Industrie;verschiedene;Blue;10;#2B4577;2025;SO2;Jahresmenge;t/a;10.025079732844793;Ostluft & BAFU
Land- und Forstw.;verschiedene;Purple;14;#3C096C;2025;SO2;Jahresmenge;t/a;1.1683164934652557;Ostluft & BAFU
Verkehr;Flugverkehr;Gray;21;#B2B2B2;2025;SO2;Jahresmenge;t/a;115.04719600000001;Ostluft & BAFU
Verkehr;Strassenverkehr;Gray;18;#1A1A1A;2025;SO2;Jahresmenge;t/a;7.984996376688432;Ostluft & BAFU
Verkehr;verschiedene;Gray;20;#7F7F7F;2025;SO2;Jahresmenge;t/a;0.2835557532595837;Ostluft & BAFU
Dienstleistungen;Feuerungen Holz & Kohle;Gold;3;#FFD447;2025;eBC;Jahresmenge;t/a;13.666226406217469;Ostluft & BAFU
Dienstleistungen;verschiedene;Gold;1;#A67C00;2025;eBC;Jahresmenge;t/a;0.29363943898912515;Ostluft & BAFU
Haushalte;Feuerungen Holz & Kohle;Green;4;#354F52;2025;eBC;Jahresmenge;t/a;30.377155468810066;Ostluft & BAFU
Haushalte;verschiedene;Green;5;#4A6E67;2025;eBC;Jahresmenge;t/a;4.015170874774057;Ostluft & BAFU
Industrie;verschiedene;Blue;10;#2B4577;2025;eBC;Jahresmenge;t/a;3.2869836669914667;Ostluft & BAFU
Land- und Forstw.;verschiedene;Purple;14;#3C096C;2025;eBC;Jahresmenge;t/a;6.042132690530717;Ostluft & BAFU
Verkehr;Strassenverkehr;Gray;18;#1A1A1A;2025;eBC;Jahresmenge;t/a;26.588162622683065;Ostluft & BAFU
Verkehr;verschiedene;Gray;20;#7F7F7F;2025;eBC;Jahresmenge;t/a;7.333711376903549;Ostluft & BAFU
